id,split,feature,raw,train_standardized_float64,train_standardized_float32
1mug8n6,train,ont_domain_density,0.041666666666666664,-0.39878684145662124,-0.39878684282302856
1mug8n6,train,ont_total_negativo_mentions,0.0,-0.21001172000820306,-0.21001172065734863
1mug8n6,train,ont_InteligenciaArtificial_Negativo,0.0,-0.19168298382244495,-0.19168297946453094
1mug8n6,train,ont_Innovacion_Neutro,0.0,-0.16443598256119465,-0.1644359827041626
1mug8n6,train,ont_Etica_Negativo,0.0,-0.06834085335022719,-0.06834085285663605
1mug8n6,train,ont_Tecnologia_Neutro,0.0,-0.27668578554642986,-0.27668577432632446
1n111of,train,ont_domain_density,0.034482758620689655,-0.5276420206635636,-0.527642011642456
1n111of,train,ont_total_negativo_mentions,0.0,-0.21001172000820306,-0.21001172065734863
1n111of,train,ont_InteligenciaArtificial_Negativo,0.0,-0.19168298382244495,-0.19168297946453094
1n111of,train,ont_Innovacion_Neutro,0.0,-0.16443598256119465,-0.1644359827041626
1n111of,train,ont_Etica_Negativo,0.0,-0.06834085335022719,-0.06834085285663605
1n111of,train,ont_Tecnologia_Neutro,0.0,-0.27668578554642986,-0.27668577432632446
1n07dr6,train,ont_domain_density,0.0,-1.146146880856887,-1.1461468935012817
1n07dr6,train,ont_total_negativo_mentions,0.0,-0.21001172000820306,-0.21001172065734863
1n07dr6,train,ont_InteligenciaArtificial_Negativo,0.0,-0.19168298382244495,-0.19168297946453094
1n07dr6,train,ont_Innovacion_Neutro,0.0,-0.16443598256119465,-0.1644359827041626
1n07dr6,train,ont_Etica_Negativo,0.0,-0.06834085335022719,-0.06834085285663605
1n07dr6,train,ont_Tecnologia_Neutro,0.0,-0.27668578554642986,-0.27668577432632446
1n07zib,train,ont_domain_density,0.0,-1.146146880856887,-1.1461468935012817
1n07zib,train,ont_total_negativo_mentions,0.0,-0.21001172000820306,-0.21001172065734863
1n07zib,train,ont_InteligenciaArtificial_Negativo,0.0,-0.19168298382244495,-0.19168297946453094
1n07zib,train,ont_Innovacion_Neutro,0.0,-0.16443598256119465,-0.1644359827041626
1n07zib,train,ont_Etica_Negativo,0.0,-0.06834085335022719,-0.06834085285663605
1n07zib,train,ont_Tecnologia_Neutro,0.0,-0.27668578554642986,-0.27668577432632446
1mwq1az,train,ont_domain_density,0.05555555555555555,-0.14966682832319925,-0.14966683089733124
1mwq1az,train,ont_total_negativo_mentions,0.0,-0.21001172000820306,-0.21001172065734863
1mwq1az,train,ont_InteligenciaArtificial_Negativo,0.0,-0.19168298382244495,-0.19168297946453094
1mwq1az,train,ont_Innovacion_Neutro,0.0,-0.16443598256119465,-0.1644359827041626
1mwq1az,train,ont_Etica_Negativo,0.0,-0.06834085335022719,-0.06834085285663605
1mwq1az,train,ont_Tecnologia_Neutro,0.0,-0.27668578554642986,-0.27668577432632446
1mxx49c,train,ont_domain_density,0.08333333333333333,0.3485731979436447,0.3485732078552246
1mxx49c,train,ont_total_negativo_mentions,0.0,-0.21001172000820306,-0.21001172065734863
1mxx49c,train,ont_InteligenciaArtificial_Negativo,0.0,-0.19168298382244495,-0.19168297946453094
1mxx49c,train,ont_Innovacion_Neutro,0.0,-0.16443598256119465,-0.1644359827041626
1mxx49c,train,ont_Etica_Negativo,0.0,-0.06834085335022719,-0.06834085285663605
1mxx49c,train,ont_Tecnologia_Neutro,0.0,-0.27668578554642986,-0.27668577432632446
1mpccws,train,ont_domain_density,0.0,-1.146146880856887,-1.1461468935012817
1mpccws,train,ont_total_negativo_mentions,0.0,-0.21001172000820306,-0.21001172065734863
1mpccws,train,ont_InteligenciaArtificial_Negativo,0.0,-0.19168298382244495,-0.19168297946453094
1mpccws,train,ont_Innovacion_Neutro,0.0,-0.16443598256119465,-0.1644359827041626
1mpccws,train,ont_Etica_Negativo,0.0,-0.06834085335022719,-0.06834085285663605
1mpccws,train,ont_Tecnologia_Neutro,0.0,-0.27668578554642986,-0.27668577432632446
1n0zrz4,train,ont_domain_density,0.06666666666666667,0.04962918218353839,0.04962918162345886
1n0zrz4,train,ont_total_negativo_mentions,0.0,-0.21001172000820306,-0.21001172065734863
1n0zrz4,train,ont_InteligenciaArtificial_Negativo,0.0,-0.19168298382244495,-0.19168297946453094
1n0zrz4,train,ont_Innovacion_Neutro,0.0,-0.16443598256119465,-0.1644359827041626
1n0zrz4,train,ont_Etica_Negativo,0.0,-0.06834085335022719,-0.06834085285663605
1n0zrz4,train,ont_Tecnologia_Neutro,0.0,-0.27668578554642986,-0.27668577432632446
1n0xrbd,train,ont_domain_density,0.08333333333333333,0.3485731979436447,0.3485732078552246
1n0xrbd,train,ont_total_negativo_mentions,0.0,-0.21001172000820306,-0.21001172065734863
1n0xrbd,train,ont_InteligenciaArtificial_Negativo,0.0,-0.19168298382244495,-0.19168297946453094
1n0xrbd,train,ont_Innovacion_Neutro,0.0,-0.16443598256119465,-0.1644359827041626
1n0xrbd,train,ont_Etica_Negativo,0.0,-0.06834085335022719,-0.06834085285663605
1n0xrbd,train,ont_Tecnologia_Neutro,1.0,1.2450860349589343,1.2450860738754272
1mwze3i,train,ont_domain_density,0.004651162790697674,-1.0627206439005783,-1.0627206563949585
1mwze3i,train,ont_total_negativo_mentions,0.0,-0.21001172000820306,-0.21001172065734863
1mwze3i,train,ont_InteligenciaArtificial_Negativo,0.0,-0.19168298382244495,-0.19168297946453094
1mwze3i,train,ont_Innovacion_Neutro,0.0,-0.16443598256119465,-0.1644359827041626
1mwze3i,train,ont_Etica_Negativo,0.0,-0.06834085335022719,-0.06834085285663605
1mwze3i,train,ont_Tecnologia_Neutro,0.0,-0.27668578554642986,-0.27668577432632446
1mztu7g,train,ont_domain_density,0.2222222222222222,2.8397733292778646,2.839773416519165
1mztu7g,train,ont_total_negativo_mentions,0.0,-0.21001172000820306,-0.21001172065734863
1mztu7g,train,ont_InteligenciaArtificial_Negativo,0.0,-0.19168298382244495,-0.19168297946453094
1mztu7g,train,ont_Innovacion_Neutro,0.0,-0.16443598256119465,-0.1644359827041626
1mztu7g,train,ont_Etica_Negativo,0.0,-0.06834085335022719,-0.06834085285663605
1mztu7g,train,ont_Tecnologia_Neutro,0.0,-0.27668578554642986,-0.27668577432632446
1my0vmx,train,ont_domain_density,0.07692307692307693,0.23359473034360395,0.23359473049640656
1my0vmx,train,ont_total_negativo_mentions,0.0,-0.21001172000820306,-0.21001172065734863
1my0vmx,train,ont_InteligenciaArtificial_Negativo,0.0,-0.19168298382244495,-0.19168297946453094
1my0vmx,train,ont_Innovacion_Neutro,2.0,10.813083404972351,10.81308364868164
1my0vmx,train,ont_Etica_Negativo,0.0,-0.06834085335022719,-0.06834085285663605
1my0vmx,train,ont_Tecnologia_Neutro,0.0,-0.27668578554642986,-0.27668577432632446
1n1sp4y,train,ont_domain_density,0.08333333333333333,0.3485731979436447,0.3485732078552246
1n1sp4y,train,ont_total_negativo_mentions,0.0,-0.21001172000820306,-0.21001172065734863
1n1sp4y,train,ont_InteligenciaArtificial_Negativo,0.0,-0.19168298382244495,-0.19168297946453094
1n1sp4y,train,ont_Innovacion_Neutro,0.0,-0.16443598256119465,-0.1644359827041626
1n1sp4y,train,ont_Etica_Negativo,0.0,-0.06834085335022719,-0.06834085285663605
1n1sp4y,train,ont_Tecnologia_Neutro,1.0,1.2450860349589343,1.2450860738754272
1mwdpoy,train,ont_domain_density,0.13333333333333333,1.245405245223964,1.2454051971435547
1mwdpoy,train,ont_total_negativo_mentions,0.0,-0.21001172000820306,-0.21001172065734863
1mwdpoy,train,ont_InteligenciaArtificial_Negativo,0.0,-0.19168298382244495,-0.19168297946453094
1mwdpoy,train,ont_Innovacion_Neutro,0.0,-0.16443598256119465,-0.1644359827041626
1mwdpoy,train,ont_Etica_Negativo,0.0,-0.06834085335022719,-0.06834085285663605
1mwdpoy,train,ont_Tecnologia_Neutro,0.0,-0.27668578554642986,-0.27668577432632446
1n0joca,train,ont_domain_density,0.09090909090909091,0.4844568414709659,0.4844568371772766
1n0joca,train,ont_total_negativo_mentions,0.0,-0.21001172000820306,-0.21001172065734863
1n0joca,train,ont_InteligenciaArtificial_Negativo,0.0,-0.19168298382244495,-0.19168297946453094
1n0joca,train,ont_Innovacion_Neutro,0.0,-0.16443598256119465,-0.1644359827041626
1n0joca,train,ont_Etica_Negativo,0.0,-0.06834085335022719,-0.06834085285663605
1n0joca,train,ont_Tecnologia_Neutro,0.0,-0.27668578554642986,-0.27668577432632446
1munjuu,train,ont_domain_density,0.0,-1.146146880856887,-1.1461468935012817
1munjuu,train,ont_total_negativo_mentions,0.0,-0.21001172000820306,-0.21001172065734863
1munjuu,train,ont_InteligenciaArtificial_Negativo,0.0,-0.19168298382244495,-0.19168297946453094
1munjuu,train,ont_Innovacion_Neutro,0.0,-0.16443598256119465,-0.1644359827041626
1munjuu,train,ont_Etica_Negativo,0.0,-0.06834085335022719,-0.06834085285663605
1munjuu,train,ont_Tecnologia_Neutro,0.0,-0.27668578554642986,-0.27668577432632446
1my13or,train,ont_domain_density,0.05263157894736842,-0.20211314687760387,-0.20211315155029297
1my13or,train,ont_total_negativo_mentions,0.0,-0.21001172000820306,-0.21001172065734863
1my13or,train,ont_InteligenciaArtificial_Negativo,0.0,-0.19168298382244495,-0.19168297946453094
1my13or,train,ont_Innovacion_Neutro,0.0,-0.16443598256119465,-0.1644359827041626
1my13or,train,ont_Etica_Negativo,0.0,-0.06834085335022719,-0.06834085285663605
1my13or,train,ont_Tecnologia_Neutro,1.0,1.2450860349589343,1.2450860738754272
1my86as,train,ont_domain_density,0.09090909090909091,0.4844568414709659,0.4844568371772766
1my86as,train,ont_total_negativo_mentions,0.0,-0.21001172000820306,-0.21001172065734863
1my86as,train,ont_InteligenciaArtificial_Negativo,0.0,-0.19168298382244495,-0.19168297946453094
1my86as,train,ont_Innovacion_Neutro,0.0,-0.16443598256119465,-0.1644359827041626
1my86as,train,ont_Etica_Negativo,0.0,-0.06834085335022719,-0.06834085285663605
1my86as,train,ont_Tecnologia_Neutro,0.0,-0.27668578554642986,-0.27668577432632446
1mue9yv,train,ont_domain_density,0.07142857142857142,0.1350417581149973,0.1350417584180832
1mue9yv,train,ont_total_negativo_mentions,0.0,-0.21001172000820306,-0.21001172065734863
1mue9yv,train,ont_InteligenciaArtificial_Negativo,0.0,-0.19168298382244495,-0.19168297946453094
1mue9yv,train,ont_Innovacion_Neutro,0.0,-0.16443598256119465,-0.1644359827041626
1mue9yv,train,ont_Etica_Negativo,0.0,-0.06834085335022719,-0.06834085285663605
1mue9yv,train,ont_Tecnologia_Neutro,0.0,-0.27668578554642986,-0.27668577432632446
1n2vnfd,train,ont_domain_density,0.07142857142857142,0.1350417581149973,0.1350417584180832
1n2vnfd,train,ont_total_negativo_mentions,0.0,-0.21001172000820306,-0.21001172065734863
1n2vnfd,train,ont_InteligenciaArtificial_Negativo,0.0,-0.19168298382244495,-0.19168297946453094
1n2vnfd,train,ont_Innovacion_Neutro,0.0,-0.16443598256119465,-0.1644359827041626
1n2vnfd,train,ont_Etica_Negativo,0.0,-0.06834085335022719,-0.06834085285663605
1n2vnfd,train,ont_Tecnologia_Neutro,0.0,-0.27668578554642986,-0.27668577432632446
1n35fvl,train,ont_domain_density,0.08333333333333333,0.3485731979436447,0.3485732078552246
1n35fvl,train,ont_total_negativo_mentions,0.0,-0.21001172000820306,-0.21001172065734863
1n35fvl,train,ont_InteligenciaArtificial_Negativo,0.0,-0.19168298382244495,-0.19168297946453094
1n35fvl,train,ont_Innovacion_Neutro,0.0,-0.16443598256119465,-0.1644359827041626
1n35fvl,train,ont_Etica_Negativo,0.0,-0.06834085335022719,-0.06834085285663605
1n35fvl,train,ont_Tecnologia_Neutro,0.0,-0.27668578554642986,-0.27668577432632446
1n1n0xg,train,ont_domain_density,0.2222222222222222,2.8397733292778646,2.839773416519165
1n1n0xg,train,ont_total_negativo_mentions,0.0,-0.21001172000820306,-0.21001172065734863
1n1n0xg,train,ont_InteligenciaArtificial_Negativo,0.0,-0.19168298382244495,-0.19168297946453094
1n1n0xg,train,ont_Innovacion_Neutro,0.0,-0.16443598256119465,-0.1644359827041626
1n1n0xg,train,ont_Etica_Negativo,0.0,-0.06834085335022719,-0.06834085285663605
1n1n0xg,train,ont_Tecnologia_Neutro,0.0,-0.27668578554642986,-0.27668577432632446
1n1e17v,train,ont_domain_density,0.037037037037037035,-0.48182684583442853,-0.4818268418312073
1n1e17v,train,ont_total_negativo_mentions,0.0,-0.21001172000820306,-0.21001172065734863
1n1e17v,train,ont_InteligenciaArtificial_Negativo,0.0,-0.19168298382244495,-0.19168297946453094
1n1e17v,train,ont_Innovacion_Neutro,0.0,-0.16443598256119465,-0.1644359827041626
1n1e17v,train,ont_Etica_Negativo,0.0,-0.06834085335022719,-0.06834085285663605
1n1e17v,train,ont_Tecnologia_Neutro,0.0,-0.27668578554642986,-0.27668577432632446
1mx9c6w,train,ont_domain_density,0.14285714285714285,1.4162303970868817,1.4162304401397705
1mx9c6w,train,ont_total_negativo_mentions,0.0,-0.21001172000820306,-0.21001172065734863
1mx9c6w,train,ont_InteligenciaArtificial_Negativo,0.0,-0.19168298382244495,-0.19168297946453094
1mx9c6w,train,ont_Innovacion_Neutro,0.0,-0.16443598256119465,-0.1644359827041626
1mx9c6w,train,ont_Etica_Negativo,0.0,-0.06834085335022719,-0.06834085285663605
1mx9c6w,train,ont_Tecnologia_Neutro,0.0,-0.27668578554642986,-0.27668577432632446
1n3gogj,train,ont_domain_density,0.125,1.0959332373439108,1.095933198928833
1n3gogj,train,ont_total_negativo_mentions,0.0,-0.21001172000820306,-0.21001172065734863
1n3gogj,train,ont_InteligenciaArtificial_Negativo,0.0,-0.19168298382244495,-0.19168297946453094
1n3gogj,train,ont_Innovacion_Neutro,0.0,-0.16443598256119465,-0.1644359827041626
1n3gogj,train,ont_Etica_Negativo,0.0,-0.06834085335022719,-0.06834085285663605
1n3gogj,train,ont_Tecnologia_Neutro,0.0,-0.27668578554642986,-0.27668577432632446
1mslmsu,train,ont_domain_density,0.0,-1.146146880856887,-1.1461468935012817
1mslmsu,train,ont_total_negativo_mentions,0.0,-0.21001172000820306,-0.21001172065734863
1mslmsu,train,ont_InteligenciaArtificial_Negativo,0.0,-0.19168298382244495,-0.19168297946453094
1mslmsu,train,ont_Innovacion_Neutro,0.0,-0.16443598256119465,-0.1644359827041626
1mslmsu,train,ont_Etica_Negativo,0.0,-0.06834085335022719,-0.06834085285663605
1mslmsu,train,ont_Tecnologia_Neutro,0.0,-0.27668578554642986,-0.27668577432632446
1my67y2,train,ont_domain_density,0.0625,-0.025106821756488196,-0.025106821209192276
1my67y2,train,ont_total_negativo_mentions,0.0,-0.21001172000820306,-0.21001172065734863
1my67y2,train,ont_InteligenciaArtificial_Negativo,0.0,-0.19168298382244495,-0.19168297946453094
1my67y2,train,ont_Innovacion_Neutro,0.0,-0.16443598256119465,-0.1644359827041626
1my67y2,train,ont_Etica_Negativo,0.0,-0.06834085335022719,-0.06834085285663605
1my67y2,train,ont_Tecnologia_Neutro,0.0,-0.27668578554642986,-0.27668577432632446
1n39yai,train,ont_domain_density,0.025,-0.6977308572167276,-0.6977308392524719
1n39yai,train,ont_total_negativo_mentions,0.0,-0.21001172000820306,-0.21001172065734863
1n39yai,train,ont_InteligenciaArtificial_Negativo,0.0,-0.19168298382244495,-0.19168297946453094
1n39yai,train,ont_Innovacion_Neutro,0.0,-0.16443598256119465,-0.1644359827041626
1n39yai,train,ont_Etica_Negativo,0.0,-0.06834085335022719,-0.06834085285663605
1n39yai,train,ont_Tecnologia_Neutro,1.0,1.2450860349589343,1.2450860738754272
1n044bl,train,ont_domain_density,0.0,-1.146146880856887,-1.1461468935012817
1n044bl,train,ont_total_negativo_mentions,0.0,-0.21001172000820306,-0.21001172065734863
1n044bl,train,ont_InteligenciaArtificial_Negativo,0.0,-0.19168298382244495,-0.19168297946453094
1n044bl,train,ont_Innovacion_Neutro,0.0,-0.16443598256119465,-0.1644359827041626
1n044bl,train,ont_Etica_Negativo,0.0,-0.06834085335022719,-0.06834085285663605
1n044bl,train,ont_Tecnologia_Neutro,0.0,-0.27668578554642986,-0.27668577432632446
1n33b7m,train,ont_domain_density,0.1111111111111111,0.8468132242104887,0.8468132019042969
1n33b7m,train,ont_total_negativo_mentions,0.0,-0.21001172000820306,-0.21001172065734863
1n33b7m,train,ont_InteligenciaArtificial_Negativo,0.0,-0.19168298382244495,-0.19168297946453094
1n33b7m,train,ont_Innovacion_Neutro,0.0,-0.16443598256119465,-0.1644359827041626
1n33b7m,train,ont_Etica_Negativo,0.0,-0.06834085335022719,-0.06834085285663605
1n33b7m,train,ont_Tecnologia_Neutro,0.0,-0.27668578554642986,-0.27668577432632446
1n1r9xa,train,ont_domain_density,0.15384615384615385,1.613336341544095,1.6133363246917725
1n1r9xa,train,ont_total_negativo_mentions,0.0,-0.21001172000820306,-0.21001172065734863
1n1r9xa,train,ont_InteligenciaArtificial_Negativo,0.0,-0.19168298382244495,-0.19168297946453094
1n1r9xa,train,ont_Innovacion_Neutro,0.0,-0.16443598256119465,-0.1644359827041626
1n1r9xa,train,ont_Etica_Negativo,0.0,-0.06834085335022719,-0.06834085285663605
1n1r9xa,train,ont_Tecnologia_Neutro,0.0,-0.27668578554642986,-0.27668577432632446
1n0ujim,train,ont_domain_density,0.01639344262295082,-0.8521035866666185,-0.852103590965271
1n0ujim,train,ont_total_negativo_mentions,0.0,-0.21001172000820306,-0.21001172065734863
1n0ujim,train,ont_InteligenciaArtificial_Negativo,0.0,-0.19168298382244495,-0.19168297946453094
1n0ujim,train,ont_Innovacion_Neutro,0.0,-0.16443598256119465,-0.1644359827041626
1n0ujim,train,ont_Etica_Negativo,0.0,-0.06834085335022719,-0.06834085285663605
1n0ujim,train,ont_Tecnologia_Neutro,0.0,-0.27668578554642986,-0.27668577432632446
1n1lz4s,train,ont_domain_density,0.1111111111111111,0.8468132242104887,0.8468132019042969
1n1lz4s,train,ont_total_negativo_mentions,0.0,-0.21001172000820306,-0.21001172065734863
1n1lz4s,train,ont_InteligenciaArtificial_Negativo,0.0,-0.19168298382244495,-0.19168297946453094
1n1lz4s,train,ont_Innovacion_Neutro,0.0,-0.16443598256119465,-0.1644359827041626
1n1lz4s,train,ont_Etica_Negativo,0.0,-0.06834085335022719,-0.06834085285663605
1n1lz4s,train,ont_Tecnologia_Neutro,0.0,-0.27668578554642986,-0.27668577432632446
1n1dz6v,train,ont_domain_density,0.07692307692307693,0.23359473034360395,0.23359473049640656
1n1dz6v,train,ont_total_negativo_mentions,0.0,-0.21001172000820306,-0.21001172065734863
1n1dz6v,train,ont_InteligenciaArtificial_Negativo,0.0,-0.19168298382244495,-0.19168297946453094
1n1dz6v,train,ont_Innovacion_Neutro,0.0,-0.16443598256119465,-0.1644359827041626
1n1dz6v,train,ont_Etica_Negativo,0.0,-0.06834085335022719,-0.06834085285663605
1n1dz6v,train,ont_Tecnologia_Neutro,0.0,-0.27668578554642986,-0.27668577432632446
1myzfk0,train,ont_domain_density,0.0,-1.146146880856887,-1.1461468935012817
1myzfk0,train,ont_total_negativo_mentions,0.0,-0.21001172000820306,-0.21001172065734863
1myzfk0,train,ont_InteligenciaArtificial_Negativo,0.0,-0.19168298382244495,-0.19168297946453094
1myzfk0,train,ont_Innovacion_Neutro,0.0,-0.16443598256119465,-0.1644359827041626
1myzfk0,train,ont_Etica_Negativo,0.0,-0.06834085335022719,-0.06834085285663605
1myzfk0,train,ont_Tecnologia_Neutro,0.0,-0.27668578554642986,-0.27668577432632446
1msqibm,train,ont_domain_density,0.041666666666666664,-0.39878684145662124,-0.39878684282302856
1msqibm,train,ont_total_negativo_mentions,0.0,-0.21001172000820306,-0.21001172065734863
1msqibm,train,ont_InteligenciaArtificial_Negativo,0.0,-0.19168298382244495,-0.19168297946453094
1msqibm,train,ont_Innovacion_Neutro,0.0,-0.16443598256119465,-0.1644359827041626
1msqibm,train,ont_Etica_Negativo,0.0,-0.06834085335022719,-0.06834085285663605
1msqibm,train,ont_Tecnologia_Neutro,0.0,-0.27668578554642986,-0.27668577432632446
1mzusfx,train,ont_domain_density,0.125,1.0959332373439108,1.095933198928833
1mzusfx,train,ont_total_negativo_mentions,0.0,-0.21001172000820306,-0.21001172065734863
1mzusfx,train,ont_InteligenciaArtificial_Negativo,0.0,-0.19168298382244495,-0.19168297946453094
1mzusfx,train,ont_Innovacion_Neutro,0.0,-0.16443598256119465,-0.1644359827041626
1mzusfx,train,ont_Etica_Negativo,0.0,-0.06834085335022719,-0.06834085285663605
1mzusfx,train,ont_Tecnologia_Neutro,1.0,1.2450860349589343,1.2450860738754272
1mw60e1,train,ont_domain_density,0.1,0.6475172137037513,0.647517204284668
1mw60e1,train,ont_total_negativo_mentions,0.0,-0.21001172000820306,-0.21001172065734863
1mw60e1,train,ont_InteligenciaArtificial_Negativo,0.0,-0.19168298382244495,-0.19168297946453094
1mw60e1,train,ont_Innovacion_Neutro,0.0,-0.16443598256119465,-0.1644359827041626
1mw60e1,train,ont_Etica_Negativo,0.0,-0.06834085335022719,-0.06834085285663605
1mw60e1,train,ont_Tecnologia_Neutro,0.0,-0.27668578554642986,-0.27668577432632446
1mzgln9,train,ont_domain_density,0.09090909090909091,0.4844568414709659,0.4844568371772766
1mzgln9,train,ont_total_negativo_mentions,0.0,-0.21001172000820306,-0.21001172065734863
1mzgln9,train,ont_InteligenciaArtificial_Negativo,0.0,-0.19168298382244495,-0.19168297946453094
1mzgln9,train,ont_Innovacion_Neutro,0.0,-0.16443598256119465,-0.1644359827041626
1mzgln9,train,ont_Etica_Negativo,0.0,-0.06834085335022719,-0.06834085285663605
1mzgln9,train,ont_Tecnologia_Neutro,1.0,1.2450860349589343,1.2450860738754272
1n3ebr1,train,ont_domain_density,0.007194244604316547,-1.0171062985143953,-1.017106294631958
1n3ebr1,train,ont_total_negativo_mentions,0.0,-0.21001172000820306,-0.21001172065734863
1n3ebr1,train,ont_InteligenciaArtificial_Negativo,0.0,-0.19168298382244495,-0.19168297946453094
1n3ebr1,train,ont_Innovacion_Neutro,0.0,-0.16443598256119465,-0.1644359827041626
1n3ebr1,train,ont_Etica_Negativo,0.0,-0.06834085335022719,-0.06834085285663605
1n3ebr1,train,ont_Tecnologia_Neutro,0.0,-0.27668578554642986,-0.27668577432632446
1mwpx1i,train,ont_domain_density,0.08333333333333333,0.3485731979436447,0.3485732078552246
1mwpx1i,train,ont_total_negativo_mentions,0.0,-0.21001172000820306,-0.21001172065734863
1mwpx1i,train,ont_InteligenciaArtificial_Negativo,0.0,-0.19168298382244495,-0.19168297946453094
1mwpx1i,train,ont_Innovacion_Neutro,0.0,-0.16443598256119465,-0.1644359827041626
1mwpx1i,train,ont_Etica_Negativo,0.0,-0.06834085335022719,-0.06834085285663605
1mwpx1i,train,ont_Tecnologia_Neutro,0.0,-0.27668578554642986,-0.27668577432632446
1n1m7ek,train,ont_domain_density,0.08333333333333333,0.3485731979436447,0.3485732078552246
1n1m7ek,train,ont_total_negativo_mentions,0.0,-0.21001172000820306,-0.21001172065734863
1n1m7ek,train,ont_InteligenciaArtificial_Negativo,0.0,-0.19168298382244495,-0.19168297946453094
1n1m7ek,train,ont_Innovacion_Neutro,0.0,-0.16443598256119465,-0.1644359827041626
1n1m7ek,train,ont_Etica_Negativo,0.0,-0.06834085335022719,-0.06834085285663605
1n1m7ek,train,ont_Tecnologia_Neutro,0.0,-0.27668578554642986,-0.27668577432632446
1n0jkq7,train,ont_domain_density,0.16666666666666666,1.8432932767441765,1.843293309211731
1n0jkq7,train,ont_total_negativo_mentions,1.0,3.1226332794662324,3.122633218765259
1n0jkq7,train,ont_InteligenciaArtificial_Negativo,1.0,4.333905512278206,4.3339056968688965
1n0jkq7,train,ont_Innovacion_Neutro,0.0,-0.16443598256119465,-0.1644359827041626
1n0jkq7,train,ont_Etica_Negativo,0.0,-0.06834085335022719,-0.06834085285663605
1n0jkq7,train,ont_Tecnologia_Neutro,0.0,-0.27668578554642986,-0.27668577432632446
1my9s6j,train,ont_domain_density,0.058823529411764705,-0.09105035464474698,-0.09105035662651062
1my9s6j,train,ont_total_negativo_mentions,0.0,-0.21001172000820306,-0.21001172065734863
1my9s6j,train,ont_InteligenciaArtificial_Negativo,0.0,-0.19168298382244495,-0.19168297946453094
1my9s6j,train,ont_Innovacion_Neutro,0.0,-0.16443598256119465,-0.1644359827041626
1my9s6j,train,ont_Etica_Negativo,0.0,-0.06834085335022719,-0.06834085285663605
1my9s6j,train,ont_Tecnologia_Neutro,0.0,-0.27668578554642986,-0.27668577432632446
1mwbrrx,train,ont_domain_density,0.09090909090909091,0.4844568414709659,0.4844568371772766
1mwbrrx,train,ont_total_negativo_mentions,0.0,-0.21001172000820306,-0.21001172065734863
1mwbrrx,train,ont_InteligenciaArtificial_Negativo,0.0,-0.19168298382244495,-0.19168297946453094
1mwbrrx,train,ont_Innovacion_Neutro,0.0,-0.16443598256119465,-0.1644359827041626
1mwbrrx,train,ont_Etica_Negativo,0.0,-0.06834085335022719,-0.06834085285663605
1mwbrrx,train,ont_Tecnologia_Neutro,0.0,-0.27668578554642986,-0.27668577432632446
1mvsvld,train,ont_domain_density,0.1,0.6475172137037513,0.647517204284668
1mvsvld,train,ont_total_negativo_mentions,0.0,-0.21001172000820306,-0.21001172065734863
1mvsvld,train,ont_InteligenciaArtificial_Negativo,0.0,-0.19168298382244495,-0.19168297946453094
1mvsvld,train,ont_Innovacion_Neutro,0.0,-0.16443598256119465,-0.1644359827041626
1mvsvld,train,ont_Etica_Negativo,0.0,-0.06834085335022719,-0.06834085285663605
1mvsvld,train,ont_Tecnologia_Neutro,0.0,-0.27668578554642986,-0.27668577432632446
1n0jmn0,train,ont_domain_density,0.06666666666666667,0.04962918218353839,0.04962918162345886
1n0jmn0,train,ont_total_negativo_mentions,0.0,-0.21001172000820306,-0.21001172065734863
1n0jmn0,train,ont_InteligenciaArtificial_Negativo,0.0,-0.19168298382244495,-0.19168297946453094
1n0jmn0,train,ont_Innovacion_Neutro,0.0,-0.16443598256119465,-0.1644359827041626
1n0jmn0,train,ont_Etica_Negativo,0.0,-0.06834085335022719,-0.06834085285663605
1n0jmn0,train,ont_Tecnologia_Neutro,0.0,-0.27668578554642986,-0.27668577432632446
1n0czt9,train,ont_domain_density,0.0,-1.146146880856887,-1.1461468935012817
1n0czt9,train,ont_total_negativo_mentions,0.0,-0.21001172000820306,-0.21001172065734863
1n0czt9,train,ont_InteligenciaArtificial_Negativo,0.0,-0.19168298382244495,-0.19168297946453094
1n0czt9,train,ont_Innovacion_Neutro,0.0,-0.16443598256119465,-0.1644359827041626
1n0czt9,train,ont_Etica_Negativo,0.0,-0.06834085335022719,-0.06834085285663605
1n0czt9,train,ont_Tecnologia_Neutro,0.0,-0.27668578554642986,-0.27668577432632446
1mztnyn,train,ont_domain_density,0.07692307692307693,0.23359473034360395,0.23359473049640656
1mztnyn,train,ont_total_negativo_mentions,0.0,-0.21001172000820306,-0.21001172065734863
1mztnyn,train,ont_InteligenciaArtificial_Negativo,0.0,-0.19168298382244495,-0.19168297946453094
1mztnyn,train,ont_Innovacion_Neutro,0.0,-0.16443598256119465,-0.1644359827041626
1mztnyn,train,ont_Etica_Negativo,0.0,-0.06834085335022719,-0.06834085285663605
1mztnyn,train,ont_Tecnologia_Neutro,0.0,-0.27668578554642986,-0.27668577432632446
1n1h3yt,train,ont_domain_density,0.07692307692307693,0.23359473034360395,0.23359473049640656
1n1h3yt,train,ont_total_negativo_mentions,0.0,-0.21001172000820306,-0.21001172065734863
1n1h3yt,train,ont_InteligenciaArtificial_Negativo,0.0,-0.19168298382244495,-0.19168297946453094
1n1h3yt,train,ont_Innovacion_Neutro,0.0,-0.16443598256119465,-0.1644359827041626
1n1h3yt,train,ont_Etica_Negativo,0.0,-0.06834085335022719,-0.06834085285663605
1n1h3yt,train,ont_Tecnologia_Neutro,0.0,-0.27668578554642986,-0.27668577432632446
1n3bayh,train,ont_domain_density,0.0,-1.146146880856887,-1.1461468935012817
1n3bayh,train,ont_total_negativo_mentions,0.0,-0.21001172000820306,-0.21001172065734863
1n3bayh,train,ont_InteligenciaArtificial_Negativo,0.0,-0.19168298382244495,-0.19168297946453094
1n3bayh,train,ont_Innovacion_Neutro,0.0,-0.16443598256119465,-0.1644359827041626
1n3bayh,train,ont_Etica_Negativo,0.0,-0.06834085335022719,-0.06834085285663605
1n3bayh,train,ont_Tecnologia_Neutro,0.0,-0.27668578554642986,-0.27668577432632446
1mvtff1,train,ont_domain_density,0.004484304932735426,-1.0657135133878002,-1.0657135248184204
1mvtff1,train,ont_total_negativo_mentions,0.0,-0.21001172000820306,-0.21001172065734863
1mvtff1,train,ont_InteligenciaArtificial_Negativo,0.0,-0.19168298382244495,-0.19168297946453094
1mvtff1,train,ont_Innovacion_Neutro,0.0,-0.16443598256119465,-0.1644359827041626
1mvtff1,train,ont_Etica_Negativo,0.0,-0.06834085335022719,-0.06834085285663605
1mvtff1,train,ont_Tecnologia_Neutro,0.0,-0.27668578554642986,-0.27668577432632446
1n019i8,train,ont_domain_density,0.0,-1.146146880856887,-1.1461468935012817
1n019i8,train,ont_total_negativo_mentions,0.0,-0.21001172000820306,-0.21001172065734863
1n019i8,train,ont_InteligenciaArtificial_Negativo,0.0,-0.19168298382244495,-0.19168297946453094
1n019i8,train,ont_Innovacion_Neutro,0.0,-0.16443598256119465,-0.1644359827041626
1n019i8,train,ont_Etica_Negativo,0.0,-0.06834085335022719,-0.06834085285663605
1n019i8,train,ont_Tecnologia_Neutro,0.0,-0.27668578554642986,-0.27668577432632446
1n2lala,train,ont_domain_density,0.058823529411764705,-0.09105035464474698,-0.09105035662651062
1n2lala,train,ont_total_negativo_mentions,0.0,-0.21001172000820306,-0.21001172065734863
1n2lala,train,ont_InteligenciaArtificial_Negativo,0.0,-0.19168298382244495,-0.19168297946453094
1n2lala,train,ont_Innovacion_Neutro,0.0,-0.16443598256119465,-0.1644359827041626
1n2lala,train,ont_Etica_Negativo,0.0,-0.06834085335022719,-0.06834085285663605
1n2lala,train,ont_Tecnologia_Neutro,0.0,-0.27668578554642986,-0.27668577432632446
1n2afj1,train,ont_domain_density,0.09523809523809523,0.5621046377722921,0.5621046423912048
1n2afj1,train,ont_total_negativo_mentions,0.0,-0.21001172000820306,-0.21001172065734863
1n2afj1,train,ont_InteligenciaArtificial_Negativo,0.0,-0.19168298382244495,-0.19168297946453094
1n2afj1,train,ont_Innovacion_Neutro,0.0,-0.16443598256119465,-0.1644359827041626
1n2afj1,train,ont_Etica_Negativo,0.0,-0.06834085335022719,-0.06834085285663605
1n2afj1,train,ont_Tecnologia_Neutro,0.0,-0.27668578554642986,-0.27668577432632446
1n348s3,train,ont_domain_density,0.0625,-0.025106821756488196,-0.025106821209192276
1n348s3,train,ont_total_negativo_mentions,0.0,-0.21001172000820306,-0.21001172065734863
1n348s3,train,ont_InteligenciaArtificial_Negativo,0.0,-0.19168298382244495,-0.19168297946453094
1n348s3,train,ont_Innovacion_Neutro,0.0,-0.16443598256119465,-0.1644359827041626
1n348s3,train,ont_Etica_Negativo,0.0,-0.06834085335022719,-0.06834085285663605
1n348s3,train,ont_Tecnologia_Neutro,0.0,-0.27668578554642986,-0.27668577432632446
1n1cejo,train,ont_domain_density,0.08333333333333333,0.3485731979436447,0.3485732078552246
1n1cejo,train,ont_total_negativo_mentions,0.0,-0.21001172000820306,-0.21001172065734863
1n1cejo,train,ont_InteligenciaArtificial_Negativo,0.0,-0.19168298382244495,-0.19168297946453094
1n1cejo,train,ont_Innovacion_Neutro,0.0,-0.16443598256119465,-0.1644359827041626
1n1cejo,train,ont_Etica_Negativo,0.0,-0.06834085335022719,-0.06834085285663605
1n1cejo,train,ont_Tecnologia_Neutro,0.0,-0.27668578554642986,-0.27668577432632446
1mxu739,train,ont_domain_density,0.07692307692307693,0.23359473034360395,0.23359473049640656
1mxu739,train,ont_total_negativo_mentions,0.0,-0.21001172000820306,-0.21001172065734863
1mxu739,train,ont_InteligenciaArtificial_Negativo,0.0,-0.19168298382244495,-0.19168297946453094
1mxu739,train,ont_Innovacion_Neutro,0.0,-0.16443598256119465,-0.1644359827041626
1mxu739,train,ont_Etica_Negativo,0.0,-0.06834085335022719,-0.06834085285663605
1mxu739,train,ont_Tecnologia_Neutro,0.0,-0.27668578554642986,-0.27668577432632446
1n352wd,train,ont_domain_density,0.18181818181818182,2.115060563798819,2.115060567855835
1n352wd,train,ont_total_negativo_mentions,0.0,-0.21001172000820306,-0.21001172065734863
1n352wd,train,ont_InteligenciaArtificial_Negativo,0.0,-0.19168298382244495,-0.19168297946453094
1n352wd,train,ont_Innovacion_Neutro,0.0,-0.16443598256119465,-0.1644359827041626
1n352wd,train,ont_Etica_Negativo,0.0,-0.06834085335022719,-0.06834085285663605
1n352wd,train,ont_Tecnologia_Neutro,0.0,-0.27668578554642986,-0.27668577432632446
1n0v5y7,train,ont_domain_density,0.07142857142857142,0.1350417581149973,0.1350417584180832
1n0v5y7,train,ont_total_negativo_mentions,0.0,-0.21001172000820306,-0.21001172065734863
1n0v5y7,train,ont_InteligenciaArtificial_Negativo,0.0,-0.19168298382244495,-0.19168297946453094
1n0v5y7,train,ont_Innovacion_Neutro,0.0,-0.16443598256119465,-0.1644359827041626
1n0v5y7,train,ont_Etica_Negativo,0.0,-0.06834085335022719,-0.06834085285663605
1n0v5y7,train,ont_Tecnologia_Neutro,0.0,-0.27668578554642986,-0.27668577432632446
1n0864p,train,ont_domain_density,0.09090909090909091,0.4844568414709659,0.4844568371772766
1n0864p,train,ont_total_negativo_mentions,0.0,-0.21001172000820306,-0.21001172065734863
1n0864p,train,ont_InteligenciaArtificial_Negativo,0.0,-0.19168298382244495,-0.19168297946453094
1n0864p,train,ont_Innovacion_Neutro,0.0,-0.16443598256119465,-0.1644359827041626
1n0864p,train,ont_Etica_Negativo,0.0,-0.06834085335022719,-0.06834085285663605
1n0864p,train,ont_Tecnologia_Neutro,0.0,-0.27668578554642986,-0.27668577432632446
1myi64u,train,ont_domain_density,0.125,1.0959332373439108,1.095933198928833
1myi64u,train,ont_total_negativo_mentions,1.0,3.1226332794662324,3.122633218765259
1myi64u,train,ont_InteligenciaArtificial_Negativo,1.0,4.333905512278206,4.3339056968688965
1myi64u,train,ont_Innovacion_Neutro,0.0,-0.16443598256119465,-0.1644359827041626
1myi64u,train,ont_Etica_Negativo,0.0,-0.06834085335022719,-0.06834085285663605
1myi64u,train,ont_Tecnologia_Neutro,0.0,-0.27668578554642986,-0.27668577432632446
1n0qr62,train,ont_domain_density,0.004651162790697674,-1.0627206439005783,-1.0627206563949585
1n0qr62,train,ont_total_negativo_mentions,0.0,-0.21001172000820306,-0.21001172065734863
1n0qr62,train,ont_InteligenciaArtificial_Negativo,0.0,-0.19168298382244495,-0.19168297946453094
1n0qr62,train,ont_Innovacion_Neutro,0.0,-0.16443598256119465,-0.1644359827041626
1n0qr62,train,ont_Etica_Negativo,0.0,-0.06834085335022719,-0.06834085285663605
1n0qr62,train,ont_Tecnologia_Neutro,0.0,-0.27668578554642986,-0.27668577432632446
1n2nsq6,train,ont_domain_density,0.002717391304347826,-1.0974060087220872,-1.097406029701233
1n2nsq6,train,ont_total_negativo_mentions,0.0,-0.21001172000820306,-0.21001172065734863
1n2nsq6,train,ont_InteligenciaArtificial_Negativo,0.0,-0.19168298382244495,-0.19168297946453094
1n2nsq6,train,ont_Innovacion_Neutro,0.0,-0.16443598256119465,-0.1644359827041626
1n2nsq6,train,ont_Etica_Negativo,0.0,-0.06834085335022719,-0.06834085285663605
1n2nsq6,train,ont_Tecnologia_Neutro,0.0,-0.27668578554642986,-0.27668577432632446
1muecog,train,ont_domain_density,0.04,-0.4286812430326318,-0.42868125438690186
1muecog,train,ont_total_negativo_mentions,0.0,-0.21001172000820306,-0.21001172065734863
1muecog,train,ont_InteligenciaArtificial_Negativo,0.0,-0.19168298382244495,-0.19168297946453094
1muecog,train,ont_Innovacion_Neutro,0.0,-0.16443598256119465,-0.1644359827041626
1muecog,train,ont_Etica_Negativo,0.0,-0.06834085335022719,-0.06834085285663605
1muecog,train,ont_Tecnologia_Neutro,0.0,-0.27668578554642986,-0.27668577432632446
1mxxdnh,train,ont_domain_density,0.05,-0.24931483357656795,-0.2493148297071457
1mxxdnh,train,ont_total_negativo_mentions,0.0,-0.21001172000820306,-0.21001172065734863
1mxxdnh,train,ont_InteligenciaArtificial_Negativo,0.0,-0.19168298382244495,-0.19168297946453094
1mxxdnh,train,ont_Innovacion_Neutro,0.0,-0.16443598256119465,-0.1644359827041626
1mxxdnh,train,ont_Etica_Negativo,0.0,-0.06834085335022719,-0.06834085285663605
1mxxdnh,train,ont_Tecnologia_Neutro,0.0,-0.27668578554642986,-0.27668577432632446
1n02jgm,train,ont_domain_density,0.1,0.6475172137037513,0.647517204284668
1n02jgm,train,ont_total_negativo_mentions,0.0,-0.21001172000820306,-0.21001172065734863
1n02jgm,train,ont_InteligenciaArtificial_Negativo,0.0,-0.19168298382244495,-0.19168297946453094
1n02jgm,train,ont_Innovacion_Neutro,0.0,-0.16443598256119465,-0.1644359827041626
1n02jgm,train,ont_Etica_Negativo,0.0,-0.06834085335022719,-0.06834085285663605
1n02jgm,train,ont_Tecnologia_Neutro,0.0,-0.27668578554642986,-0.27668577432632446
1my462y,train,ont_domain_density,0.08333333333333333,0.3485731979436447,0.3485732078552246
1my462y,train,ont_total_negativo_mentions,0.0,-0.21001172000820306,-0.21001172065734863
1my462y,train,ont_InteligenciaArtificial_Negativo,0.0,-0.19168298382244495,-0.19168297946453094
1my462y,train,ont_Innovacion_Neutro,0.0,-0.16443598256119465,-0.1644359827041626
1my462y,train,ont_Etica_Negativo,0.0,-0.06834085335022719,-0.06834085285663605
1my462y,train,ont_Tecnologia_Neutro,0.0,-0.27668578554642986,-0.27668577432632446
1mse1hx,train,ont_domain_density,0.125,1.0959332373439108,1.095933198928833
1mse1hx,train,ont_total_negativo_mentions,0.0,-0.21001172000820306,-0.21001172065734863
1mse1hx,train,ont_InteligenciaArtificial_Negativo,0.0,-0.19168298382244495,-0.19168297946453094
1mse1hx,train,ont_Innovacion_Neutro,0.0,-0.16443598256119465,-0.1644359827041626
1mse1hx,train,ont_Etica_Negativo,0.0,-0.06834085335022719,-0.06834085285663605
1mse1hx,train,ont_Tecnologia_Neutro,0.0,-0.27668578554642986,-0.27668577432632446
1mzmial,train,ont_domain_density,0.006607929515418502,-1.0276228217449506,-1.0276228189468384
1mzmial,train,ont_total_negativo_mentions,0.0,-0.21001172000820306,-0.21001172065734863
1mzmial,train,ont_InteligenciaArtificial_Negativo,0.0,-0.19168298382244495,-0.19168297946453094
1mzmial,train,ont_Innovacion_Neutro,0.0,-0.16443598256119465,-0.1644359827041626
1mzmial,train,ont_Etica_Negativo,0.0,-0.06834085335022719,-0.06834085285663605
1mzmial,train,ont_Tecnologia_Neutro,0.0,-0.27668578554642986,-0.27668577432632446
1n2agds,train,ont_domain_density,0.2,2.44118130826439,2.4411814212799072
1n2agds,train,ont_total_negativo_mentions,0.0,-0.21001172000820306,-0.21001172065734863
1n2agds,train,ont_InteligenciaArtificial_Negativo,0.0,-0.19168298382244495,-0.19168297946453094
1n2agds,train,ont_Innovacion_Neutro,0.0,-0.16443598256119465,-0.1644359827041626
1n2agds,train,ont_Etica_Negativo,0.0,-0.06834085335022719,-0.06834085285663605
1n2agds,train,ont_Tecnologia_Neutro,0.0,-0.27668578554642986,-0.27668577432632446
1mzs2pn,train,ont_domain_density,0.045454545454545456,-0.3308450196929606,-0.33084502816200256
1mzs2pn,train,ont_total_negativo_mentions,0.0,-0.21001172000820306,-0.21001172065734863
1mzs2pn,train,ont_InteligenciaArtificial_Negativo,0.0,-0.19168298382244495,-0.19168297946453094
1mzs2pn,train,ont_Innovacion_Neutro,0.0,-0.16443598256119465,-0.1644359827041626
1mzs2pn,train,ont_Etica_Negativo,0.0,-0.06834085335022719,-0.06834085285663605
1mzs2pn,train,ont_Tecnologia_Neutro,0.0,-0.27668578554642986,-0.27668577432632446
1mxx3t0,train,ont_domain_density,0.1,0.6475172137037513,0.647517204284668
1mxx3t0,train,ont_total_negativo_mentions,0.0,-0.21001172000820306,-0.21001172065734863
1mxx3t0,train,ont_InteligenciaArtificial_Negativo,0.0,-0.19168298382244495,-0.19168297946453094
1mxx3t0,train,ont_Innovacion_Neutro,0.0,-0.16443598256119465,-0.1644359827041626
1mxx3t0,train,ont_Etica_Negativo,0.0,-0.06834085335022719,-0.06834085285663605
1mxx3t0,train,ont_Tecnologia_Neutro,0.0,-0.27668578554642986,-0.27668577432632446
1n2c52r,train,ont_domain_density,0.0,-1.146146880856887,-1.1461468935012817
1n2c52r,train,ont_total_negativo_mentions,0.0,-0.21001172000820306,-0.21001172065734863
1n2c52r,train,ont_InteligenciaArtificial_Negativo,0.0,-0.19168298382244495,-0.19168297946453094
1n2c52r,train,ont_Innovacion_Neutro,0.0,-0.16443598256119465,-0.1644359827041626
1n2c52r,train,ont_Etica_Negativo,0.0,-0.06834085335022719,-0.06834085285663605
1n2c52r,train,ont_Tecnologia_Neutro,0.0,-0.27668578554642986,-0.27668577432632446
1mzfume,train,ont_domain_density,0.0,-1.146146880856887,-1.1461468935012817
1mzfume,train,ont_total_negativo_mentions,0.0,-0.21001172000820306,-0.21001172065734863
1mzfume,train,ont_InteligenciaArtificial_Negativo,0.0,-0.19168298382244495,-0.19168297946453094
1mzfume,train,ont_Innovacion_Neutro,0.0,-0.16443598256119465,-0.1644359827041626
1mzfume,train,ont_Etica_Negativo,0.0,-0.06834085335022719,-0.06834085285663605
1mzfume,train,ont_Tecnologia_Neutro,0.0,-0.27668578554642986,-0.27668577432632446
1n1xb5q,train,ont_domain_density,0.00881057268722467,-0.9881148020409719,-0.9881147742271423
1n1xb5q,train,ont_total_negativo_mentions,1.0,3.1226332794662324,3.122633218765259
1n1xb5q,train,ont_InteligenciaArtificial_Negativo,0.0,-0.19168298382244495,-0.19168297946453094
1n1xb5q,train,ont_Innovacion_Neutro,0.0,-0.16443598256119465,-0.1644359827041626
1n1xb5q,train,ont_Etica_Negativo,0.0,-0.06834085335022719,-0.06834085285663605
1n1xb5q,train,ont_Tecnologia_Neutro,1.0,1.2450860349589343,1.2450860738754272
1mzn4h1,train,ont_domain_density,0.008333333333333333,-0.996674872976834,-0.9966748952865601
1mzn4h1,train,ont_total_negativo_mentions,0.0,-0.21001172000820306,-0.21001172065734863
1mzn4h1,train,ont_InteligenciaArtificial_Negativo,0.0,-0.19168298382244495,-0.19168297946453094
1mzn4h1,train,ont_Innovacion_Neutro,0.0,-0.16443598256119465,-0.1644359827041626
1mzn4h1,train,ont_Etica_Negativo,0.0,-0.06834085335022719,-0.06834085285663605
1mzn4h1,train,ont_Tecnologia_Neutro,0.0,-0.27668578554642986,-0.27668577432632446
1n2swc2,train,ont_domain_density,0.026143790849673203,-0.6772150914292692,-0.6772150993347168
1n2swc2,train,ont_total_negativo_mentions,0.0,-0.21001172000820306,-0.21001172065734863
1n2swc2,train,ont_InteligenciaArtificial_Negativo,0.0,-0.19168298382244495,-0.19168297946453094
1n2swc2,train,ont_Innovacion_Neutro,1.0,5.324323711205579,5.324323654174805
1n2swc2,train,ont_Etica_Negativo,0.0,-0.06834085335022719,-0.06834085285663605
1n2swc2,train,ont_Tecnologia_Neutro,0.0,-0.27668578554642986,-0.27668577432632446
1mztq0w,train,ont_domain_density,0.06666666666666667,0.04962918218353839,0.04962918162345886
1mztq0w,train,ont_total_negativo_mentions,0.0,-0.21001172000820306,-0.21001172065734863
1mztq0w,train,ont_InteligenciaArtificial_Negativo,0.0,-0.19168298382244495,-0.19168297946453094
1mztq0w,train,ont_Innovacion_Neutro,0.0,-0.16443598256119465,-0.1644359827041626
1mztq0w,train,ont_Etica_Negativo,0.0,-0.06834085335022719,-0.06834085285663605
1mztq0w,train,ont_Tecnologia_Neutro,0.0,-0.27668578554642986,-0.27668577432632446
1mxu3oh,train,ont_domain_density,0.125,1.0959332373439108,1.095933198928833
1mxu3oh,train,ont_total_negativo_mentions,0.0,-0.21001172000820306,-0.21001172065734863
1mxu3oh,train,ont_InteligenciaArtificial_Negativo,0.0,-0.19168298382244495,-0.19168297946453094
1mxu3oh,train,ont_Innovacion_Neutro,0.0,-0.16443598256119465,-0.1644359827041626
1mxu3oh,train,ont_Etica_Negativo,0.0,-0.06834085335022719,-0.06834085285663605
1mxu3oh,train,ont_Tecnologia_Neutro,1.0,1.2450860349589343,1.2450860738754272
1n0z5f0,train,ont_domain_density,0.06666666666666667,0.04962918218353839,0.04962918162345886
1n0z5f0,train,ont_total_negativo_mentions,0.0,-0.21001172000820306,-0.21001172065734863
1n0z5f0,train,ont_InteligenciaArtificial_Negativo,0.0,-0.19168298382244495,-0.19168297946453094
1n0z5f0,train,ont_Innovacion_Neutro,0.0,-0.16443598256119465,-0.1644359827041626
1n0z5f0,train,ont_Etica_Negativo,0.0,-0.06834085335022719,-0.06834085285663605
1n0z5f0,train,ont_Tecnologia_Neutro,0.0,-0.27668578554642986,-0.27668577432632446
1my9ip6,train,ont_domain_density,0.1111111111111111,0.8468132242104887,0.8468132019042969
1my9ip6,train,ont_total_negativo_mentions,0.0,-0.21001172000820306,-0.21001172065734863
1my9ip6,train,ont_InteligenciaArtificial_Negativo,0.0,-0.19168298382244495,-0.19168297946453094
1my9ip6,train,ont_Innovacion_Neutro,0.0,-0.16443598256119465,-0.1644359827041626
1my9ip6,train,ont_Etica_Negativo,0.0,-0.06834085335022719,-0.06834085285663605
1my9ip6,train,ont_Tecnologia_Neutro,0.0,-0.27668578554642986,-0.27668577432632446
1mxq709,train,ont_domain_density,0.037037037037037035,-0.48182684583442853,-0.4818268418312073
1mxq709,train,ont_total_negativo_mentions,0.0,-0.21001172000820306,-0.21001172065734863
1mxq709,train,ont_InteligenciaArtificial_Negativo,0.0,-0.19168298382244495,-0.19168297946453094
1mxq709,train,ont_Innovacion_Neutro,0.0,-0.16443598256119465,-0.1644359827041626
1mxq709,train,ont_Etica_Negativo,0.0,-0.06834085335022719,-0.06834085285663605
1mxq709,train,ont_Tecnologia_Neutro,0.0,-0.27668578554642986,-0.27668577432632446
1n03up3,train,ont_domain_density,0.09090909090909091,0.4844568414709659,0.4844568371772766
1n03up3,train,ont_total_negativo_mentions,0.0,-0.21001172000820306,-0.21001172065734863
1n03up3,train,ont_InteligenciaArtificial_Negativo,0.0,-0.19168298382244495,-0.19168297946453094
1n03up3,train,ont_Innovacion_Neutro,0.0,-0.16443598256119465,-0.1644359827041626
1n03up3,train,ont_Etica_Negativo,0.0,-0.06834085335022719,-0.06834085285663605
1n03up3,train,ont_Tecnologia_Neutro,0.0,-0.27668578554642986,-0.27668577432632446
1mzpoho,train,ont_domain_density,0.043478260869565216,-0.3662929267000879,-0.36629292368888855
1mzpoho,train,ont_total_negativo_mentions,0.0,-0.21001172000820306,-0.21001172065734863
1mzpoho,train,ont_InteligenciaArtificial_Negativo,0.0,-0.19168298382244495,-0.19168297946453094
1mzpoho,train,ont_Innovacion_Neutro,0.0,-0.16443598256119465,-0.1644359827041626
1mzpoho,train,ont_Etica_Negativo,0.0,-0.06834085335022719,-0.06834085285663605
1mzpoho,train,ont_Tecnologia_Neutro,1.0,1.2450860349589343,1.2450860738754272
1n10ulj,train,ont_domain_density,0.1,0.6475172137037513,0.647517204284668
1n10ulj,train,ont_total_negativo_mentions,0.0,-0.21001172000820306,-0.21001172065734863
1n10ulj,train,ont_InteligenciaArtificial_Negativo,0.0,-0.19168298382244495,-0.19168297946453094
1n10ulj,train,ont_Innovacion_Neutro,0.0,-0.16443598256119465,-0.1644359827041626
1n10ulj,train,ont_Etica_Negativo,0.0,-0.06834085335022719,-0.06834085285663605
1n10ulj,train,ont_Tecnologia_Neutro,0.0,-0.27668578554642986,-0.27668577432632446
1n1c3fa,train,ont_domain_density,0.18181818181818182,2.115060563798819,2.115060567855835
1n1c3fa,train,ont_total_negativo_mentions,0.0,-0.21001172000820306,-0.21001172065734863
1n1c3fa,train,ont_InteligenciaArtificial_Negativo,0.0,-0.19168298382244495,-0.19168297946453094
1n1c3fa,train,ont_Innovacion_Neutro,0.0,-0.16443598256119465,-0.1644359827041626
1n1c3fa,train,ont_Etica_Negativo,0.0,-0.06834085335022719,-0.06834085285663605
1n1c3fa,train,ont_Tecnologia_Neutro,1.0,1.2450860349589343,1.2450860738754272
1mztbft,train,ont_domain_density,0.06666666666666667,0.04962918218353839,0.04962918162345886
1mztbft,train,ont_total_negativo_mentions,0.0,-0.21001172000820306,-0.21001172065734863
1mztbft,train,ont_InteligenciaArtificial_Negativo,0.0,-0.19168298382244495,-0.19168297946453094
1mztbft,train,ont_Innovacion_Neutro,0.0,-0.16443598256119465,-0.1644359827041626
1mztbft,train,ont_Etica_Negativo,0.0,-0.06834085335022719,-0.06834085285663605
1mztbft,train,ont_Tecnologia_Neutro,0.0,-0.27668578554642986,-0.27668577432632446
1n1tzfi,train,ont_domain_density,0.07692307692307693,0.23359473034360395,0.23359473049640656
1n1tzfi,train,ont_total_negativo_mentions,1.0,3.1226332794662324,3.122633218765259
1n1tzfi,train,ont_InteligenciaArtificial_Negativo,1.0,4.333905512278206,4.3339056968688965
1n1tzfi,train,ont_Innovacion_Neutro,0.0,-0.16443598256119465,-0.1644359827041626
1n1tzfi,train,ont_Etica_Negativo,0.0,-0.06834085335022719,-0.06834085285663605
1n1tzfi,train,ont_Tecnologia_Neutro,0.0,-0.27668578554642986,-0.27668577432632446
1n36699,train,ont_domain_density,0.18181818181818182,2.115060563798819,2.115060567855835
1n36699,train,ont_total_negativo_mentions,0.0,-0.21001172000820306,-0.21001172065734863
1n36699,train,ont_InteligenciaArtificial_Negativo,0.0,-0.19168298382244495,-0.19168297946453094
1n36699,train,ont_Innovacion_Neutro,0.0,-0.16443598256119465,-0.1644359827041626
1n36699,train,ont_Etica_Negativo,0.0,-0.06834085335022719,-0.06834085285663605
1n36699,train,ont_Tecnologia_Neutro,1.0,1.2450860349589343,1.2450860738754272
1mzzyof,train,ont_domain_density,0.14285714285714285,1.4162303970868817,1.4162304401397705
1mzzyof,train,ont_total_negativo_mentions,0.0,-0.21001172000820306,-0.21001172065734863
1mzzyof,train,ont_InteligenciaArtificial_Negativo,0.0,-0.19168298382244495,-0.19168297946453094
1mzzyof,train,ont_Innovacion_Neutro,0.0,-0.16443598256119465,-0.1644359827041626
1mzzyof,train,ont_Etica_Negativo,0.0,-0.06834085335022719,-0.06834085285663605
1mzzyof,train,ont_Tecnologia_Neutro,0.0,-0.27668578554642986,-0.27668577432632446
1n2aiec,train,ont_domain_density,0.08333333333333333,0.3485731979436447,0.3485732078552246
1n2aiec,train,ont_total_negativo_mentions,0.0,-0.21001172000820306,-0.21001172065734863
1n2aiec,train,ont_InteligenciaArtificial_Negativo,0.0,-0.19168298382244495,-0.19168297946453094
1n2aiec,train,ont_Innovacion_Neutro,0.0,-0.16443598256119465,-0.1644359827041626
1n2aiec,train,ont_Etica_Negativo,0.0,-0.06834085335022719,-0.06834085285663605
1n2aiec,train,ont_Tecnologia_Neutro,0.0,-0.27668578554642986,-0.27668577432632446
1n121ip,train,ont_domain_density,0.1,0.6475172137037513,0.647517204284668
1n121ip,train,ont_total_negativo_mentions,0.0,-0.21001172000820306,-0.21001172065734863
1n121ip,train,ont_InteligenciaArtificial_Negativo,0.0,-0.19168298382244495,-0.19168297946453094
1n121ip,train,ont_Innovacion_Neutro,0.0,-0.16443598256119465,-0.1644359827041626
1n121ip,train,ont_Etica_Negativo,0.0,-0.06834085335022719,-0.06834085285663605
1n121ip,train,ont_Tecnologia_Neutro,1.0,1.2450860349589343,1.2450860738754272
1n2km6j,train,ont_domain_density,0.1111111111111111,0.8468132242104887,0.8468132019042969
1n2km6j,train,ont_total_negativo_mentions,0.0,-0.21001172000820306,-0.21001172065734863
1n2km6j,train,ont_InteligenciaArtificial_Negativo,0.0,-0.19168298382244495,-0.19168297946453094
1n2km6j,train,ont_Innovacion_Neutro,0.0,-0.16443598256119465,-0.1644359827041626
1n2km6j,train,ont_Etica_Negativo,0.0,-0.06834085335022719,-0.06834085285663605
1n2km6j,train,ont_Tecnologia_Neutro,0.0,-0.27668578554642986,-0.27668577432632446
1n0ji0c,train,ont_domain_density,0.025974025974025976,-0.6802601030489291,-0.6802601218223572
1n0ji0c,train,ont_total_negativo_mentions,0.0,-0.21001172000820306,-0.21001172065734863
1n0ji0c,train,ont_InteligenciaArtificial_Negativo,0.0,-0.19168298382244495,-0.19168297946453094
1n0ji0c,train,ont_Innovacion_Neutro,0.0,-0.16443598256119465,-0.1644359827041626
1n0ji0c,train,ont_Etica_Negativo,0.0,-0.06834085335022719,-0.06834085285663605
1n0ji0c,train,ont_Tecnologia_Neutro,0.0,-0.27668578554642986,-0.27668577432632446
1n159ci,train,ont_domain_density,0.047619047619047616,-0.29202112154229753,-0.29202112555503845
1n159ci,train,ont_total_negativo_mentions,0.0,-0.21001172000820306,-0.21001172065734863
1n159ci,train,ont_InteligenciaArtificial_Negativo,0.0,-0.19168298382244495,-0.19168297946453094
1n159ci,train,ont_Innovacion_Neutro,0.0,-0.16443598256119465,-0.1644359827041626
1n159ci,train,ont_Etica_Negativo,0.0,-0.06834085335022719,-0.06834085285663605
1n159ci,train,ont_Tecnologia_Neutro,0.0,-0.27668578554642986,-0.27668577432632446
1n0oyx9,train,ont_domain_density,0.14285714285714285,1.4162303970868817,1.4162304401397705
1n0oyx9,train,ont_total_negativo_mentions,0.0,-0.21001172000820306,-0.21001172065734863
1n0oyx9,train,ont_InteligenciaArtificial_Negativo,0.0,-0.19168298382244495,-0.19168297946453094
1n0oyx9,train,ont_Innovacion_Neutro,0.0,-0.16443598256119465,-0.1644359827041626
1n0oyx9,train,ont_Etica_Negativo,0.0,-0.06834085335022719,-0.06834085285663605
1n0oyx9,train,ont_Tecnologia_Neutro,0.0,-0.27668578554642986,-0.27668577432632446
1n0vr5r,train,ont_domain_density,0.1,0.6475172137037513,0.647517204284668
1n0vr5r,train,ont_total_negativo_mentions,0.0,-0.21001172000820306,-0.21001172065734863
1n0vr5r,train,ont_InteligenciaArtificial_Negativo,0.0,-0.19168298382244495,-0.19168297946453094
1n0vr5r,train,ont_Innovacion_Neutro,0.0,-0.16443598256119465,-0.1644359827041626
1n0vr5r,train,ont_Etica_Negativo,0.0,-0.06834085335022719,-0.06834085285663605
1n0vr5r,train,ont_Tecnologia_Neutro,0.0,-0.27668578554642986,-0.27668577432632446
1n0xt7u,train,ont_domain_density,0.0021929824561403508,-1.1068121419410837,-1.1068121194839478
1n0xt7u,train,ont_total_negativo_mentions,0.0,-0.21001172000820306,-0.21001172065734863
1n0xt7u,train,ont_InteligenciaArtificial_Negativo,0.0,-0.19168298382244495,-0.19168297946453094
1n0xt7u,train,ont_Innovacion_Neutro,0.0,-0.16443598256119465,-0.1644359827041626
1n0xt7u,train,ont_Etica_Negativo,0.0,-0.06834085335022719,-0.06834085285663605
1n0xt7u,train,ont_Tecnologia_Neutro,0.0,-0.27668578554642986,-0.27668577432632446
1n11kag,train,ont_domain_density,0.15384615384615385,1.613336341544095,1.6133363246917725
1n11kag,train,ont_total_negativo_mentions,0.0,-0.21001172000820306,-0.21001172065734863
1n11kag,train,ont_InteligenciaArtificial_Negativo,0.0,-0.19168298382244495,-0.19168297946453094
1n11kag,train,ont_Innovacion_Neutro,0.0,-0.16443598256119465,-0.1644359827041626
1n11kag,train,ont_Etica_Negativo,0.0,-0.06834085335022719,-0.06834085285663605
1n11kag,train,ont_Tecnologia_Neutro,0.0,-0.27668578554642986,-0.27668577432632446
1myz4xe,train,ont_domain_density,0.08333333333333333,0.3485731979436447,0.3485732078552246
1myz4xe,train,ont_total_negativo_mentions,0.0,-0.21001172000820306,-0.21001172065734863
1myz4xe,train,ont_InteligenciaArtificial_Negativo,0.0,-0.19168298382244495,-0.19168297946453094
1myz4xe,train,ont_Innovacion_Neutro,0.0,-0.16443598256119465,-0.1644359827041626
1myz4xe,train,ont_Etica_Negativo,0.0,-0.06834085335022719,-0.06834085285663605
1myz4xe,train,ont_Tecnologia_Neutro,0.0,-0.27668578554642986,-0.27668577432632446
1my03yt,train,ont_domain_density,0.1111111111111111,0.8468132242104887,0.8468132019042969
1my03yt,train,ont_total_negativo_mentions,0.0,-0.21001172000820306,-0.21001172065734863
1my03yt,train,ont_InteligenciaArtificial_Negativo,0.0,-0.19168298382244495,-0.19168297946453094
1my03yt,train,ont_Innovacion_Neutro,0.0,-0.16443598256119465,-0.1644359827041626
1my03yt,train,ont_Etica_Negativo,0.0,-0.06834085335022719,-0.06834085285663605
1my03yt,train,ont_Tecnologia_Neutro,0.0,-0.27668578554642986,-0.27668577432632446
1mr28q4,train,ont_domain_density,0.0,-1.146146880856887,-1.1461468935012817
1mr28q4,train,ont_total_negativo_mentions,0.0,-0.21001172000820306,-0.21001172065734863
1mr28q4,train,ont_InteligenciaArtificial_Negativo,0.0,-0.19168298382244495,-0.19168297946453094
1mr28q4,train,ont_Innovacion_Neutro,0.0,-0.16443598256119465,-0.1644359827041626
1mr28q4,train,ont_Etica_Negativo,0.0,-0.06834085335022719,-0.06834085285663605
1mr28q4,train,ont_Tecnologia_Neutro,0.0,-0.27668578554642986,-0.27668577432632446
1n0ka3u,train,ont_domain_density,0.0,-1.146146880856887,-1.1461468935012817
1n0ka3u,train,ont_total_negativo_mentions,0.0,-0.21001172000820306,-0.21001172065734863
1n0ka3u,train,ont_InteligenciaArtificial_Negativo,0.0,-0.19168298382244495,-0.19168297946453094
1n0ka3u,train,ont_Innovacion_Neutro,0.0,-0.16443598256119465,-0.1644359827041626
1n0ka3u,train,ont_Etica_Negativo,0.0,-0.06834085335022719,-0.06834085285663605
1n0ka3u,train,ont_Tecnologia_Neutro,0.0,-0.27668578554642986,-0.27668577432632446
1myamol,train,ont_domain_density,0.0,-1.146146880856887,-1.1461468935012817
1myamol,train,ont_total_negativo_mentions,0.0,-0.21001172000820306,-0.21001172065734863
1myamol,train,ont_InteligenciaArtificial_Negativo,0.0,-0.19168298382244495,-0.19168297946453094
1myamol,train,ont_Innovacion_Neutro,0.0,-0.16443598256119465,-0.1644359827041626
1myamol,train,ont_Etica_Negativo,0.0,-0.06834085335022719,-0.06834085285663605
1myamol,train,ont_Tecnologia_Neutro,0.0,-0.27668578554642986,-0.27668577432632446
1mzh08i,train,ont_domain_density,0.00558659217877095,-1.0459421828367397,-1.0459421873092651
1mzh08i,train,ont_total_negativo_mentions,0.0,-0.21001172000820306,-0.21001172065734863
1mzh08i,train,ont_InteligenciaArtificial_Negativo,0.0,-0.19168298382244495,-0.19168297946453094
1mzh08i,train,ont_Innovacion_Neutro,0.0,-0.16443598256119465,-0.1644359827041626
1mzh08i,train,ont_Etica_Negativo,0.0,-0.06834085335022719,-0.06834085285663605
1mzh08i,train,ont_Tecnologia_Neutro,0.0,-0.27668578554642986,-0.27668577432632446
1n0f2vc,train,ont_domain_density,0.125,1.0959332373439108,1.095933198928833
1n0f2vc,train,ont_total_negativo_mentions,0.0,-0.21001172000820306,-0.21001172065734863
1n0f2vc,train,ont_InteligenciaArtificial_Negativo,0.0,-0.19168298382244495,-0.19168297946453094
1n0f2vc,train,ont_Innovacion_Neutro,0.0,-0.16443598256119465,-0.1644359827041626
1n0f2vc,train,ont_Etica_Negativo,0.0,-0.06834085335022719,-0.06834085285663605
1n0f2vc,train,ont_Tecnologia_Neutro,1.0,1.2450860349589343,1.2450860738754272
1mueakf,train,ont_domain_density,0.05263157894736842,-0.20211314687760387,-0.20211315155029297
1mueakf,train,ont_total_negativo_mentions,1.0,3.1226332794662324,3.122633218765259
1mueakf,train,ont_InteligenciaArtificial_Negativo,1.0,4.333905512278206,4.3339056968688965
1mueakf,train,ont_Innovacion_Neutro,0.0,-0.16443598256119465,-0.1644359827041626
1mueakf,train,ont_Etica_Negativo,0.0,-0.06834085335022719,-0.06834085285663605
1mueakf,train,ont_Tecnologia_Neutro,0.0,-0.27668578554642986,-0.27668577432632446
1n161bd,train,ont_domain_density,0.0,-1.146146880856887,-1.1461468935012817
1n161bd,train,ont_total_negativo_mentions,0.0,-0.21001172000820306,-0.21001172065734863
1n161bd,train,ont_InteligenciaArtificial_Negativo,0.0,-0.19168298382244495,-0.19168297946453094
1n161bd,train,ont_Innovacion_Neutro,0.0,-0.16443598256119465,-0.1644359827041626
1n161bd,train,ont_Etica_Negativo,0.0,-0.06834085335022719,-0.06834085285663605
1n161bd,train,ont_Tecnologia_Neutro,0.0,-0.27668578554642986,-0.27668577432632446
1mxdgjd,train,ont_domain_density,0.017241379310344827,-0.8368944507602254,-0.8368944525718689
1mxdgjd,train,ont_total_negativo_mentions,0.0,-0.21001172000820306,-0.21001172065734863
1mxdgjd,train,ont_InteligenciaArtificial_Negativo,0.0,-0.19168298382244495,-0.19168297946453094
1mxdgjd,train,ont_Innovacion_Neutro,0.0,-0.16443598256119465,-0.1644359827041626
1mxdgjd,train,ont_Etica_Negativo,0.0,-0.06834085335022719,-0.06834085285663605
1mxdgjd,train,ont_Tecnologia_Neutro,0.0,-0.27668578554642986,-0.27668577432632446
1muh982,train,ont_domain_density,0.05555555555555555,-0.14966682832319925,-0.14966683089733124
1muh982,train,ont_total_negativo_mentions,0.0,-0.21001172000820306,-0.21001172065734863
1muh982,train,ont_InteligenciaArtificial_Negativo,0.0,-0.19168298382244495,-0.19168297946453094
1muh982,train,ont_Innovacion_Neutro,0.0,-0.16443598256119465,-0.1644359827041626
1muh982,train,ont_Etica_Negativo,0.0,-0.06834085335022719,-0.06834085285663605
1muh982,train,ont_Tecnologia_Neutro,0.0,-0.27668578554642986,-0.27668577432632446
1mvc93a,train,ont_domain_density,0.0,-1.146146880856887,-1.1461468935012817
1mvc93a,train,ont_total_negativo_mentions,0.0,-0.21001172000820306,-0.21001172065734863
1mvc93a,train,ont_InteligenciaArtificial_Negativo,0.0,-0.19168298382244495,-0.19168297946453094
1mvc93a,train,ont_Innovacion_Neutro,0.0,-0.16443598256119465,-0.1644359827041626
1mvc93a,train,ont_Etica_Negativo,0.0,-0.06834085335022719,-0.06834085285663605
1mvc93a,train,ont_Tecnologia_Neutro,0.0,-0.27668578554642986,-0.27668577432632446
1n1e8yb,train,ont_domain_density,0.0136986301369863,-0.900439470643101,-0.900439441204071
1n1e8yb,train,ont_total_negativo_mentions,0.0,-0.21001172000820306,-0.21001172065734863
1n1e8yb,train,ont_InteligenciaArtificial_Negativo,0.0,-0.19168298382244495,-0.19168297946453094
1n1e8yb,train,ont_Innovacion_Neutro,0.0,-0.16443598256119465,-0.1644359827041626
1n1e8yb,train,ont_Etica_Negativo,0.0,-0.06834085335022719,-0.06834085285663605
1n1e8yb,train,ont_Tecnologia_Neutro,0.0,-0.27668578554642986,-0.27668577432632446
1n17rgw,train,ont_domain_density,0.07142857142857142,0.1350417581149973,0.1350417584180832
1n17rgw,train,ont_total_negativo_mentions,0.0,-0.21001172000820306,-0.21001172065734863
1n17rgw,train,ont_InteligenciaArtificial_Negativo,0.0,-0.19168298382244495,-0.19168297946453094
1n17rgw,train,ont_Innovacion_Neutro,0.0,-0.16443598256119465,-0.1644359827041626
1n17rgw,train,ont_Etica_Negativo,0.0,-0.06834085335022719,-0.06834085285663605
1n17rgw,train,ont_Tecnologia_Neutro,0.0,-0.27668578554642986,-0.27668577432632446
1n2e639,train,ont_domain_density,0.014388489208633094,-0.8880657161719032,-0.8880656957626343
1n2e639,train,ont_total_negativo_mentions,0.0,-0.21001172000820306,-0.21001172065734863
1n2e639,train,ont_InteligenciaArtificial_Negativo,0.0,-0.19168298382244495,-0.19168297946453094
1n2e639,train,ont_Innovacion_Neutro,1.0,5.324323711205579,5.324323654174805
1n2e639,train,ont_Etica_Negativo,0.0,-0.06834085335022719,-0.06834085285663605
1n2e639,train,ont_Tecnologia_Neutro,0.0,-0.27668578554642986,-0.27668577432632446
1n0cj6b,train,ont_domain_density,0.16666666666666666,1.8432932767441765,1.843293309211731
1n0cj6b,train,ont_total_negativo_mentions,0.0,-0.21001172000820306,-0.21001172065734863
1n0cj6b,train,ont_InteligenciaArtificial_Negativo,0.0,-0.19168298382244495,-0.19168297946453094
1n0cj6b,train,ont_Innovacion_Neutro,1.0,5.324323711205579,5.324323654174805
1n0cj6b,train,ont_Etica_Negativo,0.0,-0.06834085335022719,-0.06834085285663605
1n0cj6b,train,ont_Tecnologia_Neutro,0.0,-0.27668578554642986,-0.27668577432632446
1mxgy4w,train,ont_domain_density,0.05263157894736842,-0.20211314687760387,-0.20211315155029297
1mxgy4w,train,ont_total_negativo_mentions,0.0,-0.21001172000820306,-0.21001172065734863
1mxgy4w,train,ont_InteligenciaArtificial_Negativo,0.0,-0.19168298382244495,-0.19168297946453094
1mxgy4w,train,ont_Innovacion_Neutro,0.0,-0.16443598256119465,-0.1644359827041626
1mxgy4w,train,ont_Etica_Negativo,0.0,-0.06834085335022719,-0.06834085285663605
1mxgy4w,train,ont_Tecnologia_Neutro,0.0,-0.27668578554642986,-0.27668577432632446
1n3g91a,train,ont_domain_density,0.1,0.6475172137037513,0.647517204284668
1n3g91a,train,ont_total_negativo_mentions,0.0,-0.21001172000820306,-0.21001172065734863
1n3g91a,train,ont_InteligenciaArtificial_Negativo,0.0,-0.19168298382244495,-0.19168297946453094
1n3g91a,train,ont_Innovacion_Neutro,0.0,-0.16443598256119465,-0.1644359827041626
1n3g91a,train,ont_Etica_Negativo,0.0,-0.06834085335022719,-0.06834085285663605
1n3g91a,train,ont_Tecnologia_Neutro,0.0,-0.27668578554642986,-0.27668577432632446
1mvr7lg,train,ont_domain_density,0.0,-1.146146880856887,-1.1461468935012817
1mvr7lg,train,ont_total_negativo_mentions,0.0,-0.21001172000820306,-0.21001172065734863
1mvr7lg,train,ont_InteligenciaArtificial_Negativo,0.0,-0.19168298382244495,-0.19168297946453094
1mvr7lg,train,ont_Innovacion_Neutro,0.0,-0.16443598256119465,-0.1644359827041626
1mvr7lg,train,ont_Etica_Negativo,0.0,-0.06834085335022719,-0.06834085285663605
1mvr7lg,train,ont_Tecnologia_Neutro,0.0,-0.27668578554642986,-0.27668577432632446
1mvde2o,train,ont_domain_density,0.07692307692307693,0.23359473034360395,0.23359473049640656
1mvde2o,train,ont_total_negativo_mentions,0.0,-0.21001172000820306,-0.21001172065734863
1mvde2o,train,ont_InteligenciaArtificial_Negativo,0.0,-0.19168298382244495,-0.19168297946453094
1mvde2o,train,ont_Innovacion_Neutro,0.0,-0.16443598256119465,-0.1644359827041626
1mvde2o,train,ont_Etica_Negativo,0.0,-0.06834085335022719,-0.06834085285663605
1mvde2o,train,ont_Tecnologia_Neutro,0.0,-0.27668578554642986,-0.27668577432632446
1n20u8s,train,ont_domain_density,0.1,0.6475172137037513,0.647517204284668
1n20u8s,train,ont_total_negativo_mentions,0.0,-0.21001172000820306,-0.21001172065734863
1n20u8s,train,ont_InteligenciaArtificial_Negativo,0.0,-0.19168298382244495,-0.19168297946453094
1n20u8s,train,ont_Innovacion_Neutro,0.0,-0.16443598256119465,-0.1644359827041626
1n20u8s,train,ont_Etica_Negativo,0.0,-0.06834085335022719,-0.06834085285663605
1n20u8s,train,ont_Tecnologia_Neutro,0.0,-0.27668578554642986,-0.27668577432632446
1my1sda,train,ont_domain_density,0.09090909090909091,0.4844568414709659,0.4844568371772766
1my1sda,train,ont_total_negativo_mentions,0.0,-0.21001172000820306,-0.21001172065734863
1my1sda,train,ont_InteligenciaArtificial_Negativo,0.0,-0.19168298382244495,-0.19168297946453094
1my1sda,train,ont_Innovacion_Neutro,0.0,-0.16443598256119465,-0.1644359827041626
1my1sda,train,ont_Etica_Negativo,0.0,-0.06834085335022719,-0.06834085285663605
1my1sda,train,ont_Tecnologia_Neutro,0.0,-0.27668578554642986,-0.27668577432632446
1mzshd4,train,ont_domain_density,0.10526315789473684,0.7419205871016794,0.7419205904006958
1mzshd4,train,ont_total_negativo_mentions,0.0,-0.21001172000820306,-0.21001172065734863
1mzshd4,train,ont_InteligenciaArtificial_Negativo,0.0,-0.19168298382244495,-0.19168297946453094
1mzshd4,train,ont_Innovacion_Neutro,0.0,-0.16443598256119465,-0.1644359827041626
1mzshd4,train,ont_Etica_Negativo,0.0,-0.06834085335022719,-0.06834085285663605
1mzshd4,train,ont_Tecnologia_Neutro,1.0,1.2450860349589343,1.2450860738754272
1n3cpkl,train,ont_domain_density,0.08333333333333333,0.3485731979436447,0.3485732078552246
1n3cpkl,train,ont_total_negativo_mentions,0.0,-0.21001172000820306,-0.21001172065734863
1n3cpkl,train,ont_InteligenciaArtificial_Negativo,0.0,-0.19168298382244495,-0.19168297946453094
1n3cpkl,train,ont_Innovacion_Neutro,0.0,-0.16443598256119465,-0.1644359827041626
1n3cpkl,train,ont_Etica_Negativo,0.0,-0.06834085335022719,-0.06834085285663605
1n3cpkl,train,ont_Tecnologia_Neutro,0.0,-0.27668578554642986,-0.27668577432632446
1n18tj5,train,ont_domain_density,0.07692307692307693,0.23359473034360395,0.23359473049640656
1n18tj5,train,ont_total_negativo_mentions,0.0,-0.21001172000820306,-0.21001172065734863
1n18tj5,train,ont_InteligenciaArtificial_Negativo,0.0,-0.19168298382244495,-0.19168297946453094
1n18tj5,train,ont_Innovacion_Neutro,0.0,-0.16443598256119465,-0.1644359827041626
1n18tj5,train,ont_Etica_Negativo,0.0,-0.06834085335022719,-0.06834085285663605
1n18tj5,train,ont_Tecnologia_Neutro,0.0,-0.27668578554642986,-0.27668577432632446
1n202hx,train,ont_domain_density,0.006153846153846154,-1.0357675519608478,-1.0357675552368164
1n202hx,train,ont_total_negativo_mentions,0.0,-0.21001172000820306,-0.21001172065734863
1n202hx,train,ont_InteligenciaArtificial_Negativo,0.0,-0.19168298382244495,-0.19168297946453094
1n202hx,train,ont_Innovacion_Neutro,0.0,-0.16443598256119465,-0.1644359827041626
1n202hx,train,ont_Etica_Negativo,0.0,-0.06834085335022719,-0.06834085285663605
1n202hx,train,ont_Tecnologia_Neutro,0.0,-0.27668578554642986,-0.27668577432632446
1mztd48,train,ont_domain_density,0.1,0.6475172137037513,0.647517204284668
1mztd48,train,ont_total_negativo_mentions,0.0,-0.21001172000820306,-0.21001172065734863
1mztd48,train,ont_InteligenciaArtificial_Negativo,0.0,-0.19168298382244495,-0.19168297946453094
1mztd48,train,ont_Innovacion_Neutro,0.0,-0.16443598256119465,-0.1644359827041626
1mztd48,train,ont_Etica_Negativo,0.0,-0.06834085335022719,-0.06834085285663605
1mztd48,train,ont_Tecnologia_Neutro,0.0,-0.27668578554642986,-0.27668577432632446
1n08941,train,ont_domain_density,0.08333333333333333,0.3485731979436447,0.3485732078552246
1n08941,train,ont_total_negativo_mentions,0.0,-0.21001172000820306,-0.21001172065734863
1n08941,train,ont_InteligenciaArtificial_Negativo,0.0,-0.19168298382244495,-0.19168297946453094
1n08941,train,ont_Innovacion_Neutro,0.0,-0.16443598256119465,-0.1644359827041626
1n08941,train,ont_Etica_Negativo,0.0,-0.06834085335022719,-0.06834085285663605
1n08941,train,ont_Tecnologia_Neutro,0.0,-0.27668578554642986,-0.27668577432632446
1mzm79r,train,ont_domain_density,0.041666666666666664,-0.39878684145662124,-0.39878684282302856
1mzm79r,train,ont_total_negativo_mentions,0.0,-0.21001172000820306,-0.21001172065734863
1mzm79r,train,ont_InteligenciaArtificial_Negativo,0.0,-0.19168298382244495,-0.19168297946453094
1mzm79r,train,ont_Innovacion_Neutro,0.0,-0.16443598256119465,-0.1644359827041626
1mzm79r,train,ont_Etica_Negativo,0.0,-0.06834085335022719,-0.06834085285663605
1mzm79r,train,ont_Tecnologia_Neutro,0.0,-0.27668578554642986,-0.27668577432632446
1mujn7k,train,ont_domain_density,0.05,-0.24931483357656795,-0.2493148297071457
1mujn7k,train,ont_total_negativo_mentions,0.0,-0.21001172000820306,-0.21001172065734863
1mujn7k,train,ont_InteligenciaArtificial_Negativo,0.0,-0.19168298382244495,-0.19168297946453094
1mujn7k,train,ont_Innovacion_Neutro,0.0,-0.16443598256119465,-0.1644359827041626
1mujn7k,train,ont_Etica_Negativo,0.0,-0.06834085335022719,-0.06834085285663605
1mujn7k,train,ont_Tecnologia_Neutro,0.0,-0.27668578554642986,-0.27668577432632446
1n2jcbi,train,ont_domain_density,0.1111111111111111,0.8468132242104887,0.8468132019042969
1n2jcbi,train,ont_total_negativo_mentions,0.0,-0.21001172000820306,-0.21001172065734863
1n2jcbi,train,ont_InteligenciaArtificial_Negativo,0.0,-0.19168298382244495,-0.19168297946453094
1n2jcbi,train,ont_Innovacion_Neutro,0.0,-0.16443598256119465,-0.1644359827041626
1n2jcbi,train,ont_Etica_Negativo,0.0,-0.06834085335022719,-0.06834085285663605
1n2jcbi,train,ont_Tecnologia_Neutro,0.0,-0.27668578554642986,-0.27668577432632446
1n2bslr,train,ont_domain_density,0.004739336492890996,-1.0611391038634919,-1.0611391067504883
1n2bslr,train,ont_total_negativo_mentions,0.0,-0.21001172000820306,-0.21001172065734863
1n2bslr,train,ont_InteligenciaArtificial_Negativo,0.0,-0.19168298382244495,-0.19168297946453094
1n2bslr,train,ont_Innovacion_Neutro,0.0,-0.16443598256119465,-0.1644359827041626
1n2bslr,train,ont_Etica_Negativo,0.0,-0.06834085335022719,-0.06834085285663605
1n2bslr,train,ont_Tecnologia_Neutro,0.0,-0.27668578554642986,-0.27668577432632446
1mvgxl4,train,ont_domain_density,0.007142857142857143,-1.0180280169596987,-1.0180280208587646
1mvgxl4,train,ont_total_negativo_mentions,0.0,-0.21001172000820306,-0.21001172065734863
1mvgxl4,train,ont_InteligenciaArtificial_Negativo,0.0,-0.19168298382244495,-0.19168297946453094
1mvgxl4,train,ont_Innovacion_Neutro,0.0,-0.16443598256119465,-0.1644359827041626
1mvgxl4,train,ont_Etica_Negativo,0.0,-0.06834085335022719,-0.06834085285663605
1mvgxl4,train,ont_Tecnologia_Neutro,0.0,-0.27668578554642986,-0.27668577432632446
1n18yvw,train,ont_domain_density,0.001949317738791423,-1.111182668487284,-1.111182689666748
1n18yvw,train,ont_total_negativo_mentions,0.0,-0.21001172000820306,-0.21001172065734863
1n18yvw,train,ont_InteligenciaArtificial_Negativo,0.0,-0.19168298382244495,-0.19168297946453094
1n18yvw,train,ont_Innovacion_Neutro,0.0,-0.16443598256119465,-0.1644359827041626
1n18yvw,train,ont_Etica_Negativo,0.0,-0.06834085335022719,-0.06834085285663605
1n18yvw,train,ont_Tecnologia_Neutro,0.0,-0.27668578554642986,-0.27668577432632446
1n3f9uz,train,ont_domain_density,0.15384615384615385,1.613336341544095,1.6133363246917725
1n3f9uz,train,ont_total_negativo_mentions,0.0,-0.21001172000820306,-0.21001172065734863
1n3f9uz,train,ont_InteligenciaArtificial_Negativo,0.0,-0.19168298382244495,-0.19168297946453094
1n3f9uz,train,ont_Innovacion_Neutro,0.0,-0.16443598256119465,-0.1644359827041626
1n3f9uz,train,ont_Etica_Negativo,0.0,-0.06834085335022719,-0.06834085285663605
1n3f9uz,train,ont_Tecnologia_Neutro,1.0,1.2450860349589343,1.2450860738754272
1n1m8v6,train,ont_domain_density,0.125,1.0959332373439108,1.095933198928833
1n1m8v6,train,ont_total_negativo_mentions,0.0,-0.21001172000820306,-0.21001172065734863
1n1m8v6,train,ont_InteligenciaArtificial_Negativo,0.0,-0.19168298382244495,-0.19168297946453094
1n1m8v6,train,ont_Innovacion_Neutro,0.0,-0.16443598256119465,-0.1644359827041626
1n1m8v6,train,ont_Etica_Negativo,0.0,-0.06834085335022719,-0.06834085285663605
1n1m8v6,train,ont_Tecnologia_Neutro,0.0,-0.27668578554642986,-0.27668577432632446
1my127l,train,ont_domain_density,0.0,-1.146146880856887,-1.1461468935012817
1my127l,train,ont_total_negativo_mentions,0.0,-0.21001172000820306,-0.21001172065734863
1my127l,train,ont_InteligenciaArtificial_Negativo,0.0,-0.19168298382244495,-0.19168297946453094
1my127l,train,ont_Innovacion_Neutro,0.0,-0.16443598256119465,-0.1644359827041626
1my127l,train,ont_Etica_Negativo,0.0,-0.06834085335022719,-0.06834085285663605
1my127l,train,ont_Tecnologia_Neutro,0.0,-0.27668578554642986,-0.27668577432632446
1n0d4mu,train,ont_domain_density,0.0,-1.146146880856887,-1.1461468935012817
1n0d4mu,train,ont_total_negativo_mentions,0.0,-0.21001172000820306,-0.21001172065734863
1n0d4mu,train,ont_InteligenciaArtificial_Negativo,0.0,-0.19168298382244495,-0.19168297946453094
1n0d4mu,train,ont_Innovacion_Neutro,0.0,-0.16443598256119465,-0.1644359827041626
1n0d4mu,train,ont_Etica_Negativo,0.0,-0.06834085335022719,-0.06834085285663605
1n0d4mu,train,ont_Tecnologia_Neutro,0.0,-0.27668578554642986,-0.27668577432632446
1n37iw0,train,ont_domain_density,0.0625,-0.025106821756488196,-0.025106821209192276
1n37iw0,train,ont_total_negativo_mentions,0.0,-0.21001172000820306,-0.21001172065734863
1n37iw0,train,ont_InteligenciaArtificial_Negativo,0.0,-0.19168298382244495,-0.19168297946453094
1n37iw0,train,ont_Innovacion_Neutro,0.0,-0.16443598256119465,-0.1644359827041626
1n37iw0,train,ont_Etica_Negativo,0.0,-0.06834085335022719,-0.06834085285663605
1n37iw0,train,ont_Tecnologia_Neutro,0.0,-0.27668578554642986,-0.27668577432632446
1myamaa,train,ont_domain_density,0.0,-1.146146880856887,-1.1461468935012817
1myamaa,train,ont_total_negativo_mentions,0.0,-0.21001172000820306,-0.21001172065734863
1myamaa,train,ont_InteligenciaArtificial_Negativo,0.0,-0.19168298382244495,-0.19168297946453094
1myamaa,train,ont_Innovacion_Neutro,0.0,-0.16443598256119465,-0.1644359827041626
1myamaa,train,ont_Etica_Negativo,0.0,-0.06834085335022719,-0.06834085285663605
1myamaa,train,ont_Tecnologia_Neutro,0.0,-0.27668578554642986,-0.27668577432632446
1n37lqc,train,ont_domain_density,0.047619047619047616,-0.29202112154229753,-0.29202112555503845
1n37lqc,train,ont_total_negativo_mentions,0.0,-0.21001172000820306,-0.21001172065734863
1n37lqc,train,ont_InteligenciaArtificial_Negativo,0.0,-0.19168298382244495,-0.19168297946453094
1n37lqc,train,ont_Innovacion_Neutro,0.0,-0.16443598256119465,-0.1644359827041626
1n37lqc,train,ont_Etica_Negativo,0.0,-0.06834085335022719,-0.06834085285663605
1n37lqc,train,ont_Tecnologia_Neutro,1.0,1.2450860349589343,1.2450860738754272
1n0oidd,train,ont_domain_density,0.08333333333333333,0.3485731979436447,0.3485732078552246
1n0oidd,train,ont_total_negativo_mentions,0.0,-0.21001172000820306,-0.21001172065734863
1n0oidd,train,ont_InteligenciaArtificial_Negativo,0.0,-0.19168298382244495,-0.19168297946453094
1n0oidd,train,ont_Innovacion_Neutro,0.0,-0.16443598256119465,-0.1644359827041626
1n0oidd,train,ont_Etica_Negativo,0.0,-0.06834085335022719,-0.06834085285663605
1n0oidd,train,ont_Tecnologia_Neutro,0.0,-0.27668578554642986,-0.27668577432632446
1n1qqft,train,ont_domain_density,0.07142857142857142,0.1350417581149973,0.1350417584180832
1n1qqft,train,ont_total_negativo_mentions,0.0,-0.21001172000820306,-0.21001172065734863
1n1qqft,train,ont_InteligenciaArtificial_Negativo,0.0,-0.19168298382244495,-0.19168297946453094
1n1qqft,train,ont_Innovacion_Neutro,0.0,-0.16443598256119465,-0.1644359827041626
1n1qqft,train,ont_Etica_Negativo,0.0,-0.06834085335022719,-0.06834085285663605
1n1qqft,train,ont_Tecnologia_Neutro,1.0,1.2450860349589343,1.2450860738754272
1myl71n,train,ont_domain_density,0.05555555555555555,-0.14966682832319925,-0.14966683089733124
1myl71n,train,ont_total_negativo_mentions,0.0,-0.21001172000820306,-0.21001172065734863
1myl71n,train,ont_InteligenciaArtificial_Negativo,0.0,-0.19168298382244495,-0.19168297946453094
1myl71n,train,ont_Innovacion_Neutro,0.0,-0.16443598256119465,-0.1644359827041626
1myl71n,train,ont_Etica_Negativo,0.0,-0.06834085335022719,-0.06834085285663605
1myl71n,train,ont_Tecnologia_Neutro,0.0,-0.27668578554642986,-0.27668577432632446
1mx640e,train,ont_domain_density,0.007246376811594203,-1.016171221830754,-1.0161712169647217
1mx640e,train,ont_total_negativo_mentions,0.0,-0.21001172000820306,-0.21001172065734863
1mx640e,train,ont_InteligenciaArtificial_Negativo,0.0,-0.19168298382244495,-0.19168297946453094
1mx640e,train,ont_Innovacion_Neutro,0.0,-0.16443598256119465,-0.1644359827041626
1mx640e,train,ont_Etica_Negativo,0.0,-0.06834085335022719,-0.06834085285663605
1mx640e,train,ont_Tecnologia_Neutro,1.0,1.2450860349589343,1.2450860738754272
1mybhcd,train,ont_domain_density,0.16666666666666666,1.8432932767441765,1.843293309211731
1mybhcd,train,ont_total_negativo_mentions,0.0,-0.21001172000820306,-0.21001172065734863
1mybhcd,train,ont_InteligenciaArtificial_Negativo,0.0,-0.19168298382244495,-0.19168297946453094
1mybhcd,train,ont_Innovacion_Neutro,0.0,-0.16443598256119465,-0.1644359827041626
1mybhcd,train,ont_Etica_Negativo,0.0,-0.06834085335022719,-0.06834085285663605
1mybhcd,train,ont_Tecnologia_Neutro,1.0,1.2450860349589343,1.2450860738754272
1n07idm,train,ont_domain_density,0.0,-1.146146880856887,-1.1461468935012817
1n07idm,train,ont_total_negativo_mentions,0.0,-0.21001172000820306,-0.21001172065734863
1n07idm,train,ont_InteligenciaArtificial_Negativo,0.0,-0.19168298382244495,-0.19168297946453094
1n07idm,train,ont_Innovacion_Neutro,0.0,-0.16443598256119465,-0.1644359827041626
1n07idm,train,ont_Etica_Negativo,0.0,-0.06834085335022719,-0.06834085285663605
1n07idm,train,ont_Tecnologia_Neutro,0.0,-0.27668578554642986,-0.27668577432632446
1n2c85w,train,ont_domain_density,0.08333333333333333,0.3485731979436447,0.3485732078552246
1n2c85w,train,ont_total_negativo_mentions,0.0,-0.21001172000820306,-0.21001172065734863
1n2c85w,train,ont_InteligenciaArtificial_Negativo,0.0,-0.19168298382244495,-0.19168297946453094
1n2c85w,train,ont_Innovacion_Neutro,0.0,-0.16443598256119465,-0.1644359827041626
1n2c85w,train,ont_Etica_Negativo,0.0,-0.06834085335022719,-0.06834085285663605
1n2c85w,train,ont_Tecnologia_Neutro,0.0,-0.27668578554642986,-0.27668577432632446
1n2vlxc,train,ont_domain_density,0.14285714285714285,1.4162303970868817,1.4162304401397705
1n2vlxc,train,ont_total_negativo_mentions,0.0,-0.21001172000820306,-0.21001172065734863
1n2vlxc,train,ont_InteligenciaArtificial_Negativo,0.0,-0.19168298382244495,-0.19168297946453094
1n2vlxc,train,ont_Innovacion_Neutro,0.0,-0.16443598256119465,-0.1644359827041626
1n2vlxc,train,ont_Etica_Negativo,0.0,-0.06834085335022719,-0.06834085285663605
1n2vlxc,train,ont_Tecnologia_Neutro,0.0,-0.27668578554642986,-0.27668577432632446
1n1c5co,train,ont_domain_density,0.043478260869565216,-0.3662929267000879,-0.36629292368888855
1n1c5co,train,ont_total_negativo_mentions,0.0,-0.21001172000820306,-0.21001172065734863
1n1c5co,train,ont_InteligenciaArtificial_Negativo,0.0,-0.19168298382244495,-0.19168297946453094
1n1c5co,train,ont_Innovacion_Neutro,0.0,-0.16443598256119465,-0.1644359827041626
1n1c5co,train,ont_Etica_Negativo,0.0,-0.06834085335022719,-0.06834085285663605
1n1c5co,train,ont_Tecnologia_Neutro,0.0,-0.27668578554642986,-0.27668577432632446
1n0veo8,train,ont_domain_density,0.0036231884057971015,-1.0811590513438205,-1.081158995628357
1n0veo8,train,ont_total_negativo_mentions,0.0,-0.21001172000820306,-0.21001172065734863
1n0veo8,train,ont_InteligenciaArtificial_Negativo,0.0,-0.19168298382244495,-0.19168297946453094
1n0veo8,train,ont_Innovacion_Neutro,0.0,-0.16443598256119465,-0.1644359827041626
1n0veo8,train,ont_Etica_Negativo,0.0,-0.06834085335022719,-0.06834085285663605
1n0veo8,train,ont_Tecnologia_Neutro,0.0,-0.27668578554642986,-0.27668577432632446
1mym2k0,train,ont_domain_density,0.14285714285714285,1.4162303970868817,1.4162304401397705
1mym2k0,train,ont_total_negativo_mentions,0.0,-0.21001172000820306,-0.21001172065734863
1mym2k0,train,ont_InteligenciaArtificial_Negativo,0.0,-0.19168298382244495,-0.19168297946453094
1mym2k0,train,ont_Innovacion_Neutro,0.0,-0.16443598256119465,-0.1644359827041626
1mym2k0,train,ont_Etica_Negativo,0.0,-0.06834085335022719,-0.06834085285663605
1mym2k0,train,ont_Tecnologia_Neutro,0.0,-0.27668578554642986,-0.27668577432632446
1n0vknx,train,ont_domain_density,0.06666666666666667,0.04962918218353839,0.04962918162345886
1n0vknx,train,ont_total_negativo_mentions,0.0,-0.21001172000820306,-0.21001172065734863
1n0vknx,train,ont_InteligenciaArtificial_Negativo,0.0,-0.19168298382244495,-0.19168297946453094
1n0vknx,train,ont_Innovacion_Neutro,0.0,-0.16443598256119465,-0.1644359827041626
1n0vknx,train,ont_Etica_Negativo,0.0,-0.06834085335022719,-0.06834085285663605
1n0vknx,train,ont_Tecnologia_Neutro,0.0,-0.27668578554642986,-0.27668577432632446
1n1esxc,train,ont_domain_density,0.023255813953488372,-0.7290156960753433,-0.7290157079696655
1n1esxc,train,ont_total_negativo_mentions,0.0,-0.21001172000820306,-0.21001172065734863
1n1esxc,train,ont_InteligenciaArtificial_Negativo,0.0,-0.19168298382244495,-0.19168297946453094
1n1esxc,train,ont_Innovacion_Neutro,0.0,-0.16443598256119465,-0.1644359827041626
1n1esxc,train,ont_Etica_Negativo,0.0,-0.06834085335022719,-0.06834085285663605
1n1esxc,train,ont_Tecnologia_Neutro,2.0,2.7668578554642984,2.766857862472534
1mzlh7p,train,ont_domain_density,0.06666666666666667,0.04962918218353839,0.04962918162345886
1mzlh7p,train,ont_total_negativo_mentions,0.0,-0.21001172000820306,-0.21001172065734863
1mzlh7p,train,ont_InteligenciaArtificial_Negativo,0.0,-0.19168298382244495,-0.19168297946453094
1mzlh7p,train,ont_Innovacion_Neutro,0.0,-0.16443598256119465,-0.1644359827041626
1mzlh7p,train,ont_Etica_Negativo,0.0,-0.06834085335022719,-0.06834085285663605
1mzlh7p,train,ont_Tecnologia_Neutro,0.0,-0.27668578554642986,-0.27668577432632446
1n3bxtu,train,ont_domain_density,0.08333333333333333,0.3485731979436447,0.3485732078552246
1n3bxtu,train,ont_total_negativo_mentions,0.0,-0.21001172000820306,-0.21001172065734863
1n3bxtu,train,ont_InteligenciaArtificial_Negativo,0.0,-0.19168298382244495,-0.19168297946453094
1n3bxtu,train,ont_Innovacion_Neutro,0.0,-0.16443598256119465,-0.1644359827041626
1n3bxtu,train,ont_Etica_Negativo,0.0,-0.06834085335022719,-0.06834085285663605
1n3bxtu,train,ont_Tecnologia_Neutro,1.0,1.2450860349589343,1.2450860738754272
1n3dyg2,train,ont_domain_density,0.0,-1.146146880856887,-1.1461468935012817
1n3dyg2,train,ont_total_negativo_mentions,0.0,-0.21001172000820306,-0.21001172065734863
1n3dyg2,train,ont_InteligenciaArtificial_Negativo,0.0,-0.19168298382244495,-0.19168297946453094
1n3dyg2,train,ont_Innovacion_Neutro,0.0,-0.16443598256119465,-0.1644359827041626
1n3dyg2,train,ont_Etica_Negativo,0.0,-0.06834085335022719,-0.06834085285663605
1n3dyg2,train,ont_Tecnologia_Neutro,0.0,-0.27668578554642986,-0.27668577432632446
1mza5gm,train,ont_domain_density,0.07692307692307693,0.23359473034360395,0.23359473049640656
1mza5gm,train,ont_total_negativo_mentions,0.0,-0.21001172000820306,-0.21001172065734863
1mza5gm,train,ont_InteligenciaArtificial_Negativo,0.0,-0.19168298382244495,-0.19168297946453094
1mza5gm,train,ont_Innovacion_Neutro,0.0,-0.16443598256119465,-0.1644359827041626
1mza5gm,train,ont_Etica_Negativo,0.0,-0.06834085335022719,-0.06834085285663605
1mza5gm,train,ont_Tecnologia_Neutro,0.0,-0.27668578554642986,-0.27668577432632446
1myteou,train,ont_domain_density,0.07142857142857142,0.1350417581149973,0.1350417584180832
1myteou,train,ont_total_negativo_mentions,0.0,-0.21001172000820306,-0.21001172065734863
1myteou,train,ont_InteligenciaArtificial_Negativo,0.0,-0.19168298382244495,-0.19168297946453094
1myteou,train,ont_Innovacion_Neutro,0.0,-0.16443598256119465,-0.1644359827041626
1myteou,train,ont_Etica_Negativo,0.0,-0.06834085335022719,-0.06834085285663605
1myteou,train,ont_Tecnologia_Neutro,0.0,-0.27668578554642986,-0.27668577432632446
1mvxrps,train,ont_domain_density,0.006097560975609756,-1.0367771189934336,-1.036777138710022
1mvxrps,train,ont_total_negativo_mentions,0.0,-0.21001172000820306,-0.21001172065734863
1mvxrps,train,ont_InteligenciaArtificial_Negativo,0.0,-0.19168298382244495,-0.19168297946453094
1mvxrps,train,ont_Innovacion_Neutro,0.0,-0.16443598256119465,-0.1644359827041626
1mvxrps,train,ont_Etica_Negativo,0.0,-0.06834085335022719,-0.06834085285663605
1mvxrps,train,ont_Tecnologia_Neutro,0.0,-0.27668578554642986,-0.27668577432632446
1mzqv6x,train,ont_domain_density,0.006666666666666667,-1.0265692745528445,-1.0265692472457886
1mzqv6x,train,ont_total_negativo_mentions,0.0,-0.21001172000820306,-0.21001172065734863
1mzqv6x,train,ont_InteligenciaArtificial_Negativo,0.0,-0.19168298382244495,-0.19168297946453094
1mzqv6x,train,ont_Innovacion_Neutro,0.0,-0.16443598256119465,-0.1644359827041626
1mzqv6x,train,ont_Etica_Negativo,0.0,-0.06834085335022719,-0.06834085285663605
1mzqv6x,train,ont_Tecnologia_Neutro,0.0,-0.27668578554642986,-0.27668577432632446
1mzu9qo,train,ont_domain_density,0.08333333333333333,0.3485731979436447,0.3485732078552246
1mzu9qo,train,ont_total_negativo_mentions,0.0,-0.21001172000820306,-0.21001172065734863
1mzu9qo,train,ont_InteligenciaArtificial_Negativo,0.0,-0.19168298382244495,-0.19168297946453094
1mzu9qo,train,ont_Innovacion_Neutro,0.0,-0.16443598256119465,-0.1644359827041626
1mzu9qo,train,ont_Etica_Negativo,0.0,-0.06834085335022719,-0.06834085285663605
1mzu9qo,train,ont_Tecnologia_Neutro,0.0,-0.27668578554642986,-0.27668577432632446
1n2dymo,train,ont_domain_density,0.2,2.44118130826439,2.4411814212799072
1n2dymo,train,ont_total_negativo_mentions,0.0,-0.21001172000820306,-0.21001172065734863
1n2dymo,train,ont_InteligenciaArtificial_Negativo,0.0,-0.19168298382244495,-0.19168297946453094
1n2dymo,train,ont_Innovacion_Neutro,0.0,-0.16443598256119465,-0.1644359827041626
1n2dymo,train,ont_Etica_Negativo,0.0,-0.06834085335022719,-0.06834085285663605
1n2dymo,train,ont_Tecnologia_Neutro,0.0,-0.27668578554642986,-0.27668577432632446
1n0szva,train,ont_domain_density,0.09090909090909091,0.4844568414709659,0.4844568371772766
1n0szva,train,ont_total_negativo_mentions,0.0,-0.21001172000820306,-0.21001172065734863
1n0szva,train,ont_InteligenciaArtificial_Negativo,0.0,-0.19168298382244495,-0.19168297946453094
1n0szva,train,ont_Innovacion_Neutro,0.0,-0.16443598256119465,-0.1644359827041626
1n0szva,train,ont_Etica_Negativo,0.0,-0.06834085335022719,-0.06834085285663605
1n0szva,train,ont_Tecnologia_Neutro,0.0,-0.27668578554642986,-0.27668577432632446
1n2ui46,train,ont_domain_density,0.16666666666666666,1.8432932767441765,1.843293309211731
1n2ui46,train,ont_total_negativo_mentions,0.0,-0.21001172000820306,-0.21001172065734863
1n2ui46,train,ont_InteligenciaArtificial_Negativo,0.0,-0.19168298382244495,-0.19168297946453094
1n2ui46,train,ont_Innovacion_Neutro,0.0,-0.16443598256119465,-0.1644359827041626
1n2ui46,train,ont_Etica_Negativo,0.0,-0.06834085335022719,-0.06834085285663605
1n2ui46,train,ont_Tecnologia_Neutro,1.0,1.2450860349589343,1.2450860738754272
1mylm2m,train,ont_domain_density,0.012987012987012988,-0.9132034919529081,-0.9132034778594971
1mylm2m,train,ont_total_negativo_mentions,0.0,-0.21001172000820306,-0.21001172065734863
1mylm2m,train,ont_InteligenciaArtificial_Negativo,0.0,-0.19168298382244495,-0.19168297946453094
1mylm2m,train,ont_Innovacion_Neutro,0.0,-0.16443598256119465,-0.1644359827041626
1mylm2m,train,ont_Etica_Negativo,0.0,-0.06834085335022719,-0.06834085285663605
1mylm2m,train,ont_Tecnologia_Neutro,0.0,-0.27668578554642986,-0.27668577432632446
1mtm6hn,train,ont_domain_density,0.375,5.580093473745507,5.5800933837890625
1mtm6hn,train,ont_total_negativo_mentions,0.0,-0.21001172000820306,-0.21001172065734863
1mtm6hn,train,ont_InteligenciaArtificial_Negativo,0.0,-0.19168298382244495,-0.19168297946453094
1mtm6hn,train,ont_Innovacion_Neutro,0.0,-0.16443598256119465,-0.1644359827041626
1mtm6hn,train,ont_Etica_Negativo,0.0,-0.06834085335022719,-0.06834085285663605
1mtm6hn,train,ont_Tecnologia_Neutro,0.0,-0.27668578554642986,-0.27668577432632446
1n0ngg7,train,ont_domain_density,0.05405405405405406,-0.17659872163492044,-0.17659872770309448
1n0ngg7,train,ont_total_negativo_mentions,0.0,-0.21001172000820306,-0.21001172065734863
1n0ngg7,train,ont_InteligenciaArtificial_Negativo,0.0,-0.19168298382244495,-0.19168297946453094
1n0ngg7,train,ont_Innovacion_Neutro,0.0,-0.16443598256119465,-0.1644359827041626
1n0ngg7,train,ont_Etica_Negativo,0.0,-0.06834085335022719,-0.06834085285663605
1n0ngg7,train,ont_Tecnologia_Neutro,1.0,1.2450860349589343,1.2450860738754272
1mz6c28,train,ont_domain_density,0.09090909090909091,0.4844568414709659,0.4844568371772766
1mz6c28,train,ont_total_negativo_mentions,0.0,-0.21001172000820306,-0.21001172065734863
1mz6c28,train,ont_InteligenciaArtificial_Negativo,0.0,-0.19168298382244495,-0.19168297946453094
1mz6c28,train,ont_Innovacion_Neutro,0.0,-0.16443598256119465,-0.1644359827041626
1mz6c28,train,ont_Etica_Negativo,0.0,-0.06834085335022719,-0.06834085285663605
1mz6c28,train,ont_Tecnologia_Neutro,0.0,-0.27668578554642986,-0.27668577432632446
1n0voej,train,ont_domain_density,0.05,-0.24931483357656795,-0.2493148297071457
1n0voej,train,ont_total_negativo_mentions,0.0,-0.21001172000820306,-0.21001172065734863
1n0voej,train,ont_InteligenciaArtificial_Negativo,0.0,-0.19168298382244495,-0.19168297946453094
1n0voej,train,ont_Innovacion_Neutro,0.0,-0.16443598256119465,-0.1644359827041626
1n0voej,train,ont_Etica_Negativo,0.0,-0.06834085335022719,-0.06834085285663605
1n0voej,train,ont_Tecnologia_Neutro,0.0,-0.27668578554642986,-0.27668577432632446
1mvw2lb,train,ont_domain_density,0.021739130434782608,-0.7562199037784875,-0.7562199234962463
1mvw2lb,train,ont_total_negativo_mentions,0.0,-0.21001172000820306,-0.21001172065734863
1mvw2lb,train,ont_InteligenciaArtificial_Negativo,0.0,-0.19168298382244495,-0.19168297946453094
1mvw2lb,train,ont_Innovacion_Neutro,1.0,5.324323711205579,5.324323654174805
1mvw2lb,train,ont_Etica_Negativo,0.0,-0.06834085335022719,-0.06834085285663605
1mvw2lb,train,ont_Tecnologia_Neutro,0.0,-0.27668578554642986,-0.27668577432632446
1n0sz0f,train,ont_domain_density,0.0,-1.146146880856887,-1.1461468935012817
1n0sz0f,train,ont_total_negativo_mentions,0.0,-0.21001172000820306,-0.21001172065734863
1n0sz0f,train,ont_InteligenciaArtificial_Negativo,0.0,-0.19168298382244495,-0.19168297946453094
1n0sz0f,train,ont_Innovacion_Neutro,0.0,-0.16443598256119465,-0.1644359827041626
1n0sz0f,train,ont_Etica_Negativo,0.0,-0.06834085335022719,-0.06834085285663605
1n0sz0f,train,ont_Tecnologia_Neutro,0.0,-0.27668578554642986,-0.27668577432632446
1n0sz5a,train,ont_domain_density,0.09090909090909091,0.4844568414709659,0.4844568371772766
1n0sz5a,train,ont_total_negativo_mentions,0.0,-0.21001172000820306,-0.21001172065734863
1n0sz5a,train,ont_InteligenciaArtificial_Negativo,0.0,-0.19168298382244495,-0.19168297946453094
1n0sz5a,train,ont_Innovacion_Neutro,0.0,-0.16443598256119465,-0.1644359827041626
1n0sz5a,train,ont_Etica_Negativo,0.0,-0.06834085335022719,-0.06834085285663605
1n0sz5a,train,ont_Tecnologia_Neutro,0.0,-0.27668578554642986,-0.27668577432632446
1n2a9k7,train,ont_domain_density,0.07142857142857142,0.1350417581149973,0.1350417584180832
1n2a9k7,train,ont_total_negativo_mentions,0.0,-0.21001172000820306,-0.21001172065734863
1n2a9k7,train,ont_InteligenciaArtificial_Negativo,0.0,-0.19168298382244495,-0.19168297946453094
1n2a9k7,train,ont_Innovacion_Neutro,0.0,-0.16443598256119465,-0.1644359827041626
1n2a9k7,train,ont_Etica_Negativo,0.0,-0.06834085335022719,-0.06834085285663605
1n2a9k7,train,ont_Tecnologia_Neutro,0.0,-0.27668578554642986,-0.27668577432632446
1n0c3fh,train,ont_domain_density,0.07142857142857142,0.1350417581149973,0.1350417584180832
1n0c3fh,train,ont_total_negativo_mentions,0.0,-0.21001172000820306,-0.21001172065734863
1n0c3fh,train,ont_InteligenciaArtificial_Negativo,0.0,-0.19168298382244495,-0.19168297946453094
1n0c3fh,train,ont_Innovacion_Neutro,0.0,-0.16443598256119465,-0.1644359827041626
1n0c3fh,train,ont_Etica_Negativo,0.0,-0.06834085335022719,-0.06834085285663605
1n0c3fh,train,ont_Tecnologia_Neutro,0.0,-0.27668578554642986,-0.27668577432632446
1n0c2ru,train,ont_domain_density,0.0,-1.146146880856887,-1.1461468935012817
1n0c2ru,train,ont_total_negativo_mentions,0.0,-0.21001172000820306,-0.21001172065734863
1n0c2ru,train,ont_InteligenciaArtificial_Negativo,0.0,-0.19168298382244495,-0.19168297946453094
1n0c2ru,train,ont_Innovacion_Neutro,0.0,-0.16443598256119465,-0.1644359827041626
1n0c2ru,train,ont_Etica_Negativo,0.0,-0.06834085335022719,-0.06834085285663605
1n0c2ru,train,ont_Tecnologia_Neutro,0.0,-0.27668578554642986,-0.27668577432632446
1mp5y9w,train,ont_domain_density,0.125,1.0959332373439108,1.095933198928833
1mp5y9w,train,ont_total_negativo_mentions,0.0,-0.21001172000820306,-0.21001172065734863
1mp5y9w,train,ont_InteligenciaArtificial_Negativo,0.0,-0.19168298382244495,-0.19168297946453094
1mp5y9w,train,ont_Innovacion_Neutro,0.0,-0.16443598256119465,-0.1644359827041626
1mp5y9w,train,ont_Etica_Negativo,0.0,-0.06834085335022719,-0.06834085285663605
1mp5y9w,train,ont_Tecnologia_Neutro,1.0,1.2450860349589343,1.2450860738754272
1n1l4or,train,ont_domain_density,0.08333333333333333,0.3485731979436447,0.3485732078552246
1n1l4or,train,ont_total_negativo_mentions,0.0,-0.21001172000820306,-0.21001172065734863
1n1l4or,train,ont_InteligenciaArtificial_Negativo,0.0,-0.19168298382244495,-0.19168297946453094
1n1l4or,train,ont_Innovacion_Neutro,0.0,-0.16443598256119465,-0.1644359827041626
1n1l4or,train,ont_Etica_Negativo,0.0,-0.06834085335022719,-0.06834085285663605
1n1l4or,train,ont_Tecnologia_Neutro,0.0,-0.27668578554642986,-0.27668577432632446
1n2poke,train,ont_domain_density,0.006711409395973154,-1.0257667402823478,-1.0257667303085327
1n2poke,train,ont_total_negativo_mentions,0.0,-0.21001172000820306,-0.21001172065734863
1n2poke,train,ont_InteligenciaArtificial_Negativo,0.0,-0.19168298382244495,-0.19168297946453094
1n2poke,train,ont_Innovacion_Neutro,0.0,-0.16443598256119465,-0.1644359827041626
1n2poke,train,ont_Etica_Negativo,0.0,-0.06834085335022719,-0.06834085285663605
1n2poke,train,ont_Tecnologia_Neutro,0.0,-0.27668578554642986,-0.27668577432632446
1n0oaa5,train,ont_domain_density,0.08333333333333333,0.3485731979436447,0.3485732078552246
1n0oaa5,train,ont_total_negativo_mentions,0.0,-0.21001172000820306,-0.21001172065734863
1n0oaa5,train,ont_InteligenciaArtificial_Negativo,0.0,-0.19168298382244495,-0.19168297946453094
1n0oaa5,train,ont_Innovacion_Neutro,0.0,-0.16443598256119465,-0.1644359827041626
1n0oaa5,train,ont_Etica_Negativo,0.0,-0.06834085335022719,-0.06834085285663605
1n0oaa5,train,ont_Tecnologia_Neutro,0.0,-0.27668578554642986,-0.27668577432632446
1n1a64f,train,ont_domain_density,0.08333333333333333,0.3485731979436447,0.3485732078552246
1n1a64f,train,ont_total_negativo_mentions,0.0,-0.21001172000820306,-0.21001172065734863
1n1a64f,train,ont_InteligenciaArtificial_Negativo,0.0,-0.19168298382244495,-0.19168297946453094
1n1a64f,train,ont_Innovacion_Neutro,0.0,-0.16443598256119465,-0.1644359827041626
1n1a64f,train,ont_Etica_Negativo,0.0,-0.06834085335022719,-0.06834085285663605
1n1a64f,train,ont_Tecnologia_Neutro,0.0,-0.27668578554642986,-0.27668577432632446
1n08h7w,train,ont_domain_density,0.007936507936507936,-1.003792587637789,-1.003792643547058
1n08h7w,train,ont_total_negativo_mentions,0.0,-0.21001172000820306,-0.21001172065734863
1n08h7w,train,ont_InteligenciaArtificial_Negativo,0.0,-0.19168298382244495,-0.19168297946453094
1n08h7w,train,ont_Innovacion_Neutro,0.0,-0.16443598256119465,-0.1644359827041626
1n08h7w,train,ont_Etica_Negativo,0.0,-0.06834085335022719,-0.06834085285663605
1n08h7w,train,ont_Tecnologia_Neutro,0.0,-0.27668578554642986,-0.27668577432632446
1n1i7rb,train,ont_domain_density,0.1111111111111111,0.8468132242104887,0.8468132019042969
1n1i7rb,train,ont_total_negativo_mentions,0.0,-0.21001172000820306,-0.21001172065734863
1n1i7rb,train,ont_InteligenciaArtificial_Negativo,0.0,-0.19168298382244495,-0.19168297946453094
1n1i7rb,train,ont_Innovacion_Neutro,0.0,-0.16443598256119465,-0.1644359827041626
1n1i7rb,train,ont_Etica_Negativo,0.0,-0.06834085335022719,-0.06834085285663605
1n1i7rb,train,ont_Tecnologia_Neutro,0.0,-0.27668578554642986,-0.27668577432632446
1n00mg5,train,ont_domain_density,0.08333333333333333,0.3485731979436447,0.3485732078552246
1n00mg5,train,ont_total_negativo_mentions,0.0,-0.21001172000820306,-0.21001172065734863
1n00mg5,train,ont_InteligenciaArtificial_Negativo,0.0,-0.19168298382244495,-0.19168297946453094
1n00mg5,train,ont_Innovacion_Neutro,0.0,-0.16443598256119465,-0.1644359827041626
1n00mg5,train,ont_Etica_Negativo,0.0,-0.06834085335022719,-0.06834085285663605
1n00mg5,train,ont_Tecnologia_Neutro,0.0,-0.27668578554642986,-0.27668577432632446
1n1hw26,train,ont_domain_density,0.0,-1.146146880856887,-1.1461468935012817
1n1hw26,train,ont_total_negativo_mentions,0.0,-0.21001172000820306,-0.21001172065734863
1n1hw26,train,ont_InteligenciaArtificial_Negativo,0.0,-0.19168298382244495,-0.19168297946453094
1n1hw26,train,ont_Innovacion_Neutro,0.0,-0.16443598256119465,-0.1644359827041626
1n1hw26,train,ont_Etica_Negativo,0.0,-0.06834085335022719,-0.06834085285663605
1n1hw26,train,ont_Tecnologia_Neutro,0.0,-0.27668578554642986,-0.27668577432632446
1n0ppmv,train,ont_domain_density,0.09090909090909091,0.4844568414709659,0.4844568371772766
1n0ppmv,train,ont_total_negativo_mentions,0.0,-0.21001172000820306,-0.21001172065734863
1n0ppmv,train,ont_InteligenciaArtificial_Negativo,0.0,-0.19168298382244495,-0.19168297946453094
1n0ppmv,train,ont_Innovacion_Neutro,0.0,-0.16443598256119465,-0.1644359827041626
1n0ppmv,train,ont_Etica_Negativo,0.0,-0.06834085335022719,-0.06834085285663605
1n0ppmv,train,ont_Tecnologia_Neutro,0.0,-0.27668578554642986,-0.27668577432632446
1n0aa7u,train,ont_domain_density,0.034482758620689655,-0.5276420206635636,-0.527642011642456
1n0aa7u,train,ont_total_negativo_mentions,0.0,-0.21001172000820306,-0.21001172065734863
1n0aa7u,train,ont_InteligenciaArtificial_Negativo,0.0,-0.19168298382244495,-0.19168297946453094
1n0aa7u,train,ont_Innovacion_Neutro,0.0,-0.16443598256119465,-0.1644359827041626
1n0aa7u,train,ont_Etica_Negativo,0.0,-0.06834085335022719,-0.06834085285663605
1n0aa7u,train,ont_Tecnologia_Neutro,0.0,-0.27668578554642986,-0.27668577432632446
1mzpurn,train,ont_domain_density,0.0,-1.146146880856887,-1.1461468935012817
1mzpurn,train,ont_total_negativo_mentions,0.0,-0.21001172000820306,-0.21001172065734863
1mzpurn,train,ont_InteligenciaArtificial_Negativo,0.0,-0.19168298382244495,-0.19168297946453094
1mzpurn,train,ont_Innovacion_Neutro,0.0,-0.16443598256119465,-0.1644359827041626
1mzpurn,train,ont_Etica_Negativo,0.0,-0.06834085335022719,-0.06834085285663605
1mzpurn,train,ont_Tecnologia_Neutro,0.0,-0.27668578554642986,-0.27668577432632446
1mzvip3,train,ont_domain_density,0.003568242640499554,-1.082144593807444,-1.0821446180343628
1mzvip3,train,ont_total_negativo_mentions,0.0,-0.21001172000820306,-0.21001172065734863
1mzvip3,train,ont_InteligenciaArtificial_Negativo,0.0,-0.19168298382244495,-0.19168297946453094
1mzvip3,train,ont_Innovacion_Neutro,1.0,5.324323711205579,5.324323654174805
1mzvip3,train,ont_Etica_Negativo,0.0,-0.06834085335022719,-0.06834085285663605
1mzvip3,train,ont_Tecnologia_Neutro,0.0,-0.27668578554642986,-0.27668577432632446
1n1rxe8,train,ont_domain_density,0.034482758620689655,-0.5276420206635636,-0.527642011642456
1n1rxe8,train,ont_total_negativo_mentions,0.0,-0.21001172000820306,-0.21001172065734863
1n1rxe8,train,ont_InteligenciaArtificial_Negativo,0.0,-0.19168298382244495,-0.19168297946453094
1n1rxe8,train,ont_Innovacion_Neutro,0.0,-0.16443598256119465,-0.1644359827041626
1n1rxe8,train,ont_Etica_Negativo,0.0,-0.06834085335022719,-0.06834085285663605
1n1rxe8,train,ont_Tecnologia_Neutro,0.0,-0.27668578554642986,-0.27668577432632446
1n1furf,train,ont_domain_density,0.125,1.0959332373439108,1.095933198928833
1n1furf,train,ont_total_negativo_mentions,0.0,-0.21001172000820306,-0.21001172065734863
1n1furf,train,ont_InteligenciaArtificial_Negativo,0.0,-0.19168298382244495,-0.19168297946453094
1n1furf,train,ont_Innovacion_Neutro,0.0,-0.16443598256119465,-0.1644359827041626
1n1furf,train,ont_Etica_Negativo,0.0,-0.06834085335022719,-0.06834085285663605
1n1furf,train,ont_Tecnologia_Neutro,0.0,-0.27668578554642986,-0.27668577432632446
1mzajzp,train,ont_domain_density,0.07407407407407407,0.18249318918803006,0.182493194937706
1mzajzp,train,ont_total_negativo_mentions,0.0,-0.21001172000820306,-0.21001172065734863
1mzajzp,train,ont_InteligenciaArtificial_Negativo,0.0,-0.19168298382244495,-0.19168297946453094
1mzajzp,train,ont_Innovacion_Neutro,0.0,-0.16443598256119465,-0.1644359827041626
1mzajzp,train,ont_Etica_Negativo,0.0,-0.06834085335022719,-0.06834085285663605
1mzajzp,train,ont_Tecnologia_Neutro,0.0,-0.27668578554642986,-0.27668577432632446
1myzo6w,train,ont_domain_density,0.25,3.338013355544709,3.3380134105682373
1myzo6w,train,ont_total_negativo_mentions,2.0,6.455278278940668,6.455278396606445
1myzo6w,train,ont_InteligenciaArtificial_Negativo,1.0,4.333905512278206,4.3339056968688965
1myzo6w,train,ont_Innovacion_Neutro,0.0,-0.16443598256119465,-0.1644359827041626
1myzo6w,train,ont_Etica_Negativo,0.0,-0.06834085335022719,-0.06834085285663605
1myzo6w,train,ont_Tecnologia_Neutro,0.0,-0.27668578554642986,-0.27668577432632446
1mpx1x2,train,ont_domain_density,0.02631578947368421,-0.6741300138672455,-0.6741300225257874
1mpx1x2,train,ont_total_negativo_mentions,0.0,-0.21001172000820306,-0.21001172065734863
1mpx1x2,train,ont_InteligenciaArtificial_Negativo,0.0,-0.19168298382244495,-0.19168297946453094
1mpx1x2,train,ont_Innovacion_Neutro,0.0,-0.16443598256119465,-0.1644359827041626
1mpx1x2,train,ont_Etica_Negativo,0.0,-0.06834085335022719,-0.06834085285663605
1mpx1x2,train,ont_Tecnologia_Neutro,0.0,-0.27668578554642986,-0.27668577432632446
1n3cza3,train,ont_domain_density,0.1,0.6475172137037513,0.647517204284668
1n3cza3,train,ont_total_negativo_mentions,0.0,-0.21001172000820306,-0.21001172065734863
1n3cza3,train,ont_InteligenciaArtificial_Negativo,0.0,-0.19168298382244495,-0.19168297946453094
1n3cza3,train,ont_Innovacion_Neutro,0.0,-0.16443598256119465,-0.1644359827041626
1n3cza3,train,ont_Etica_Negativo,0.0,-0.06834085335022719,-0.06834085285663605
1n3cza3,train,ont_Tecnologia_Neutro,1.0,1.2450860349589343,1.2450860738754272
1mzocny,train,ont_domain_density,0.05555555555555555,-0.14966682832319925,-0.14966683089733124
1mzocny,train,ont_total_negativo_mentions,0.0,-0.21001172000820306,-0.21001172065734863
1mzocny,train,ont_InteligenciaArtificial_Negativo,0.0,-0.19168298382244495,-0.19168297946453094
1mzocny,train,ont_Innovacion_Neutro,0.0,-0.16443598256119465,-0.1644359827041626
1mzocny,train,ont_Etica_Negativo,0.0,-0.06834085335022719,-0.06834085285663605
1mzocny,train,ont_Tecnologia_Neutro,0.0,-0.27668578554642986,-0.27668577432632446
1mzrgre,train,ont_domain_density,0.058823529411764705,-0.09105035464474698,-0.09105035662651062
1mzrgre,train,ont_total_negativo_mentions,0.0,-0.21001172000820306,-0.21001172065734863
1mzrgre,train,ont_InteligenciaArtificial_Negativo,0.0,-0.19168298382244495,-0.19168297946453094
1mzrgre,train,ont_Innovacion_Neutro,0.0,-0.16443598256119465,-0.1644359827041626
1mzrgre,train,ont_Etica_Negativo,0.0,-0.06834085335022719,-0.06834085285663605
1mzrgre,train,ont_Tecnologia_Neutro,0.0,-0.27668578554642986,-0.27668577432632446
1mzperx,train,ont_domain_density,0.1111111111111111,0.8468132242104887,0.8468132019042969
1mzperx,train,ont_total_negativo_mentions,0.0,-0.21001172000820306,-0.21001172065734863
1mzperx,train,ont_InteligenciaArtificial_Negativo,0.0,-0.19168298382244495,-0.19168297946453094
1mzperx,train,ont_Innovacion_Neutro,0.0,-0.16443598256119465,-0.1644359827041626
1mzperx,train,ont_Etica_Negativo,0.0,-0.06834085335022719,-0.06834085285663605
1mzperx,train,ont_Tecnologia_Neutro,0.0,-0.27668578554642986,-0.27668577432632446
1mxqcg8,train,ont_domain_density,0.0,-1.146146880856887,-1.1461468935012817
1mxqcg8,train,ont_total_negativo_mentions,0.0,-0.21001172000820306,-0.21001172065734863
1mxqcg8,train,ont_InteligenciaArtificial_Negativo,0.0,-0.19168298382244495,-0.19168297946453094
1mxqcg8,train,ont_Innovacion_Neutro,0.0,-0.16443598256119465,-0.1644359827041626
1mxqcg8,train,ont_Etica_Negativo,0.0,-0.06834085335022719,-0.06834085285663605
1mxqcg8,train,ont_Tecnologia_Neutro,0.0,-0.27668578554642986,-0.27668577432632446
1mzqfil,train,ont_domain_density,0.07692307692307693,0.23359473034360395,0.23359473049640656
1mzqfil,train,ont_total_negativo_mentions,0.0,-0.21001172000820306,-0.21001172065734863
1mzqfil,train,ont_InteligenciaArtificial_Negativo,0.0,-0.19168298382244495,-0.19168297946453094
1mzqfil,train,ont_Innovacion_Neutro,0.0,-0.16443598256119465,-0.1644359827041626
1mzqfil,train,ont_Etica_Negativo,0.0,-0.06834085335022719,-0.06834085285663605
1mzqfil,train,ont_Tecnologia_Neutro,0.0,-0.27668578554642986,-0.27668577432632446
1mzqkts,train,ont_domain_density,0.05,-0.24931483357656795,-0.2493148297071457
1mzqkts,train,ont_total_negativo_mentions,0.0,-0.21001172000820306,-0.21001172065734863
1mzqkts,train,ont_InteligenciaArtificial_Negativo,0.0,-0.19168298382244495,-0.19168297946453094
1mzqkts,train,ont_Innovacion_Neutro,0.0,-0.16443598256119465,-0.1644359827041626
1mzqkts,train,ont_Etica_Negativo,0.0,-0.06834085335022719,-0.06834085285663605
1mzqkts,train,ont_Tecnologia_Neutro,0.0,-0.27668578554642986,-0.27668577432632446
1mxh4oo,train,ont_domain_density,0.047619047619047616,-0.29202112154229753,-0.29202112555503845
1mxh4oo,train,ont_total_negativo_mentions,0.0,-0.21001172000820306,-0.21001172065734863
1mxh4oo,train,ont_InteligenciaArtificial_Negativo,0.0,-0.19168298382244495,-0.19168297946453094
1mxh4oo,train,ont_Innovacion_Neutro,0.0,-0.16443598256119465,-0.1644359827041626
1mxh4oo,train,ont_Etica_Negativo,0.0,-0.06834085335022719,-0.06834085285663605
1mxh4oo,train,ont_Tecnologia_Neutro,0.0,-0.27668578554642986,-0.27668577432632446
1n2ra88,train,ont_domain_density,0.09090909090909091,0.4844568414709659,0.4844568371772766
1n2ra88,train,ont_total_negativo_mentions,0.0,-0.21001172000820306,-0.21001172065734863
1n2ra88,train,ont_InteligenciaArtificial_Negativo,0.0,-0.19168298382244495,-0.19168297946453094
1n2ra88,train,ont_Innovacion_Neutro,0.0,-0.16443598256119465,-0.1644359827041626
1n2ra88,train,ont_Etica_Negativo,0.0,-0.06834085335022719,-0.06834085285663605
1n2ra88,train,ont_Tecnologia_Neutro,0.0,-0.27668578554642986,-0.27668577432632446
1mxx55t,train,ont_domain_density,0.09090909090909091,0.4844568414709659,0.4844568371772766
1mxx55t,train,ont_total_negativo_mentions,0.0,-0.21001172000820306,-0.21001172065734863
1mxx55t,train,ont_InteligenciaArtificial_Negativo,0.0,-0.19168298382244495,-0.19168297946453094
1mxx55t,train,ont_Innovacion_Neutro,0.0,-0.16443598256119465,-0.1644359827041626
1mxx55t,train,ont_Etica_Negativo,0.0,-0.06834085335022719,-0.06834085285663605
1mxx55t,train,ont_Tecnologia_Neutro,0.0,-0.27668578554642986,-0.27668577432632446
1n1vq3j,train,ont_domain_density,0.0,-1.146146880856887,-1.1461468935012817
1n1vq3j,train,ont_total_negativo_mentions,0.0,-0.21001172000820306,-0.21001172065734863
1n1vq3j,train,ont_InteligenciaArtificial_Negativo,0.0,-0.19168298382244495,-0.19168297946453094
1n1vq3j,train,ont_Innovacion_Neutro,0.0,-0.16443598256119465,-0.1644359827041626
1n1vq3j,train,ont_Etica_Negativo,0.0,-0.06834085335022719,-0.06834085285663605
1n1vq3j,train,ont_Tecnologia_Neutro,0.0,-0.27668578554642986,-0.27668577432632446
1n0cog7,train,ont_domain_density,0.1,0.6475172137037513,0.647517204284668
1n0cog7,train,ont_total_negativo_mentions,0.0,-0.21001172000820306,-0.21001172065734863
1n0cog7,train,ont_InteligenciaArtificial_Negativo,0.0,-0.19168298382244495,-0.19168297946453094
1n0cog7,train,ont_Innovacion_Neutro,0.0,-0.16443598256119465,-0.1644359827041626
1n0cog7,train,ont_Etica_Negativo,0.0,-0.06834085335022719,-0.06834085285663605
1n0cog7,train,ont_Tecnologia_Neutro,0.0,-0.27668578554642986,-0.27668577432632446
1mzfvgn,train,ont_domain_density,0.005649717514124294,-1.0448099263619357,-1.0448099374771118
1mzfvgn,train,ont_total_negativo_mentions,0.0,-0.21001172000820306,-0.21001172065734863
1mzfvgn,train,ont_InteligenciaArtificial_Negativo,0.0,-0.19168298382244495,-0.19168297946453094
1mzfvgn,train,ont_Innovacion_Neutro,0.0,-0.16443598256119465,-0.1644359827041626
1mzfvgn,train,ont_Etica_Negativo,0.0,-0.06834085335022719,-0.06834085285663605
1mzfvgn,train,ont_Tecnologia_Neutro,0.0,-0.27668578554642986,-0.27668577432632446
1mz67tu,train,ont_domain_density,0.1,0.6475172137037513,0.647517204284668
1mz67tu,train,ont_total_negativo_mentions,0.0,-0.21001172000820306,-0.21001172065734863
1mz67tu,train,ont_InteligenciaArtificial_Negativo,0.0,-0.19168298382244495,-0.19168297946453094
1mz67tu,train,ont_Innovacion_Neutro,0.0,-0.16443598256119465,-0.1644359827041626
1mz67tu,train,ont_Etica_Negativo,0.0,-0.06834085335022719,-0.06834085285663605
1mz67tu,train,ont_Tecnologia_Neutro,0.0,-0.27668578554642986,-0.27668577432632446
1n0ai5w,train,ont_domain_density,0.1111111111111111,0.8468132242104887,0.8468132019042969
1n0ai5w,train,ont_total_negativo_mentions,0.0,-0.21001172000820306,-0.21001172065734863
1n0ai5w,train,ont_InteligenciaArtificial_Negativo,0.0,-0.19168298382244495,-0.19168297946453094
1n0ai5w,train,ont_Innovacion_Neutro,0.0,-0.16443598256119465,-0.1644359827041626
1n0ai5w,train,ont_Etica_Negativo,0.0,-0.06834085335022719,-0.06834085285663605
1n0ai5w,train,ont_Tecnologia_Neutro,0.0,-0.27668578554642986,-0.27668577432632446
1n1mvtq,train,ont_domain_density,0.058823529411764705,-0.09105035464474698,-0.09105035662651062
1n1mvtq,train,ont_total_negativo_mentions,0.0,-0.21001172000820306,-0.21001172065734863
1n1mvtq,train,ont_InteligenciaArtificial_Negativo,0.0,-0.19168298382244495,-0.19168297946453094
1n1mvtq,train,ont_Innovacion_Neutro,0.0,-0.16443598256119465,-0.1644359827041626
1n1mvtq,train,ont_Etica_Negativo,0.0,-0.06834085335022719,-0.06834085285663605
1n1mvtq,train,ont_Tecnologia_Neutro,0.0,-0.27668578554642986,-0.27668577432632446
1mzeit2,train,ont_domain_density,0.0,-1.146146880856887,-1.1461468935012817
1mzeit2,train,ont_total_negativo_mentions,0.0,-0.21001172000820306,-0.21001172065734863
1mzeit2,train,ont_InteligenciaArtificial_Negativo,0.0,-0.19168298382244495,-0.19168297946453094
1mzeit2,train,ont_Innovacion_Neutro,0.0,-0.16443598256119465,-0.1644359827041626
1mzeit2,train,ont_Etica_Negativo,0.0,-0.06834085335022719,-0.06834085285663605
1mzeit2,train,ont_Tecnologia_Neutro,0.0,-0.27668578554642986,-0.27668577432632446
1n3v6y5,train,ont_domain_density,0.006289308176100629,-1.0333378183059037,-1.0333378314971924
1n3v6y5,train,ont_total_negativo_mentions,0.0,-0.21001172000820306,-0.21001172065734863
1n3v6y5,train,ont_InteligenciaArtificial_Negativo,0.0,-0.19168298382244495,-0.19168297946453094
1n3v6y5,train,ont_Innovacion_Neutro,0.0,-0.16443598256119465,-0.1644359827041626
1n3v6y5,train,ont_Etica_Negativo,0.0,-0.06834085335022719,-0.06834085285663605
1n3v6y5,train,ont_Tecnologia_Neutro,0.0,-0.27668578554642986,-0.27668577432632446
1n3lh27,train,ont_domain_density,0.09090909090909091,0.4844568414709659,0.4844568371772766
1n3lh27,train,ont_total_negativo_mentions,0.0,-0.21001172000820306,-0.21001172065734863
1n3lh27,train,ont_InteligenciaArtificial_Negativo,0.0,-0.19168298382244495,-0.19168297946453094
1n3lh27,train,ont_Innovacion_Neutro,0.0,-0.16443598256119465,-0.1644359827041626
1n3lh27,train,ont_Etica_Negativo,0.0,-0.06834085335022719,-0.06834085285663605
1n3lh27,train,ont_Tecnologia_Neutro,0.0,-0.27668578554642986,-0.27668577432632446
1n296fm,train,ont_domain_density,0.08333333333333333,0.3485731979436447,0.3485732078552246
1n296fm,train,ont_total_negativo_mentions,0.0,-0.21001172000820306,-0.21001172065734863
1n296fm,train,ont_InteligenciaArtificial_Negativo,0.0,-0.19168298382244495,-0.19168297946453094
1n296fm,train,ont_Innovacion_Neutro,0.0,-0.16443598256119465,-0.1644359827041626
1n296fm,train,ont_Etica_Negativo,0.0,-0.06834085335022719,-0.06834085285663605
1n296fm,train,ont_Tecnologia_Neutro,0.0,-0.27668578554642986,-0.27668577432632446
1n3k9cs,train,ont_domain_density,0.05555555555555555,-0.14966682832319925,-0.14966683089733124
1n3k9cs,train,ont_total_negativo_mentions,0.0,-0.21001172000820306,-0.21001172065734863
1n3k9cs,train,ont_InteligenciaArtificial_Negativo,0.0,-0.19168298382244495,-0.19168297946453094
1n3k9cs,train,ont_Innovacion_Neutro,0.0,-0.16443598256119465,-0.1644359827041626
1n3k9cs,train,ont_Etica_Negativo,0.0,-0.06834085335022719,-0.06834085285663605
1n3k9cs,train,ont_Tecnologia_Neutro,0.0,-0.27668578554642986,-0.27668577432632446
1n3y76g,train,ont_domain_density,0.04,-0.4286812430326318,-0.42868125438690186
1n3y76g,train,ont_total_negativo_mentions,0.0,-0.21001172000820306,-0.21001172065734863
1n3y76g,train,ont_InteligenciaArtificial_Negativo,0.0,-0.19168298382244495,-0.19168297946453094
1n3y76g,train,ont_Innovacion_Neutro,0.0,-0.16443598256119465,-0.1644359827041626
1n3y76g,train,ont_Etica_Negativo,0.0,-0.06834085335022719,-0.06834085285663605
1n3y76g,train,ont_Tecnologia_Neutro,0.0,-0.27668578554642986,-0.27668577432632446
1n0ay8f,train,ont_domain_density,0.03731343283582089,-0.47686923363276845,-0.47686922550201416
1n0ay8f,train,ont_total_negativo_mentions,0.0,-0.21001172000820306,-0.21001172065734863
1n0ay8f,train,ont_InteligenciaArtificial_Negativo,0.0,-0.19168298382244495,-0.19168297946453094
1n0ay8f,train,ont_Innovacion_Neutro,0.0,-0.16443598256119465,-0.1644359827041626
1n0ay8f,train,ont_Etica_Negativo,0.0,-0.06834085335022719,-0.06834085285663605
1n0ay8f,train,ont_Tecnologia_Neutro,0.0,-0.27668578554642986,-0.27668577432632446
1n2lfsk,train,ont_domain_density,0.06666666666666667,0.04962918218353839,0.04962918162345886
1n2lfsk,train,ont_total_negativo_mentions,0.0,-0.21001172000820306,-0.21001172065734863
1n2lfsk,train,ont_InteligenciaArtificial_Negativo,0.0,-0.19168298382244495,-0.19168297946453094
1n2lfsk,train,ont_Innovacion_Neutro,0.0,-0.16443598256119465,-0.1644359827041626
1n2lfsk,train,ont_Etica_Negativo,0.0,-0.06834085335022719,-0.06834085285663605
1n2lfsk,train,ont_Tecnologia_Neutro,0.0,-0.27668578554642986,-0.27668577432632446
1n3yg8y,train,ont_domain_density,0.11764705882352941,0.9640461715673933,0.9640461802482605
1n3yg8y,train,ont_total_negativo_mentions,0.0,-0.21001172000820306,-0.21001172065734863
1n3yg8y,train,ont_InteligenciaArtificial_Negativo,0.0,-0.19168298382244495,-0.19168297946453094
1n3yg8y,train,ont_Innovacion_Neutro,0.0,-0.16443598256119465,-0.1644359827041626
1n3yg8y,train,ont_Etica_Negativo,0.0,-0.06834085335022719,-0.06834085285663605
1n3yg8y,train,ont_Tecnologia_Neutro,0.0,-0.27668578554642986,-0.27668577432632446
1n1y4kd,train,ont_domain_density,0.07142857142857142,0.1350417581149973,0.1350417584180832
1n1y4kd,train,ont_total_negativo_mentions,0.0,-0.21001172000820306,-0.21001172065734863
1n1y4kd,train,ont_InteligenciaArtificial_Negativo,0.0,-0.19168298382244495,-0.19168297946453094
1n1y4kd,train,ont_Innovacion_Neutro,0.0,-0.16443598256119465,-0.1644359827041626
1n1y4kd,train,ont_Etica_Negativo,0.0,-0.06834085335022719,-0.06834085285663605
1n1y4kd,train,ont_Tecnologia_Neutro,0.0,-0.27668578554642986,-0.27668577432632446
1n3px41,train,ont_domain_density,0.06666666666666667,0.04962918218353839,0.04962918162345886
1n3px41,train,ont_total_negativo_mentions,0.0,-0.21001172000820306,-0.21001172065734863
1n3px41,train,ont_InteligenciaArtificial_Negativo,0.0,-0.19168298382244495,-0.19168297946453094
1n3px41,train,ont_Innovacion_Neutro,0.0,-0.16443598256119465,-0.1644359827041626
1n3px41,train,ont_Etica_Negativo,0.0,-0.06834085335022719,-0.06834085285663605
1n3px41,train,ont_Tecnologia_Neutro,0.0,-0.27668578554642986,-0.27668577432632446
1n3kf5u,train,ont_domain_density,0.06666666666666667,0.04962918218353839,0.04962918162345886
1n3kf5u,train,ont_total_negativo_mentions,0.0,-0.21001172000820306,-0.21001172065734863
1n3kf5u,train,ont_InteligenciaArtificial_Negativo,0.0,-0.19168298382244495,-0.19168297946453094
1n3kf5u,train,ont_Innovacion_Neutro,0.0,-0.16443598256119465,-0.1644359827041626
1n3kf5u,train,ont_Etica_Negativo,0.0,-0.06834085335022719,-0.06834085285663605
1n3kf5u,train,ont_Tecnologia_Neutro,0.0,-0.27668578554642986,-0.27668577432632446
1n2ez3k,train,ont_domain_density,0.0625,-0.025106821756488196,-0.025106821209192276
1n2ez3k,train,ont_total_negativo_mentions,0.0,-0.21001172000820306,-0.21001172065734863
1n2ez3k,train,ont_InteligenciaArtificial_Negativo,0.0,-0.19168298382244495,-0.19168297946453094
1n2ez3k,train,ont_Innovacion_Neutro,0.0,-0.16443598256119465,-0.1644359827041626
1n2ez3k,train,ont_Etica_Negativo,0.0,-0.06834085335022719,-0.06834085285663605
1n2ez3k,train,ont_Tecnologia_Neutro,1.0,1.2450860349589343,1.2450860738754272
1n2n1ft,train,ont_domain_density,0.08333333333333333,0.3485731979436447,0.3485732078552246
1n2n1ft,train,ont_total_negativo_mentions,0.0,-0.21001172000820306,-0.21001172065734863
1n2n1ft,train,ont_InteligenciaArtificial_Negativo,0.0,-0.19168298382244495,-0.19168297946453094
1n2n1ft,train,ont_Innovacion_Neutro,0.0,-0.16443598256119465,-0.1644359827041626
1n2n1ft,train,ont_Etica_Negativo,0.0,-0.06834085335022719,-0.06834085285663605
1n2n1ft,train,ont_Tecnologia_Neutro,0.0,-0.27668578554642986,-0.27668577432632446
1n1c3zp,train,ont_domain_density,0.1,0.6475172137037513,0.647517204284668
1n1c3zp,train,ont_total_negativo_mentions,0.0,-0.21001172000820306,-0.21001172065734863
1n1c3zp,train,ont_InteligenciaArtificial_Negativo,0.0,-0.19168298382244495,-0.19168297946453094
1n1c3zp,train,ont_Innovacion_Neutro,0.0,-0.16443598256119465,-0.1644359827041626
1n1c3zp,train,ont_Etica_Negativo,0.0,-0.06834085335022719,-0.06834085285663605
1n1c3zp,train,ont_Tecnologia_Neutro,0.0,-0.27668578554642986,-0.27668577432632446
1n3s7c8,train,ont_domain_density,0.14285714285714285,1.4162303970868817,1.4162304401397705
1n3s7c8,train,ont_total_negativo_mentions,0.0,-0.21001172000820306,-0.21001172065734863
1n3s7c8,train,ont_InteligenciaArtificial_Negativo,0.0,-0.19168298382244495,-0.19168297946453094
1n3s7c8,train,ont_Innovacion_Neutro,0.0,-0.16443598256119465,-0.1644359827041626
1n3s7c8,train,ont_Etica_Negativo,0.0,-0.06834085335022719,-0.06834085285663605
1n3s7c8,train,ont_Tecnologia_Neutro,0.0,-0.27668578554642986,-0.27668577432632446
1n25x6e,train,ont_domain_density,0.043478260869565216,-0.3662929267000879,-0.36629292368888855
1n25x6e,train,ont_total_negativo_mentions,0.0,-0.21001172000820306,-0.21001172065734863
1n25x6e,train,ont_InteligenciaArtificial_Negativo,0.0,-0.19168298382244495,-0.19168297946453094
1n25x6e,train,ont_Innovacion_Neutro,0.0,-0.16443598256119465,-0.1644359827041626
1n25x6e,train,ont_Etica_Negativo,0.0,-0.06834085335022719,-0.06834085285663605
1n25x6e,train,ont_Tecnologia_Neutro,0.0,-0.27668578554642986,-0.27668577432632446
1mxsee0,train,ont_domain_density,0.0,-1.146146880856887,-1.1461468935012817
1mxsee0,train,ont_total_negativo_mentions,0.0,-0.21001172000820306,-0.21001172065734863
1mxsee0,train,ont_InteligenciaArtificial_Negativo,0.0,-0.19168298382244495,-0.19168297946453094
1mxsee0,train,ont_Innovacion_Neutro,0.0,-0.16443598256119465,-0.1644359827041626
1mxsee0,train,ont_Etica_Negativo,0.0,-0.06834085335022719,-0.06834085285663605
1mxsee0,train,ont_Tecnologia_Neutro,0.0,-0.27668578554642986,-0.27668577432632446
1mxf5us,train,ont_domain_density,0.0,-1.146146880856887,-1.1461468935012817
1mxf5us,train,ont_total_negativo_mentions,0.0,-0.21001172000820306,-0.21001172065734863
1mxf5us,train,ont_InteligenciaArtificial_Negativo,0.0,-0.19168298382244495,-0.19168297946453094
1mxf5us,train,ont_Innovacion_Neutro,0.0,-0.16443598256119465,-0.1644359827041626
1mxf5us,train,ont_Etica_Negativo,0.0,-0.06834085335022719,-0.06834085285663605
1mxf5us,train,ont_Tecnologia_Neutro,0.0,-0.27668578554642986,-0.27668577432632446
1n3mxi6,train,ont_domain_density,0.0040650406504065045,-1.0732337062812514,-1.073233723640442
1n3mxi6,train,ont_total_negativo_mentions,0.0,-0.21001172000820306,-0.21001172065734863
1n3mxi6,train,ont_InteligenciaArtificial_Negativo,0.0,-0.19168298382244495,-0.19168297946453094
1n3mxi6,train,ont_Innovacion_Neutro,0.0,-0.16443598256119465,-0.1644359827041626
1n3mxi6,train,ont_Etica_Negativo,0.0,-0.06834085335022719,-0.06834085285663605
1n3mxi6,train,ont_Tecnologia_Neutro,0.0,-0.27668578554642986,-0.27668577432632446
1mx714h,train,ont_domain_density,0.0,-1.146146880856887,-1.1461468935012817
1mx714h,train,ont_total_negativo_mentions,0.0,-0.21001172000820306,-0.21001172065734863
1mx714h,train,ont_InteligenciaArtificial_Negativo,0.0,-0.19168298382244495,-0.19168297946453094
1mx714h,train,ont_Innovacion_Neutro,0.0,-0.16443598256119465,-0.1644359827041626
1mx714h,train,ont_Etica_Negativo,0.0,-0.06834085335022719,-0.06834085285663605
1mx714h,train,ont_Tecnologia_Neutro,0.0,-0.27668578554642986,-0.27668577432632446
1n3m8c8,train,ont_domain_density,0.025,-0.6977308572167276,-0.6977308392524719
1n3m8c8,train,ont_total_negativo_mentions,0.0,-0.21001172000820306,-0.21001172065734863
1n3m8c8,train,ont_InteligenciaArtificial_Negativo,0.0,-0.19168298382244495,-0.19168297946453094
1n3m8c8,train,ont_Innovacion_Neutro,0.0,-0.16443598256119465,-0.1644359827041626
1n3m8c8,train,ont_Etica_Negativo,0.0,-0.06834085335022719,-0.06834085285663605
1n3m8c8,train,ont_Tecnologia_Neutro,0.0,-0.27668578554642986,-0.27668577432632446
1n2gztn,train,ont_domain_density,0.07692307692307693,0.23359473034360395,0.23359473049640656
1n2gztn,train,ont_total_negativo_mentions,1.0,3.1226332794662324,3.122633218765259
1n2gztn,train,ont_InteligenciaArtificial_Negativo,0.0,-0.19168298382244495,-0.19168297946453094
1n2gztn,train,ont_Innovacion_Neutro,0.0,-0.16443598256119465,-0.1644359827041626
1n2gztn,train,ont_Etica_Negativo,0.0,-0.06834085335022719,-0.06834085285663605
1n2gztn,train,ont_Tecnologia_Neutro,0.0,-0.27668578554642986,-0.27668577432632446
1n2otl6,train,ont_domain_density,0.07692307692307693,0.23359473034360395,0.23359473049640656
1n2otl6,train,ont_total_negativo_mentions,0.0,-0.21001172000820306,-0.21001172065734863
1n2otl6,train,ont_InteligenciaArtificial_Negativo,0.0,-0.19168298382244495,-0.19168297946453094
1n2otl6,train,ont_Innovacion_Neutro,0.0,-0.16443598256119465,-0.1644359827041626
1n2otl6,train,ont_Etica_Negativo,0.0,-0.06834085335022719,-0.06834085285663605
1n2otl6,train,ont_Tecnologia_Neutro,0.0,-0.27668578554642986,-0.27668577432632446
1n3w0pq,train,ont_domain_density,0.041666666666666664,-0.39878684145662124,-0.39878684282302856
1n3w0pq,train,ont_total_negativo_mentions,0.0,-0.21001172000820306,-0.21001172065734863
1n3w0pq,train,ont_InteligenciaArtificial_Negativo,0.0,-0.19168298382244495,-0.19168297946453094
1n3w0pq,train,ont_Innovacion_Neutro,0.0,-0.16443598256119465,-0.1644359827041626
1n3w0pq,train,ont_Etica_Negativo,0.0,-0.06834085335022719,-0.06834085285663605
1n3w0pq,train,ont_Tecnologia_Neutro,0.0,-0.27668578554642986,-0.27668577432632446
1n2kawg,train,ont_domain_density,0.022727272727272728,-0.7384959502749239,-0.738495945930481
1n2kawg,train,ont_total_negativo_mentions,0.0,-0.21001172000820306,-0.21001172065734863
1n2kawg,train,ont_InteligenciaArtificial_Negativo,0.0,-0.19168298382244495,-0.19168297946453094
1n2kawg,train,ont_Innovacion_Neutro,0.0,-0.16443598256119465,-0.1644359827041626
1n2kawg,train,ont_Etica_Negativo,0.0,-0.06834085335022719,-0.06834085285663605
1n2kawg,train,ont_Tecnologia_Neutro,0.0,-0.27668578554642986,-0.27668577432632446
1n1ehyy,train,ont_domain_density,0.08333333333333333,0.3485731979436447,0.3485732078552246
1n1ehyy,train,ont_total_negativo_mentions,0.0,-0.21001172000820306,-0.21001172065734863
1n1ehyy,train,ont_InteligenciaArtificial_Negativo,0.0,-0.19168298382244495,-0.19168297946453094
1n1ehyy,train,ont_Innovacion_Neutro,0.0,-0.16443598256119465,-0.1644359827041626
1n1ehyy,train,ont_Etica_Negativo,0.0,-0.06834085335022719,-0.06834085285663605
1n1ehyy,train,ont_Tecnologia_Neutro,0.0,-0.27668578554642986,-0.27668577432632446
1n27but,train,ont_domain_density,0.08333333333333333,0.3485731979436447,0.3485732078552246
1n27but,train,ont_total_negativo_mentions,0.0,-0.21001172000820306,-0.21001172065734863
1n27but,train,ont_InteligenciaArtificial_Negativo,0.0,-0.19168298382244495,-0.19168297946453094
1n27but,train,ont_Innovacion_Neutro,0.0,-0.16443598256119465,-0.1644359827041626
1n27but,train,ont_Etica_Negativo,0.0,-0.06834085335022719,-0.06834085285663605
1n27but,train,ont_Tecnologia_Neutro,0.0,-0.27668578554642986,-0.27668577432632446
1n3mcrn,train,ont_domain_density,0.1,0.6475172137037513,0.647517204284668
1n3mcrn,train,ont_total_negativo_mentions,0.0,-0.21001172000820306,-0.21001172065734863
1n3mcrn,train,ont_InteligenciaArtificial_Negativo,0.0,-0.19168298382244495,-0.19168297946453094
1n3mcrn,train,ont_Innovacion_Neutro,0.0,-0.16443598256119465,-0.1644359827041626
1n3mcrn,train,ont_Etica_Negativo,0.0,-0.06834085335022719,-0.06834085285663605
1n3mcrn,train,ont_Tecnologia_Neutro,1.0,1.2450860349589343,1.2450860738754272
1n2aww9,train,ont_domain_density,0.07407407407407407,0.18249318918803006,0.182493194937706
1n2aww9,train,ont_total_negativo_mentions,0.0,-0.21001172000820306,-0.21001172065734863
1n2aww9,train,ont_InteligenciaArtificial_Negativo,0.0,-0.19168298382244495,-0.19168297946453094
1n2aww9,train,ont_Innovacion_Neutro,0.0,-0.16443598256119465,-0.1644359827041626
1n2aww9,train,ont_Etica_Negativo,0.0,-0.06834085335022719,-0.06834085285663605
1n2aww9,train,ont_Tecnologia_Neutro,0.0,-0.27668578554642986,-0.27668577432632446
1n05bdb,train,ont_domain_density,0.0,-1.146146880856887,-1.1461468935012817
1n05bdb,train,ont_total_negativo_mentions,0.0,-0.21001172000820306,-0.21001172065734863
1n05bdb,train,ont_InteligenciaArtificial_Negativo,0.0,-0.19168298382244495,-0.19168297946453094
1n05bdb,train,ont_Innovacion_Neutro,0.0,-0.16443598256119465,-0.1644359827041626
1n05bdb,train,ont_Etica_Negativo,0.0,-0.06834085335022719,-0.06834085285663605
1n05bdb,train,ont_Tecnologia_Neutro,0.0,-0.27668578554642986,-0.27668577432632446
1n054yf,train,ont_domain_density,0.06666666666666667,0.04962918218353839,0.04962918162345886
1n054yf,train,ont_total_negativo_mentions,0.0,-0.21001172000820306,-0.21001172065734863
1n054yf,train,ont_InteligenciaArtificial_Negativo,0.0,-0.19168298382244495,-0.19168297946453094
1n054yf,train,ont_Innovacion_Neutro,0.0,-0.16443598256119465,-0.1644359827041626
1n054yf,train,ont_Etica_Negativo,0.0,-0.06834085335022719,-0.06834085285663605
1n054yf,train,ont_Tecnologia_Neutro,0.0,-0.27668578554642986,-0.27668577432632446
1n2aky1,train,ont_domain_density,0.007832898172323759,-1.0056509987764195,-1.0056509971618652
1n2aky1,train,ont_total_negativo_mentions,1.0,3.1226332794662324,3.122633218765259
1n2aky1,train,ont_InteligenciaArtificial_Negativo,0.0,-0.19168298382244495,-0.19168297946453094
1n2aky1,train,ont_Innovacion_Neutro,0.0,-0.16443598256119465,-0.1644359827041626
1n2aky1,train,ont_Etica_Negativo,0.0,-0.06834085335022719,-0.06834085285663605
1n2aky1,train,ont_Tecnologia_Neutro,0.0,-0.27668578554642986,-0.27668577432632446
1n2v4s4,train,ont_domain_density,0.024096385542168676,-0.7139386653001069,-0.7139386534690857
1n2v4s4,train,ont_total_negativo_mentions,0.0,-0.21001172000820306,-0.21001172065734863
1n2v4s4,train,ont_InteligenciaArtificial_Negativo,0.0,-0.19168298382244495,-0.19168297946453094
1n2v4s4,train,ont_Innovacion_Neutro,0.0,-0.16443598256119465,-0.1644359827041626
1n2v4s4,train,ont_Etica_Negativo,0.0,-0.06834085335022719,-0.06834085285663605
1n2v4s4,train,ont_Tecnologia_Neutro,0.0,-0.27668578554642986,-0.27668577432632446
1n40xf9,train,ont_domain_density,0.25,3.338013355544709,3.3380134105682373
1n40xf9,train,ont_total_negativo_mentions,4.0,13.120568277889538,13.12056827545166
1n40xf9,train,ont_InteligenciaArtificial_Negativo,1.0,4.333905512278206,4.3339056968688965
1n40xf9,train,ont_Innovacion_Neutro,0.0,-0.16443598256119465,-0.1644359827041626
1n40xf9,train,ont_Etica_Negativo,1.0,10.957316820486426,10.957316398620605
1n40xf9,train,ont_Tecnologia_Neutro,0.0,-0.27668578554642986,-0.27668577432632446
1n40hto,train,ont_domain_density,0.045454545454545456,-0.3308450196929606,-0.33084502816200256
1n40hto,train,ont_total_negativo_mentions,0.0,-0.21001172000820306,-0.21001172065734863
1n40hto,train,ont_InteligenciaArtificial_Negativo,0.0,-0.19168298382244495,-0.19168297946453094
1n40hto,train,ont_Innovacion_Neutro,0.0,-0.16443598256119465,-0.1644359827041626
1n40hto,train,ont_Etica_Negativo,0.0,-0.06834085335022719,-0.06834085285663605
1n40hto,train,ont_Tecnologia_Neutro,0.0,-0.27668578554642986,-0.27668577432632446
1n408zv,train,ont_domain_density,0.017766497461928935,-0.8274755950212408,-0.8274756073951721
1n408zv,train,ont_total_negativo_mentions,0.0,-0.21001172000820306,-0.21001172065734863
1n408zv,train,ont_InteligenciaArtificial_Negativo,0.0,-0.19168298382244495,-0.19168297946453094
1n408zv,train,ont_Innovacion_Neutro,0.0,-0.16443598256119465,-0.1644359827041626
1n408zv,train,ont_Etica_Negativo,0.0,-0.06834085335022719,-0.06834085285663605
1n408zv,train,ont_Tecnologia_Neutro,3.0,4.288629675969663,4.288629531860352
1n4061u,train,ont_domain_density,0.011627906976744186,-0.9375812884661152,-0.9375813007354736
1n4061u,train,ont_total_negativo_mentions,0.0,-0.21001172000820306,-0.21001172065734863
1n4061u,train,ont_InteligenciaArtificial_Negativo,0.0,-0.19168298382244495,-0.19168297946453094
1n4061u,train,ont_Innovacion_Neutro,0.0,-0.16443598256119465,-0.1644359827041626
1n4061u,train,ont_Etica_Negativo,0.0,-0.06834085335022719,-0.06834085285663605
1n4061u,train,ont_Tecnologia_Neutro,2.0,2.7668578554642984,2.766857862472534
1n0xd0i,train,ont_domain_density,0.009345794392523364,-0.978514722486734,-0.9785147309303284
1n0xd0i,train,ont_total_negativo_mentions,0.0,-0.21001172000820306,-0.21001172065734863
1n0xd0i,train,ont_InteligenciaArtificial_Negativo,0.0,-0.19168298382244495,-0.19168297946453094
1n0xd0i,train,ont_Innovacion_Neutro,0.0,-0.16443598256119465,-0.1644359827041626
1n0xd0i,train,ont_Etica_Negativo,0.0,-0.06834085335022719,-0.06834085285663605
1n0xd0i,train,ont_Tecnologia_Neutro,0.0,-0.27668578554642986,-0.27668577432632446
1n0fnak,train,ont_domain_density,0.0,-1.146146880856887,-1.1461468935012817
1n0fnak,train,ont_total_negativo_mentions,0.0,-0.21001172000820306,-0.21001172065734863
1n0fnak,train,ont_InteligenciaArtificial_Negativo,0.0,-0.19168298382244495,-0.19168297946453094
1n0fnak,train,ont_Innovacion_Neutro,0.0,-0.16443598256119465,-0.1644359827041626
1n0fnak,train,ont_Etica_Negativo,0.0,-0.06834085335022719,-0.06834085285663605
1n0fnak,train,ont_Tecnologia_Neutro,0.0,-0.27668578554642986,-0.27668577432632446
1n0m3tz,train,ont_domain_density,0.1,0.6475172137037513,0.647517204284668
1n0m3tz,train,ont_total_negativo_mentions,0.0,-0.21001172000820306,-0.21001172065734863
1n0m3tz,train,ont_InteligenciaArtificial_Negativo,0.0,-0.19168298382244495,-0.19168297946453094
1n0m3tz,train,ont_Innovacion_Neutro,0.0,-0.16443598256119465,-0.1644359827041626
1n0m3tz,train,ont_Etica_Negativo,0.0,-0.06834085335022719,-0.06834085285663605
1n0m3tz,train,ont_Tecnologia_Neutro,0.0,-0.27668578554642986,-0.27668577432632446
1n0m8kb,train,ont_domain_density,0.1111111111111111,0.8468132242104887,0.8468132019042969
1n0m8kb,train,ont_total_negativo_mentions,0.0,-0.21001172000820306,-0.21001172065734863
1n0m8kb,train,ont_InteligenciaArtificial_Negativo,0.0,-0.19168298382244495,-0.19168297946453094
1n0m8kb,train,ont_Innovacion_Neutro,0.0,-0.16443598256119465,-0.1644359827041626
1n0m8kb,train,ont_Etica_Negativo,0.0,-0.06834085335022719,-0.06834085285663605
1n0m8kb,train,ont_Tecnologia_Neutro,1.0,1.2450860349589343,1.2450860738754272
1n0idmt,train,ont_domain_density,0.011904761904761904,-0.9326154410282398,-0.9326154589653015
1n0idmt,train,ont_total_negativo_mentions,0.0,-0.21001172000820306,-0.21001172065734863
1n0idmt,train,ont_InteligenciaArtificial_Negativo,0.0,-0.19168298382244495,-0.19168297946453094
1n0idmt,train,ont_Innovacion_Neutro,0.0,-0.16443598256119465,-0.1644359827041626
1n0idmt,train,ont_Etica_Negativo,0.0,-0.06834085335022719,-0.06834085285663605
1n0idmt,train,ont_Tecnologia_Neutro,0.0,-0.27668578554642986,-0.27668577432632446
1n3p83k,train,ont_domain_density,0.009345794392523364,-0.978514722486734,-0.9785147309303284
1n3p83k,train,ont_total_negativo_mentions,0.0,-0.21001172000820306,-0.21001172065734863
1n3p83k,train,ont_InteligenciaArtificial_Negativo,0.0,-0.19168298382244495,-0.19168297946453094
1n3p83k,train,ont_Innovacion_Neutro,0.0,-0.16443598256119465,-0.1644359827041626
1n3p83k,train,ont_Etica_Negativo,0.0,-0.06834085335022719,-0.06834085285663605
1n3p83k,train,ont_Tecnologia_Neutro,0.0,-0.27668578554642986,-0.27668577432632446
1mvm1yj,train,ont_domain_density,0.04,-0.4286812430326318,-0.42868125438690186
1mvm1yj,train,ont_total_negativo_mentions,0.0,-0.21001172000820306,-0.21001172065734863
1mvm1yj,train,ont_InteligenciaArtificial_Negativo,0.0,-0.19168298382244495,-0.19168297946453094
1mvm1yj,train,ont_Innovacion_Neutro,0.0,-0.16443598256119465,-0.1644359827041626
1mvm1yj,train,ont_Etica_Negativo,0.0,-0.06834085335022719,-0.06834085285663605
1mvm1yj,train,ont_Tecnologia_Neutro,0.0,-0.27668578554642986,-0.27668577432632446
1mvzufa,train,ont_domain_density,0.14285714285714285,1.4162303970868817,1.4162304401397705
1mvzufa,train,ont_total_negativo_mentions,0.0,-0.21001172000820306,-0.21001172065734863
1mvzufa,train,ont_InteligenciaArtificial_Negativo,0.0,-0.19168298382244495,-0.19168297946453094
1mvzufa,train,ont_Innovacion_Neutro,0.0,-0.16443598256119465,-0.1644359827041626
1mvzufa,train,ont_Etica_Negativo,0.0,-0.06834085335022719,-0.06834085285663605
1mvzufa,train,ont_Tecnologia_Neutro,0.0,-0.27668578554642986,-0.27668577432632446
1mx18b7,train,ont_domain_density,0.0,-1.146146880856887,-1.1461468935012817
1mx18b7,train,ont_total_negativo_mentions,0.0,-0.21001172000820306,-0.21001172065734863
1mx18b7,train,ont_InteligenciaArtificial_Negativo,0.0,-0.19168298382244495,-0.19168297946453094
1mx18b7,train,ont_Innovacion_Neutro,0.0,-0.16443598256119465,-0.1644359827041626
1mx18b7,train,ont_Etica_Negativo,0.0,-0.06834085335022719,-0.06834085285663605
1mx18b7,train,ont_Tecnologia_Neutro,0.0,-0.27668578554642986,-0.27668577432632446
1mwo9c4,train,ont_domain_density,0.09090909090909091,0.4844568414709659,0.4844568371772766
1mwo9c4,train,ont_total_negativo_mentions,0.0,-0.21001172000820306,-0.21001172065734863
1mwo9c4,train,ont_InteligenciaArtificial_Negativo,0.0,-0.19168298382244495,-0.19168297946453094
1mwo9c4,train,ont_Innovacion_Neutro,0.0,-0.16443598256119465,-0.1644359827041626
1mwo9c4,train,ont_Etica_Negativo,0.0,-0.06834085335022719,-0.06834085285663605
1mwo9c4,train,ont_Tecnologia_Neutro,0.0,-0.27668578554642986,-0.27668577432632446
1n0ku5r,train,ont_domain_density,0.011049723756906077,-0.947951953281126,-0.9479519724845886
1n0ku5r,train,ont_total_negativo_mentions,0.0,-0.21001172000820306,-0.21001172065734863
1n0ku5r,train,ont_InteligenciaArtificial_Negativo,0.0,-0.19168298382244495,-0.19168297946453094
1n0ku5r,train,ont_Innovacion_Neutro,0.0,-0.16443598256119465,-0.1644359827041626
1n0ku5r,train,ont_Etica_Negativo,0.0,-0.06834085335022719,-0.06834085285663605
1n0ku5r,train,ont_Tecnologia_Neutro,0.0,-0.27668578554642986,-0.27668577432632446
1mw00bl,train,ont_domain_density,0.02857142857142857,-0.6336714252681335,-0.6336714029312134
1mw00bl,train,ont_total_negativo_mentions,0.0,-0.21001172000820306,-0.21001172065734863
1mw00bl,train,ont_InteligenciaArtificial_Negativo,0.0,-0.19168298382244495,-0.19168297946453094
1mw00bl,train,ont_Innovacion_Neutro,0.0,-0.16443598256119465,-0.1644359827041626
1mw00bl,train,ont_Etica_Negativo,0.0,-0.06834085335022719,-0.06834085285663605
1mw00bl,train,ont_Tecnologia_Neutro,0.0,-0.27668578554642986,-0.27668577432632446
1mvxvgd,train,ont_domain_density,0.16666666666666666,1.8432932767441765,1.843293309211731
1mvxvgd,train,ont_total_negativo_mentions,0.0,-0.21001172000820306,-0.21001172065734863
1mvxvgd,train,ont_InteligenciaArtificial_Negativo,0.0,-0.19168298382244495,-0.19168297946453094
1mvxvgd,train,ont_Innovacion_Neutro,0.0,-0.16443598256119465,-0.1644359827041626
1mvxvgd,train,ont_Etica_Negativo,0.0,-0.06834085335022719,-0.06834085285663605
1mvxvgd,train,ont_Tecnologia_Neutro,0.0,-0.27668578554642986,-0.27668577432632446
1mx6m9p,train,ont_domain_density,0.034482758620689655,-0.5276420206635636,-0.527642011642456
1mx6m9p,train,ont_total_negativo_mentions,0.0,-0.21001172000820306,-0.21001172065734863
1mx6m9p,train,ont_InteligenciaArtificial_Negativo,0.0,-0.19168298382244495,-0.19168297946453094
1mx6m9p,train,ont_Innovacion_Neutro,0.0,-0.16443598256119465,-0.1644359827041626
1mx6m9p,train,ont_Etica_Negativo,0.0,-0.06834085335022719,-0.06834085285663605
1mx6m9p,train,ont_Tecnologia_Neutro,1.0,1.2450860349589343,1.2450860738754272
1mx1p2c,train,ont_domain_density,0.1,0.6475172137037513,0.647517204284668
1mx1p2c,train,ont_total_negativo_mentions,0.0,-0.21001172000820306,-0.21001172065734863
1mx1p2c,train,ont_InteligenciaArtificial_Negativo,0.0,-0.19168298382244495,-0.19168297946453094
1mx1p2c,train,ont_Innovacion_Neutro,0.0,-0.16443598256119465,-0.1644359827041626
1mx1p2c,train,ont_Etica_Negativo,0.0,-0.06834085335022719,-0.06834085285663605
1mx1p2c,train,ont_Tecnologia_Neutro,0.0,-0.27668578554642986,-0.27668577432632446
1mvlli1,train,ont_domain_density,0.1,0.6475172137037513,0.647517204284668
1mvlli1,train,ont_total_negativo_mentions,0.0,-0.21001172000820306,-0.21001172065734863
1mvlli1,train,ont_InteligenciaArtificial_Negativo,0.0,-0.19168298382244495,-0.19168297946453094
1mvlli1,train,ont_Innovacion_Neutro,0.0,-0.16443598256119465,-0.1644359827041626
1mvlli1,train,ont_Etica_Negativo,0.0,-0.06834085335022719,-0.06834085285663605
1mvlli1,train,ont_Tecnologia_Neutro,0.0,-0.27668578554642986,-0.27668577432632446
1mw1jbv,train,ont_domain_density,0.09090909090909091,0.4844568414709659,0.4844568371772766
1mw1jbv,train,ont_total_negativo_mentions,0.0,-0.21001172000820306,-0.21001172065734863
1mw1jbv,train,ont_InteligenciaArtificial_Negativo,0.0,-0.19168298382244495,-0.19168297946453094
1mw1jbv,train,ont_Innovacion_Neutro,0.0,-0.16443598256119465,-0.1644359827041626
1mw1jbv,train,ont_Etica_Negativo,0.0,-0.06834085335022719,-0.06834085285663605
1mw1jbv,train,ont_Tecnologia_Neutro,0.0,-0.27668578554642986,-0.27668577432632446
1mx68jt,train,ont_domain_density,0.2222222222222222,2.8397733292778646,2.839773416519165
1mx68jt,train,ont_total_negativo_mentions,0.0,-0.21001172000820306,-0.21001172065734863
1mx68jt,train,ont_InteligenciaArtificial_Negativo,0.0,-0.19168298382244495,-0.19168297946453094
1mx68jt,train,ont_Innovacion_Neutro,0.0,-0.16443598256119465,-0.1644359827041626
1mx68jt,train,ont_Etica_Negativo,0.0,-0.06834085335022719,-0.06834085285663605
1mx68jt,train,ont_Tecnologia_Neutro,0.0,-0.27668578554642986,-0.27668577432632446
1mxa159,train,ont_domain_density,0.06666666666666667,0.04962918218353839,0.04962918162345886
1mxa159,train,ont_total_negativo_mentions,0.0,-0.21001172000820306,-0.21001172065734863
1mxa159,train,ont_InteligenciaArtificial_Negativo,0.0,-0.19168298382244495,-0.19168297946453094
1mxa159,train,ont_Innovacion_Neutro,0.0,-0.16443598256119465,-0.1644359827041626
1mxa159,train,ont_Etica_Negativo,0.0,-0.06834085335022719,-0.06834085285663605
1mxa159,train,ont_Tecnologia_Neutro,0.0,-0.27668578554642986,-0.27668577432632446
1mx5v5j,train,ont_domain_density,0.037037037037037035,-0.48182684583442853,-0.4818268418312073
1mx5v5j,train,ont_total_negativo_mentions,0.0,-0.21001172000820306,-0.21001172065734863
1mx5v5j,train,ont_InteligenciaArtificial_Negativo,0.0,-0.19168298382244495,-0.19168297946453094
1mx5v5j,train,ont_Innovacion_Neutro,0.0,-0.16443598256119465,-0.1644359827041626
1mx5v5j,train,ont_Etica_Negativo,0.0,-0.06834085335022719,-0.06834085285663605
1mx5v5j,train,ont_Tecnologia_Neutro,0.0,-0.27668578554642986,-0.27668577432632446
1mwqeds,train,ont_domain_density,0.14285714285714285,1.4162303970868817,1.4162304401397705
1mwqeds,train,ont_total_negativo_mentions,0.0,-0.21001172000820306,-0.21001172065734863
1mwqeds,train,ont_InteligenciaArtificial_Negativo,0.0,-0.19168298382244495,-0.19168297946453094
1mwqeds,train,ont_Innovacion_Neutro,0.0,-0.16443598256119465,-0.1644359827041626
1mwqeds,train,ont_Etica_Negativo,0.0,-0.06834085335022719,-0.06834085285663605
1mwqeds,train,ont_Tecnologia_Neutro,0.0,-0.27668578554642986,-0.27668577432632446
1mx6fxi,train,ont_domain_density,0.125,1.0959332373439108,1.095933198928833
1mx6fxi,train,ont_total_negativo_mentions,0.0,-0.21001172000820306,-0.21001172065734863
1mx6fxi,train,ont_InteligenciaArtificial_Negativo,0.0,-0.19168298382244495,-0.19168297946453094
1mx6fxi,train,ont_Innovacion_Neutro,0.0,-0.16443598256119465,-0.1644359827041626
1mx6fxi,train,ont_Etica_Negativo,0.0,-0.06834085335022719,-0.06834085285663605
1mx6fxi,train,ont_Tecnologia_Neutro,0.0,-0.27668578554642986,-0.27668577432632446
1mxevy9,train,ont_domain_density,0.0,-1.146146880856887,-1.1461468935012817
1mxevy9,train,ont_total_negativo_mentions,0.0,-0.21001172000820306,-0.21001172065734863
1mxevy9,train,ont_InteligenciaArtificial_Negativo,0.0,-0.19168298382244495,-0.19168297946453094
1mxevy9,train,ont_Innovacion_Neutro,0.0,-0.16443598256119465,-0.1644359827041626
1mxevy9,train,ont_Etica_Negativo,0.0,-0.06834085335022719,-0.06834085285663605
1mxevy9,train,ont_Tecnologia_Neutro,0.0,-0.27668578554642986,-0.27668577432632446
1mvvod6,train,ont_domain_density,0.16666666666666666,1.8432932767441765,1.843293309211731
1mvvod6,train,ont_total_negativo_mentions,0.0,-0.21001172000820306,-0.21001172065734863
1mvvod6,train,ont_InteligenciaArtificial_Negativo,0.0,-0.19168298382244495,-0.19168297946453094
1mvvod6,train,ont_Innovacion_Neutro,0.0,-0.16443598256119465,-0.1644359827041626
1mvvod6,train,ont_Etica_Negativo,0.0,-0.06834085335022719,-0.06834085285663605
1mvvod6,train,ont_Tecnologia_Neutro,0.0,-0.27668578554642986,-0.27668577432632446
1mx6e3g,train,ont_domain_density,0.13333333333333333,1.245405245223964,1.2454051971435547
1mx6e3g,train,ont_total_negativo_mentions,0.0,-0.21001172000820306,-0.21001172065734863
1mx6e3g,train,ont_InteligenciaArtificial_Negativo,0.0,-0.19168298382244495,-0.19168297946453094
1mx6e3g,train,ont_Innovacion_Neutro,0.0,-0.16443598256119465,-0.1644359827041626
1mx6e3g,train,ont_Etica_Negativo,0.0,-0.06834085335022719,-0.06834085285663605
1mx6e3g,train,ont_Tecnologia_Neutro,0.0,-0.27668578554642986,-0.27668577432632446
1mx6oet,train,ont_domain_density,0.06896551724137931,0.09086283952975996,0.09086284041404724
1mx6oet,train,ont_total_negativo_mentions,0.0,-0.21001172000820306,-0.21001172065734863
1mx6oet,train,ont_InteligenciaArtificial_Negativo,0.0,-0.19168298382244495,-0.19168297946453094
1mx6oet,train,ont_Innovacion_Neutro,0.0,-0.16443598256119465,-0.1644359827041626
1mx6oet,train,ont_Etica_Negativo,0.0,-0.06834085335022719,-0.06834085285663605
1mx6oet,train,ont_Tecnologia_Neutro,0.0,-0.27668578554642986,-0.27668577432632446
1mwyenu,train,ont_domain_density,0.034482758620689655,-0.5276420206635636,-0.527642011642456
1mwyenu,train,ont_total_negativo_mentions,0.0,-0.21001172000820306,-0.21001172065734863
1mwyenu,train,ont_InteligenciaArtificial_Negativo,0.0,-0.19168298382244495,-0.19168297946453094
1mwyenu,train,ont_Innovacion_Neutro,0.0,-0.16443598256119465,-0.1644359827041626
1mwyenu,train,ont_Etica_Negativo,0.0,-0.06834085335022719,-0.06834085285663605
1mwyenu,train,ont_Tecnologia_Neutro,1.0,1.2450860349589343,1.2450860738754272
1mx3h29,train,ont_domain_density,0.034482758620689655,-0.5276420206635636,-0.527642011642456
1mx3h29,train,ont_total_negativo_mentions,0.0,-0.21001172000820306,-0.21001172065734863
1mx3h29,train,ont_InteligenciaArtificial_Negativo,0.0,-0.19168298382244495,-0.19168297946453094
1mx3h29,train,ont_Innovacion_Neutro,0.0,-0.16443598256119465,-0.1644359827041626
1mx3h29,train,ont_Etica_Negativo,0.0,-0.06834085335022719,-0.06834085285663605
1mx3h29,train,ont_Tecnologia_Neutro,0.0,-0.27668578554642986,-0.27668577432632446
1mvwth2,train,ont_domain_density,0.07692307692307693,0.23359473034360395,0.23359473049640656
1mvwth2,train,ont_total_negativo_mentions,0.0,-0.21001172000820306,-0.21001172065734863
1mvwth2,train,ont_InteligenciaArtificial_Negativo,0.0,-0.19168298382244495,-0.19168297946453094
1mvwth2,train,ont_Innovacion_Neutro,0.0,-0.16443598256119465,-0.1644359827041626
1mvwth2,train,ont_Etica_Negativo,0.0,-0.06834085335022719,-0.06834085285663605
1mvwth2,train,ont_Tecnologia_Neutro,0.0,-0.27668578554642986,-0.27668577432632446
1mvyu15,train,ont_domain_density,0.06666666666666667,0.04962918218353839,0.04962918162345886
1mvyu15,train,ont_total_negativo_mentions,0.0,-0.21001172000820306,-0.21001172065734863
1mvyu15,train,ont_InteligenciaArtificial_Negativo,0.0,-0.19168298382244495,-0.19168297946453094
1mvyu15,train,ont_Innovacion_Neutro,0.0,-0.16443598256119465,-0.1644359827041626
1mvyu15,train,ont_Etica_Negativo,0.0,-0.06834085335022719,-0.06834085285663605
1mvyu15,train,ont_Tecnologia_Neutro,0.0,-0.27668578554642986,-0.27668577432632446
1mx2eqg,train,ont_domain_density,0.05263157894736842,-0.20211314687760387,-0.20211315155029297
1mx2eqg,train,ont_total_negativo_mentions,0.0,-0.21001172000820306,-0.21001172065734863
1mx2eqg,train,ont_InteligenciaArtificial_Negativo,0.0,-0.19168298382244495,-0.19168297946453094
1mx2eqg,train,ont_Innovacion_Neutro,0.0,-0.16443598256119465,-0.1644359827041626
1mx2eqg,train,ont_Etica_Negativo,0.0,-0.06834085335022719,-0.06834085285663605
1mx2eqg,train,ont_Tecnologia_Neutro,0.0,-0.27668578554642986,-0.27668577432632446
1mvob1p,train,ont_domain_density,0.09090909090909091,0.4844568414709659,0.4844568371772766
1mvob1p,train,ont_total_negativo_mentions,0.0,-0.21001172000820306,-0.21001172065734863
1mvob1p,train,ont_InteligenciaArtificial_Negativo,0.0,-0.19168298382244495,-0.19168297946453094
1mvob1p,train,ont_Innovacion_Neutro,0.0,-0.16443598256119465,-0.1644359827041626
1mvob1p,train,ont_Etica_Negativo,0.0,-0.06834085335022719,-0.06834085285663605
1mvob1p,train,ont_Tecnologia_Neutro,0.0,-0.27668578554642986,-0.27668577432632446
1mwqdmh,train,ont_domain_density,0.1,0.6475172137037513,0.647517204284668
1mwqdmh,train,ont_total_negativo_mentions,0.0,-0.21001172000820306,-0.21001172065734863
1mwqdmh,train,ont_InteligenciaArtificial_Negativo,0.0,-0.19168298382244495,-0.19168297946453094
1mwqdmh,train,ont_Innovacion_Neutro,0.0,-0.16443598256119465,-0.1644359827041626
1mwqdmh,train,ont_Etica_Negativo,0.0,-0.06834085335022719,-0.06834085285663605
1mwqdmh,train,ont_Tecnologia_Neutro,0.0,-0.27668578554642986,-0.27668577432632446
1mx53io,train,ont_domain_density,0.07692307692307693,0.23359473034360395,0.23359473049640656
1mx53io,train,ont_total_negativo_mentions,0.0,-0.21001172000820306,-0.21001172065734863
1mx53io,train,ont_InteligenciaArtificial_Negativo,0.0,-0.19168298382244495,-0.19168297946453094
1mx53io,train,ont_Innovacion_Neutro,0.0,-0.16443598256119465,-0.1644359827041626
1mx53io,train,ont_Etica_Negativo,0.0,-0.06834085335022719,-0.06834085285663605
1mx53io,train,ont_Tecnologia_Neutro,0.0,-0.27668578554642986,-0.27668577432632446
1n0kjl5,train,ont_domain_density,0.0025974025974025974,-1.0995582030760913,-1.0995582342147827
1n0kjl5,train,ont_total_negativo_mentions,0.0,-0.21001172000820306,-0.21001172065734863
1n0kjl5,train,ont_InteligenciaArtificial_Negativo,0.0,-0.19168298382244495,-0.19168297946453094
1n0kjl5,train,ont_Innovacion_Neutro,0.0,-0.16443598256119465,-0.1644359827041626
1n0kjl5,train,ont_Etica_Negativo,0.0,-0.06834085335022719,-0.06834085285663605
1n0kjl5,train,ont_Tecnologia_Neutro,0.0,-0.27668578554642986,-0.27668577432632446
1mzq0ky,train,ont_domain_density,0.0,-1.146146880856887,-1.1461468935012817
1mzq0ky,train,ont_total_negativo_mentions,0.0,-0.21001172000820306,-0.21001172065734863
1mzq0ky,train,ont_InteligenciaArtificial_Negativo,0.0,-0.19168298382244495,-0.19168297946453094
1mzq0ky,train,ont_Innovacion_Neutro,0.0,-0.16443598256119465,-0.1644359827041626
1mzq0ky,train,ont_Etica_Negativo,0.0,-0.06834085335022719,-0.06834085285663605
1mzq0ky,train,ont_Tecnologia_Neutro,0.0,-0.27668578554642986,-0.27668577432632446
1n2pecx,train,ont_domain_density,0.09090909090909091,0.4844568414709659,0.4844568371772766
1n2pecx,train,ont_total_negativo_mentions,0.0,-0.21001172000820306,-0.21001172065734863
1n2pecx,train,ont_InteligenciaArtificial_Negativo,0.0,-0.19168298382244495,-0.19168297946453094
1n2pecx,train,ont_Innovacion_Neutro,0.0,-0.16443598256119465,-0.1644359827041626
1n2pecx,train,ont_Etica_Negativo,0.0,-0.06834085335022719,-0.06834085285663605
1n2pecx,train,ont_Tecnologia_Neutro,1.0,1.2450860349589343,1.2450860738754272
1n3i990,train,ont_domain_density,0.09090909090909091,0.4844568414709659,0.4844568371772766
1n3i990,train,ont_total_negativo_mentions,0.0,-0.21001172000820306,-0.21001172065734863
1n3i990,train,ont_InteligenciaArtificial_Negativo,0.0,-0.19168298382244495,-0.19168297946453094
1n3i990,train,ont_Innovacion_Neutro,0.0,-0.16443598256119465,-0.1644359827041626
1n3i990,train,ont_Etica_Negativo,0.0,-0.06834085335022719,-0.06834085285663605
1n3i990,train,ont_Tecnologia_Neutro,0.0,-0.27668578554642986,-0.27668577432632446
1n41vj2,train,ont_domain_density,0.08333333333333333,0.3485731979436447,0.3485732078552246
1n41vj2,train,ont_total_negativo_mentions,0.0,-0.21001172000820306,-0.21001172065734863
1n41vj2,train,ont_InteligenciaArtificial_Negativo,0.0,-0.19168298382244495,-0.19168297946453094
1n41vj2,train,ont_Innovacion_Neutro,0.0,-0.16443598256119465,-0.1644359827041626
1n41vj2,train,ont_Etica_Negativo,0.0,-0.06834085335022719,-0.06834085285663605
1n41vj2,train,ont_Tecnologia_Neutro,0.0,-0.27668578554642986,-0.27668577432632446
1n4256u,train,ont_domain_density,0.008077544426494346,-1.001262866756674,-1.001262903213501
1n4256u,train,ont_total_negativo_mentions,0.0,-0.21001172000820306,-0.21001172065734863
1n4256u,train,ont_InteligenciaArtificial_Negativo,0.0,-0.19168298382244495,-0.19168297946453094
1n4256u,train,ont_Innovacion_Neutro,0.0,-0.16443598256119465,-0.1644359827041626
1n4256u,train,ont_Etica_Negativo,0.0,-0.06834085335022719,-0.06834085285663605
1n4256u,train,ont_Tecnologia_Neutro,1.0,1.2450860349589343,1.2450860738754272
1n0q3d8,train,ont_domain_density,0.13333333333333333,1.245405245223964,1.2454051971435547
1n0q3d8,train,ont_total_negativo_mentions,0.0,-0.21001172000820306,-0.21001172065734863
1n0q3d8,train,ont_InteligenciaArtificial_Negativo,0.0,-0.19168298382244495,-0.19168297946453094
1n0q3d8,train,ont_Innovacion_Neutro,0.0,-0.16443598256119465,-0.1644359827041626
1n0q3d8,train,ont_Etica_Negativo,0.0,-0.06834085335022719,-0.06834085285663605
1n0q3d8,train,ont_Tecnologia_Neutro,0.0,-0.27668578554642986,-0.27668577432632446
1n1rnwi,train,ont_domain_density,0.043478260869565216,-0.3662929267000879,-0.36629292368888855
1n1rnwi,train,ont_total_negativo_mentions,0.0,-0.21001172000820306,-0.21001172065734863
1n1rnwi,train,ont_InteligenciaArtificial_Negativo,0.0,-0.19168298382244495,-0.19168297946453094
1n1rnwi,train,ont_Innovacion_Neutro,0.0,-0.16443598256119465,-0.1644359827041626
1n1rnwi,train,ont_Etica_Negativo,0.0,-0.06834085335022719,-0.06834085285663605
1n1rnwi,train,ont_Tecnologia_Neutro,0.0,-0.27668578554642986,-0.27668577432632446
1n3g8m3,train,ont_domain_density,0.06666666666666667,0.04962918218353839,0.04962918162345886
1n3g8m3,train,ont_total_negativo_mentions,0.0,-0.21001172000820306,-0.21001172065734863
1n3g8m3,train,ont_InteligenciaArtificial_Negativo,0.0,-0.19168298382244495,-0.19168297946453094
1n3g8m3,train,ont_Innovacion_Neutro,0.0,-0.16443598256119465,-0.1644359827041626
1n3g8m3,train,ont_Etica_Negativo,0.0,-0.06834085335022719,-0.06834085285663605
1n3g8m3,train,ont_Tecnologia_Neutro,0.0,-0.27668578554642986,-0.27668577432632446
1mz1lb4,train,ont_domain_density,0.125,1.0959332373439108,1.095933198928833
1mz1lb4,train,ont_total_negativo_mentions,0.0,-0.21001172000820306,-0.21001172065734863
1mz1lb4,train,ont_InteligenciaArtificial_Negativo,0.0,-0.19168298382244495,-0.19168297946453094
1mz1lb4,train,ont_Innovacion_Neutro,0.0,-0.16443598256119465,-0.1644359827041626
1mz1lb4,train,ont_Etica_Negativo,0.0,-0.06834085335022719,-0.06834085285663605
1mz1lb4,train,ont_Tecnologia_Neutro,0.0,-0.27668578554642986,-0.27668577432632446
1mytws2,train,ont_domain_density,0.1111111111111111,0.8468132242104887,0.8468132019042969
1mytws2,train,ont_total_negativo_mentions,0.0,-0.21001172000820306,-0.21001172065734863
1mytws2,train,ont_InteligenciaArtificial_Negativo,0.0,-0.19168298382244495,-0.19168297946453094
1mytws2,train,ont_Innovacion_Neutro,0.0,-0.16443598256119465,-0.1644359827041626
1mytws2,train,ont_Etica_Negativo,0.0,-0.06834085335022719,-0.06834085285663605
1mytws2,train,ont_Tecnologia_Neutro,0.0,-0.27668578554642986,-0.27668577432632446
1mqqvlp,train,ont_domain_density,0.0,-1.146146880856887,-1.1461468935012817
1mqqvlp,train,ont_total_negativo_mentions,0.0,-0.21001172000820306,-0.21001172065734863
1mqqvlp,train,ont_InteligenciaArtificial_Negativo,0.0,-0.19168298382244495,-0.19168297946453094
1mqqvlp,train,ont_Innovacion_Neutro,0.0,-0.16443598256119465,-0.1644359827041626
1mqqvlp,train,ont_Etica_Negativo,0.0,-0.06834085335022719,-0.06834085285663605
1mqqvlp,train,ont_Tecnologia_Neutro,0.0,-0.27668578554642986,-0.27668577432632446
1mr7lok,train,ont_domain_density,0.0,-1.146146880856887,-1.1461468935012817
1mr7lok,train,ont_total_negativo_mentions,0.0,-0.21001172000820306,-0.21001172065734863
1mr7lok,train,ont_InteligenciaArtificial_Negativo,0.0,-0.19168298382244495,-0.19168297946453094
1mr7lok,train,ont_Innovacion_Neutro,0.0,-0.16443598256119465,-0.1644359827041626
1mr7lok,train,ont_Etica_Negativo,0.0,-0.06834085335022719,-0.06834085285663605
1mr7lok,train,ont_Tecnologia_Neutro,0.0,-0.27668578554642986,-0.27668577432632446
1mru22r,train,ont_domain_density,0.18181818181818182,2.115060563798819,2.115060567855835
1mru22r,train,ont_total_negativo_mentions,0.0,-0.21001172000820306,-0.21001172065734863
1mru22r,train,ont_InteligenciaArtificial_Negativo,0.0,-0.19168298382244495,-0.19168297946453094
1mru22r,train,ont_Innovacion_Neutro,0.0,-0.16443598256119465,-0.1644359827041626
1mru22r,train,ont_Etica_Negativo,0.0,-0.06834085335022719,-0.06834085285663605
1mru22r,train,ont_Tecnologia_Neutro,1.0,1.2450860349589343,1.2450860738754272
1mrsa7v,train,ont_domain_density,0.03225806451612903,-0.5675455600308748,-0.5675455331802368
1mrsa7v,train,ont_total_negativo_mentions,0.0,-0.21001172000820306,-0.21001172065734863
1mrsa7v,train,ont_InteligenciaArtificial_Negativo,0.0,-0.19168298382244495,-0.19168297946453094
1mrsa7v,train,ont_Innovacion_Neutro,0.0,-0.16443598256119465,-0.1644359827041626
1mrsa7v,train,ont_Etica_Negativo,0.0,-0.06834085335022719,-0.06834085285663605
1mrsa7v,train,ont_Tecnologia_Neutro,0.0,-0.27668578554642986,-0.27668577432632446
1mqzciz,train,ont_domain_density,0.02857142857142857,-0.6336714252681335,-0.6336714029312134
1mqzciz,train,ont_total_negativo_mentions,0.0,-0.21001172000820306,-0.21001172065734863
1mqzciz,train,ont_InteligenciaArtificial_Negativo,0.0,-0.19168298382244495,-0.19168297946453094
1mqzciz,train,ont_Innovacion_Neutro,0.0,-0.16443598256119465,-0.1644359827041626
1mqzciz,train,ont_Etica_Negativo,0.0,-0.06834085335022719,-0.06834085285663605
1mqzciz,train,ont_Tecnologia_Neutro,0.0,-0.27668578554642986,-0.27668577432632446
1ms4t9k,train,ont_domain_density,0.25,3.338013355544709,3.3380134105682373
1ms4t9k,train,ont_total_negativo_mentions,0.0,-0.21001172000820306,-0.21001172065734863
1ms4t9k,train,ont_InteligenciaArtificial_Negativo,0.0,-0.19168298382244495,-0.19168297946453094
1ms4t9k,train,ont_Innovacion_Neutro,0.0,-0.16443598256119465,-0.1644359827041626
1ms4t9k,train,ont_Etica_Negativo,0.0,-0.06834085335022719,-0.06834085285663605
1ms4t9k,train,ont_Tecnologia_Neutro,1.0,1.2450860349589343,1.2450860738754272
1mq8408,train,ont_domain_density,0.0,-1.146146880856887,-1.1461468935012817
1mq8408,train,ont_total_negativo_mentions,0.0,-0.21001172000820306,-0.21001172065734863
1mq8408,train,ont_InteligenciaArtificial_Negativo,0.0,-0.19168298382244495,-0.19168297946453094
1mq8408,train,ont_Innovacion_Neutro,0.0,-0.16443598256119465,-0.1644359827041626
1mq8408,train,ont_Etica_Negativo,0.0,-0.06834085335022719,-0.06834085285663605
1mq8408,train,ont_Tecnologia_Neutro,0.0,-0.27668578554642986,-0.27668577432632446
1mqst27,train,ont_domain_density,0.0,-1.146146880856887,-1.1461468935012817
1mqst27,train,ont_total_negativo_mentions,0.0,-0.21001172000820306,-0.21001172065734863
1mqst27,train,ont_InteligenciaArtificial_Negativo,0.0,-0.19168298382244495,-0.19168297946453094
1mqst27,train,ont_Innovacion_Neutro,0.0,-0.16443598256119465,-0.1644359827041626
1mqst27,train,ont_Etica_Negativo,0.0,-0.06834085335022719,-0.06834085285663605
1mqst27,train,ont_Tecnologia_Neutro,0.0,-0.27668578554642986,-0.27668577432632446
1mrhygk,train,ont_domain_density,0.14285714285714285,1.4162303970868817,1.4162304401397705
1mrhygk,train,ont_total_negativo_mentions,0.0,-0.21001172000820306,-0.21001172065734863
1mrhygk,train,ont_InteligenciaArtificial_Negativo,0.0,-0.19168298382244495,-0.19168297946453094
1mrhygk,train,ont_Innovacion_Neutro,0.0,-0.16443598256119465,-0.1644359827041626
1mrhygk,train,ont_Etica_Negativo,0.0,-0.06834085335022719,-0.06834085285663605
1mrhygk,train,ont_Tecnologia_Neutro,0.0,-0.27668578554642986,-0.27668577432632446
1mrkqqv,train,ont_domain_density,0.0,-1.146146880856887,-1.1461468935012817
1mrkqqv,train,ont_total_negativo_mentions,0.0,-0.21001172000820306,-0.21001172065734863
1mrkqqv,train,ont_InteligenciaArtificial_Negativo,0.0,-0.19168298382244495,-0.19168297946453094
1mrkqqv,train,ont_Innovacion_Neutro,0.0,-0.16443598256119465,-0.1644359827041626
1mrkqqv,train,ont_Etica_Negativo,0.0,-0.06834085335022719,-0.06834085285663605
1mrkqqv,train,ont_Tecnologia_Neutro,0.0,-0.27668578554642986,-0.27668577432632446
1mqtgtq,train,ont_domain_density,0.0,-1.146146880856887,-1.1461468935012817
1mqtgtq,train,ont_total_negativo_mentions,0.0,-0.21001172000820306,-0.21001172065734863
1mqtgtq,train,ont_InteligenciaArtificial_Negativo,0.0,-0.19168298382244495,-0.19168297946453094
1mqtgtq,train,ont_Innovacion_Neutro,0.0,-0.16443598256119465,-0.1644359827041626
1mqtgtq,train,ont_Etica_Negativo,0.0,-0.06834085335022719,-0.06834085285663605
1mqtgtq,train,ont_Tecnologia_Neutro,0.0,-0.27668578554642986,-0.27668577432632446
1mqtf5j,train,ont_domain_density,0.0,-1.146146880856887,-1.1461468935012817
1mqtf5j,train,ont_total_negativo_mentions,0.0,-0.21001172000820306,-0.21001172065734863
1mqtf5j,train,ont_InteligenciaArtificial_Negativo,0.0,-0.19168298382244495,-0.19168297946453094
1mqtf5j,train,ont_Innovacion_Neutro,0.0,-0.16443598256119465,-0.1644359827041626
1mqtf5j,train,ont_Etica_Negativo,0.0,-0.06834085335022719,-0.06834085285663605
1mqtf5j,train,ont_Tecnologia_Neutro,0.0,-0.27668578554642986,-0.27668577432632446
1mqtp2w,train,ont_domain_density,0.14285714285714285,1.4162303970868817,1.4162304401397705
1mqtp2w,train,ont_total_negativo_mentions,0.0,-0.21001172000820306,-0.21001172065734863
1mqtp2w,train,ont_InteligenciaArtificial_Negativo,0.0,-0.19168298382244495,-0.19168297946453094
1mqtp2w,train,ont_Innovacion_Neutro,0.0,-0.16443598256119465,-0.1644359827041626
1mqtp2w,train,ont_Etica_Negativo,0.0,-0.06834085335022719,-0.06834085285663605
1mqtp2w,train,ont_Tecnologia_Neutro,0.0,-0.27668578554642986,-0.27668577432632446
1mrdhj3,train,ont_domain_density,0.03125,-0.5856268513066877,-0.5856268405914307
1mrdhj3,train,ont_total_negativo_mentions,0.0,-0.21001172000820306,-0.21001172065734863
1mrdhj3,train,ont_InteligenciaArtificial_Negativo,0.0,-0.19168298382244495,-0.19168297946453094
1mrdhj3,train,ont_Innovacion_Neutro,0.0,-0.16443598256119465,-0.1644359827041626
1mrdhj3,train,ont_Etica_Negativo,0.0,-0.06834085335022719,-0.06834085285663605
1mrdhj3,train,ont_Tecnologia_Neutro,0.0,-0.27668578554642986,-0.27668577432632446
1mrut42,train,ont_domain_density,0.08333333333333333,0.3485731979436447,0.3485732078552246
1mrut42,train,ont_total_negativo_mentions,0.0,-0.21001172000820306,-0.21001172065734863
1mrut42,train,ont_InteligenciaArtificial_Negativo,0.0,-0.19168298382244495,-0.19168297946453094
1mrut42,train,ont_Innovacion_Neutro,0.0,-0.16443598256119465,-0.1644359827041626
1mrut42,train,ont_Etica_Negativo,0.0,-0.06834085335022719,-0.06834085285663605
1mrut42,train,ont_Tecnologia_Neutro,0.0,-0.27668578554642986,-0.27668577432632446
1mqre16,train,ont_domain_density,0.0,-1.146146880856887,-1.1461468935012817
1mqre16,train,ont_total_negativo_mentions,0.0,-0.21001172000820306,-0.21001172065734863
1mqre16,train,ont_InteligenciaArtificial_Negativo,0.0,-0.19168298382244495,-0.19168297946453094
1mqre16,train,ont_Innovacion_Neutro,0.0,-0.16443598256119465,-0.1644359827041626
1mqre16,train,ont_Etica_Negativo,0.0,-0.06834085335022719,-0.06834085285663605
1mqre16,train,ont_Tecnologia_Neutro,0.0,-0.27668578554642986,-0.27668577432632446
1mrzdb9,train,ont_domain_density,0.08333333333333333,0.3485731979436447,0.3485732078552246
1mrzdb9,train,ont_total_negativo_mentions,0.0,-0.21001172000820306,-0.21001172065734863
1mrzdb9,train,ont_InteligenciaArtificial_Negativo,0.0,-0.19168298382244495,-0.19168297946453094
1mrzdb9,train,ont_Innovacion_Neutro,0.0,-0.16443598256119465,-0.1644359827041626
1mrzdb9,train,ont_Etica_Negativo,0.0,-0.06834085335022719,-0.06834085285663605
1mrzdb9,train,ont_Tecnologia_Neutro,1.0,1.2450860349589343,1.2450860738754272
1mrkzle,train,ont_domain_density,0.125,1.0959332373439108,1.095933198928833
1mrkzle,train,ont_total_negativo_mentions,0.0,-0.21001172000820306,-0.21001172065734863
1mrkzle,train,ont_InteligenciaArtificial_Negativo,0.0,-0.19168298382244495,-0.19168297946453094
1mrkzle,train,ont_Innovacion_Neutro,0.0,-0.16443598256119465,-0.1644359827041626
1mrkzle,train,ont_Etica_Negativo,0.0,-0.06834085335022719,-0.06834085285663605
1mrkzle,train,ont_Tecnologia_Neutro,0.0,-0.27668578554642986,-0.27668577432632446
1mqyv3c,train,ont_domain_density,0.0,-1.146146880856887,-1.1461468935012817
1mqyv3c,train,ont_total_negativo_mentions,0.0,-0.21001172000820306,-0.21001172065734863
1mqyv3c,train,ont_InteligenciaArtificial_Negativo,0.0,-0.19168298382244495,-0.19168297946453094
1mqyv3c,train,ont_Innovacion_Neutro,0.0,-0.16443598256119465,-0.1644359827041626
1mqyv3c,train,ont_Etica_Negativo,0.0,-0.06834085335022719,-0.06834085285663605
1mqyv3c,train,ont_Tecnologia_Neutro,0.0,-0.27668578554642986,-0.27668577432632446
1mrg6s6,train,ont_domain_density,0.1,0.6475172137037513,0.647517204284668
1mrg6s6,train,ont_total_negativo_mentions,0.0,-0.21001172000820306,-0.21001172065734863
1mrg6s6,train,ont_InteligenciaArtificial_Negativo,0.0,-0.19168298382244495,-0.19168297946453094
1mrg6s6,train,ont_Innovacion_Neutro,0.0,-0.16443598256119465,-0.1644359827041626
1mrg6s6,train,ont_Etica_Negativo,0.0,-0.06834085335022719,-0.06834085285663605
1mrg6s6,train,ont_Tecnologia_Neutro,0.0,-0.27668578554642986,-0.27668577432632446
1mqz8ce,train,ont_domain_density,0.0,-1.146146880856887,-1.1461468935012817
1mqz8ce,train,ont_total_negativo_mentions,0.0,-0.21001172000820306,-0.21001172065734863
1mqz8ce,train,ont_InteligenciaArtificial_Negativo,0.0,-0.19168298382244495,-0.19168297946453094
1mqz8ce,train,ont_Innovacion_Neutro,0.0,-0.16443598256119465,-0.1644359827041626
1mqz8ce,train,ont_Etica_Negativo,0.0,-0.06834085335022719,-0.06834085285663605
1mqz8ce,train,ont_Tecnologia_Neutro,0.0,-0.27668578554642986,-0.27668577432632446
1ms6tx8,train,ont_domain_density,0.0,-1.146146880856887,-1.1461468935012817
1ms6tx8,train,ont_total_negativo_mentions,0.0,-0.21001172000820306,-0.21001172065734863
1ms6tx8,train,ont_InteligenciaArtificial_Negativo,0.0,-0.19168298382244495,-0.19168297946453094
1ms6tx8,train,ont_Innovacion_Neutro,0.0,-0.16443598256119465,-0.1644359827041626
1ms6tx8,train,ont_Etica_Negativo,0.0,-0.06834085335022719,-0.06834085285663605
1ms6tx8,train,ont_Tecnologia_Neutro,0.0,-0.27668578554642986,-0.27668577432632446
1mr667z,train,ont_domain_density,0.03571428571428571,-0.505552561370945,-0.5055525898933411
1mr667z,train,ont_total_negativo_mentions,0.0,-0.21001172000820306,-0.21001172065734863
1mr667z,train,ont_InteligenciaArtificial_Negativo,0.0,-0.19168298382244495,-0.19168297946453094
1mr667z,train,ont_Innovacion_Neutro,0.0,-0.16443598256119465,-0.1644359827041626
1mr667z,train,ont_Etica_Negativo,0.0,-0.06834085335022719,-0.06834085285663605
1mr667z,train,ont_Tecnologia_Neutro,0.0,-0.27668578554642986,-0.27668577432632446
1nfebin,train,ont_domain_density,0.0070921985815602835,-1.0189366613845015,-1.0189366340637207
1nfebin,train,ont_total_negativo_mentions,0.0,-0.21001172000820306,-0.21001172065734863
1nfebin,train,ont_InteligenciaArtificial_Negativo,0.0,-0.19168298382244495,-0.19168297946453094
1nfebin,train,ont_Innovacion_Neutro,0.0,-0.16443598256119465,-0.1644359827041626
1nfebin,train,ont_Etica_Negativo,0.0,-0.06834085335022719,-0.06834085285663605
1nfebin,train,ont_Tecnologia_Neutro,0.0,-0.27668578554642986,-0.27668577432632446
1mw2zto,train,ont_domain_density,0.002805049088359046,-1.0958337225241903,-1.0958337783813477
1mw2zto,train,ont_total_negativo_mentions,0.0,-0.21001172000820306,-0.21001172065734863
1mw2zto,train,ont_InteligenciaArtificial_Negativo,0.0,-0.19168298382244495,-0.19168297946453094
1mw2zto,train,ont_Innovacion_Neutro,0.0,-0.16443598256119465,-0.1644359827041626
1mw2zto,train,ont_Etica_Negativo,0.0,-0.06834085335022719,-0.06834085285663605
1mw2zto,train,ont_Tecnologia_Neutro,0.0,-0.27668578554642986,-0.27668577432632446
1mlrj2e,train,ont_domain_density,0.02830188679245283,-0.6385060993774612,-0.6385061144828796
1mlrj2e,train,ont_total_negativo_mentions,0.0,-0.21001172000820306,-0.21001172065734863
1mlrj2e,train,ont_InteligenciaArtificial_Negativo,0.0,-0.19168298382244495,-0.19168297946453094
1mlrj2e,train,ont_Innovacion_Neutro,0.0,-0.16443598256119465,-0.1644359827041626
1mlrj2e,train,ont_Etica_Negativo,0.0,-0.06834085335022719,-0.06834085285663605
1mlrj2e,train,ont_Tecnologia_Neutro,0.0,-0.27668578554642986,-0.27668577432632446
1n7jwud,train,ont_domain_density,0.0,-1.146146880856887,-1.1461468935012817
1n7jwud,train,ont_total_negativo_mentions,0.0,-0.21001172000820306,-0.21001172065734863
1n7jwud,train,ont_InteligenciaArtificial_Negativo,0.0,-0.19168298382244495,-0.19168297946453094
1n7jwud,train,ont_Innovacion_Neutro,0.0,-0.16443598256119465,-0.1644359827041626
1n7jwud,train,ont_Etica_Negativo,0.0,-0.06834085335022719,-0.06834085285663605
1n7jwud,train,ont_Tecnologia_Neutro,0.0,-0.27668578554642986,-0.27668577432632446
1n8am13,train,ont_domain_density,0.043478260869565216,-0.3662929267000879,-0.36629292368888855
1n8am13,train,ont_total_negativo_mentions,0.0,-0.21001172000820306,-0.21001172065734863
1n8am13,train,ont_InteligenciaArtificial_Negativo,0.0,-0.19168298382244495,-0.19168297946453094
1n8am13,train,ont_Innovacion_Neutro,0.0,-0.16443598256119465,-0.1644359827041626
1n8am13,train,ont_Etica_Negativo,0.0,-0.06834085335022719,-0.06834085285663605
1n8am13,train,ont_Tecnologia_Neutro,0.0,-0.27668578554642986,-0.27668577432632446
1n97qlp,train,ont_domain_density,0.125,1.0959332373439108,1.095933198928833
1n97qlp,train,ont_total_negativo_mentions,0.0,-0.21001172000820306,-0.21001172065734863
1n97qlp,train,ont_InteligenciaArtificial_Negativo,0.0,-0.19168298382244495,-0.19168297946453094
1n97qlp,train,ont_Innovacion_Neutro,0.0,-0.16443598256119465,-0.1644359827041626
1n97qlp,train,ont_Etica_Negativo,0.0,-0.06834085335022719,-0.06834085285663605
1n97qlp,train,ont_Tecnologia_Neutro,0.0,-0.27668578554642986,-0.27668577432632446
1n96fa5,train,ont_domain_density,0.06666666666666667,0.04962918218353839,0.04962918162345886
1n96fa5,train,ont_total_negativo_mentions,0.0,-0.21001172000820306,-0.21001172065734863
1n96fa5,train,ont_InteligenciaArtificial_Negativo,0.0,-0.19168298382244495,-0.19168297946453094
1n96fa5,train,ont_Innovacion_Neutro,0.0,-0.16443598256119465,-0.1644359827041626
1n96fa5,train,ont_Etica_Negativo,0.0,-0.06834085335022719,-0.06834085285663605
1n96fa5,train,ont_Tecnologia_Neutro,0.0,-0.27668578554642986,-0.27668577432632446
1n6g9pn,train,ont_domain_density,0.0,-1.146146880856887,-1.1461468935012817
1n6g9pn,train,ont_total_negativo_mentions,0.0,-0.21001172000820306,-0.21001172065734863
1n6g9pn,train,ont_InteligenciaArtificial_Negativo,0.0,-0.19168298382244495,-0.19168297946453094
1n6g9pn,train,ont_Innovacion_Neutro,0.0,-0.16443598256119465,-0.1644359827041626
1n6g9pn,train,ont_Etica_Negativo,0.0,-0.06834085335022719,-0.06834085285663605
1n6g9pn,train,ont_Tecnologia_Neutro,0.0,-0.27668578554642986,-0.27668577432632446
1n6g7ff,train,ont_domain_density,0.1111111111111111,0.8468132242104887,0.8468132019042969
1n6g7ff,train,ont_total_negativo_mentions,0.0,-0.21001172000820306,-0.21001172065734863
1n6g7ff,train,ont_InteligenciaArtificial_Negativo,0.0,-0.19168298382244495,-0.19168297946453094
1n6g7ff,train,ont_Innovacion_Neutro,0.0,-0.16443598256119465,-0.1644359827041626
1n6g7ff,train,ont_Etica_Negativo,0.0,-0.06834085335022719,-0.06834085285663605
1n6g7ff,train,ont_Tecnologia_Neutro,0.0,-0.27668578554642986,-0.27668577432632446
1necv63,train,ont_domain_density,0.0,-1.146146880856887,-1.1461468935012817
1necv63,train,ont_total_negativo_mentions,0.0,-0.21001172000820306,-0.21001172065734863
1necv63,train,ont_InteligenciaArtificial_Negativo,0.0,-0.19168298382244495,-0.19168297946453094
1necv63,train,ont_Innovacion_Neutro,0.0,-0.16443598256119465,-0.1644359827041626
1necv63,train,ont_Etica_Negativo,0.0,-0.06834085335022719,-0.06834085285663605
1necv63,train,ont_Tecnologia_Neutro,0.0,-0.27668578554642986,-0.27668577432632446
1nebm2h,train,ont_domain_density,0.14285714285714285,1.4162303970868817,1.4162304401397705
1nebm2h,train,ont_total_negativo_mentions,0.0,-0.21001172000820306,-0.21001172065734863
1nebm2h,train,ont_InteligenciaArtificial_Negativo,0.0,-0.19168298382244495,-0.19168297946453094
1nebm2h,train,ont_Innovacion_Neutro,0.0,-0.16443598256119465,-0.1644359827041626
1nebm2h,train,ont_Etica_Negativo,0.0,-0.06834085335022719,-0.06834085285663605
1nebm2h,train,ont_Tecnologia_Neutro,0.0,-0.27668578554642986,-0.27668577432632446
1ne7svc,train,ont_domain_density,0.1111111111111111,0.8468132242104887,0.8468132019042969
1ne7svc,train,ont_total_negativo_mentions,0.0,-0.21001172000820306,-0.21001172065734863
1ne7svc,train,ont_InteligenciaArtificial_Negativo,0.0,-0.19168298382244495,-0.19168297946453094
1ne7svc,train,ont_Innovacion_Neutro,0.0,-0.16443598256119465,-0.1644359827041626
1ne7svc,train,ont_Etica_Negativo,0.0,-0.06834085335022719,-0.06834085285663605
1ne7svc,train,ont_Tecnologia_Neutro,0.0,-0.27668578554642986,-0.27668577432632446
1nige7d,train,ont_domain_density,0.06666666666666667,0.04962918218353839,0.04962918162345886
1nige7d,train,ont_total_negativo_mentions,0.0,-0.21001172000820306,-0.21001172065734863
1nige7d,train,ont_InteligenciaArtificial_Negativo,0.0,-0.19168298382244495,-0.19168297946453094
1nige7d,train,ont_Innovacion_Neutro,0.0,-0.16443598256119465,-0.1644359827041626
1nige7d,train,ont_Etica_Negativo,0.0,-0.06834085335022719,-0.06834085285663605
1nige7d,train,ont_Tecnologia_Neutro,0.0,-0.27668578554642986,-0.27668577432632446
1nixnsc,train,ont_domain_density,0.1,0.6475172137037513,0.647517204284668
1nixnsc,train,ont_total_negativo_mentions,0.0,-0.21001172000820306,-0.21001172065734863
1nixnsc,train,ont_InteligenciaArtificial_Negativo,0.0,-0.19168298382244495,-0.19168297946453094
1nixnsc,train,ont_Innovacion_Neutro,0.0,-0.16443598256119465,-0.1644359827041626
1nixnsc,train,ont_Etica_Negativo,0.0,-0.06834085335022719,-0.06834085285663605
1nixnsc,train,ont_Tecnologia_Neutro,0.0,-0.27668578554642986,-0.27668577432632446
1niju3v,train,ont_domain_density,0.06666666666666667,0.04962918218353839,0.04962918162345886
1niju3v,train,ont_total_negativo_mentions,0.0,-0.21001172000820306,-0.21001172065734863
1niju3v,train,ont_InteligenciaArtificial_Negativo,0.0,-0.19168298382244495,-0.19168297946453094
1niju3v,train,ont_Innovacion_Neutro,0.0,-0.16443598256119465,-0.1644359827041626
1niju3v,train,ont_Etica_Negativo,0.0,-0.06834085335022719,-0.06834085285663605
1niju3v,train,ont_Tecnologia_Neutro,0.0,-0.27668578554642986,-0.27668577432632446
1nibyr1,train,ont_domain_density,0.04,-0.4286812430326318,-0.42868125438690186
1nibyr1,train,ont_total_negativo_mentions,0.0,-0.21001172000820306,-0.21001172065734863
1nibyr1,train,ont_InteligenciaArtificial_Negativo,0.0,-0.19168298382244495,-0.19168297946453094
1nibyr1,train,ont_Innovacion_Neutro,0.0,-0.16443598256119465,-0.1644359827041626
1nibyr1,train,ont_Etica_Negativo,0.0,-0.06834085335022719,-0.06834085285663605
1nibyr1,train,ont_Tecnologia_Neutro,0.0,-0.27668578554642986,-0.27668577432632446
1njfybp,train,ont_domain_density,0.08333333333333333,0.3485731979436447,0.3485732078552246
1njfybp,train,ont_total_negativo_mentions,0.0,-0.21001172000820306,-0.21001172065734863
1njfybp,train,ont_InteligenciaArtificial_Negativo,0.0,-0.19168298382244495,-0.19168297946453094
1njfybp,train,ont_Innovacion_Neutro,0.0,-0.16443598256119465,-0.1644359827041626
1njfybp,train,ont_Etica_Negativo,0.0,-0.06834085335022719,-0.06834085285663605
1njfybp,train,ont_Tecnologia_Neutro,0.0,-0.27668578554642986,-0.27668577432632446
1njb1ex,train,ont_domain_density,0.07692307692307693,0.23359473034360395,0.23359473049640656
1njb1ex,train,ont_total_negativo_mentions,0.0,-0.21001172000820306,-0.21001172065734863
1njb1ex,train,ont_InteligenciaArtificial_Negativo,0.0,-0.19168298382244495,-0.19168297946453094
1njb1ex,train,ont_Innovacion_Neutro,0.0,-0.16443598256119465,-0.1644359827041626
1njb1ex,train,ont_Etica_Negativo,0.0,-0.06834085335022719,-0.06834085285663605
1njb1ex,train,ont_Tecnologia_Neutro,1.0,1.2450860349589343,1.2450860738754272
1njh8vi,train,ont_domain_density,0.125,1.0959332373439108,1.095933198928833
1njh8vi,train,ont_total_negativo_mentions,0.0,-0.21001172000820306,-0.21001172065734863
1njh8vi,train,ont_InteligenciaArtificial_Negativo,0.0,-0.19168298382244495,-0.19168297946453094
1njh8vi,train,ont_Innovacion_Neutro,0.0,-0.16443598256119465,-0.1644359827041626
1njh8vi,train,ont_Etica_Negativo,0.0,-0.06834085335022719,-0.06834085285663605
1njh8vi,train,ont_Tecnologia_Neutro,0.0,-0.27668578554642986,-0.27668577432632446
1nj8y01,train,ont_domain_density,0.09090909090909091,0.4844568414709659,0.4844568371772766
1nj8y01,train,ont_total_negativo_mentions,0.0,-0.21001172000820306,-0.21001172065734863
1nj8y01,train,ont_InteligenciaArtificial_Negativo,0.0,-0.19168298382244495,-0.19168297946453094
1nj8y01,train,ont_Innovacion_Neutro,0.0,-0.16443598256119465,-0.1644359827041626
1nj8y01,train,ont_Etica_Negativo,0.0,-0.06834085335022719,-0.06834085285663605
1nj8y01,train,ont_Tecnologia_Neutro,0.0,-0.27668578554642986,-0.27668577432632446
1ndmmku,train,ont_domain_density,0.1111111111111111,0.8468132242104887,0.8468132019042969
1ndmmku,train,ont_total_negativo_mentions,0.0,-0.21001172000820306,-0.21001172065734863
1ndmmku,train,ont_InteligenciaArtificial_Negativo,0.0,-0.19168298382244495,-0.19168297946453094
1ndmmku,train,ont_Innovacion_Neutro,0.0,-0.16443598256119465,-0.1644359827041626
1ndmmku,train,ont_Etica_Negativo,0.0,-0.06834085335022719,-0.06834085285663605
1ndmmku,train,ont_Tecnologia_Neutro,0.0,-0.27668578554642986,-0.27668577432632446
1nj91ui,train,ont_domain_density,0.08333333333333333,0.3485731979436447,0.3485732078552246
1nj91ui,train,ont_total_negativo_mentions,0.0,-0.21001172000820306,-0.21001172065734863
1nj91ui,train,ont_InteligenciaArtificial_Negativo,0.0,-0.19168298382244495,-0.19168297946453094
1nj91ui,train,ont_Innovacion_Neutro,0.0,-0.16443598256119465,-0.1644359827041626
1nj91ui,train,ont_Etica_Negativo,0.0,-0.06834085335022719,-0.06834085285663605
1nj91ui,train,ont_Tecnologia_Neutro,0.0,-0.27668578554642986,-0.27668577432632446
1ndkyf5,train,ont_domain_density,0.0,-1.146146880856887,-1.1461468935012817
1ndkyf5,train,ont_total_negativo_mentions,0.0,-0.21001172000820306,-0.21001172065734863
1ndkyf5,train,ont_InteligenciaArtificial_Negativo,0.0,-0.19168298382244495,-0.19168297946453094
1ndkyf5,train,ont_Innovacion_Neutro,0.0,-0.16443598256119465,-0.1644359827041626
1ndkyf5,train,ont_Etica_Negativo,0.0,-0.06834085335022719,-0.06834085285663605
1ndkyf5,train,ont_Tecnologia_Neutro,0.0,-0.27668578554642986,-0.27668577432632446
1ndbud5,train,ont_domain_density,0.05555555555555555,-0.14966682832319925,-0.14966683089733124
1ndbud5,train,ont_total_negativo_mentions,0.0,-0.21001172000820306,-0.21001172065734863
1ndbud5,train,ont_InteligenciaArtificial_Negativo,0.0,-0.19168298382244495,-0.19168297946453094
1ndbud5,train,ont_Innovacion_Neutro,0.0,-0.16443598256119465,-0.1644359827041626
1ndbud5,train,ont_Etica_Negativo,0.0,-0.06834085335022719,-0.06834085285663605
1ndbud5,train,ont_Tecnologia_Neutro,0.0,-0.27668578554642986,-0.27668577432632446
1ndva7s,train,ont_domain_density,0.08333333333333333,0.3485731979436447,0.3485732078552246
1ndva7s,train,ont_total_negativo_mentions,0.0,-0.21001172000820306,-0.21001172065734863
1ndva7s,train,ont_InteligenciaArtificial_Negativo,0.0,-0.19168298382244495,-0.19168297946453094
1ndva7s,train,ont_Innovacion_Neutro,1.0,5.324323711205579,5.324323654174805
1ndva7s,train,ont_Etica_Negativo,0.0,-0.06834085335022719,-0.06834085285663605
1ndva7s,train,ont_Tecnologia_Neutro,0.0,-0.27668578554642986,-0.27668577432632446
1ndb79a,train,ont_domain_density,0.038461538461538464,-0.4562760752566416,-0.4562760889530182
1ndb79a,train,ont_total_negativo_mentions,0.0,-0.21001172000820306,-0.21001172065734863
1ndb79a,train,ont_InteligenciaArtificial_Negativo,0.0,-0.19168298382244495,-0.19168297946453094
1ndb79a,train,ont_Innovacion_Neutro,0.0,-0.16443598256119465,-0.1644359827041626
1ndb79a,train,ont_Etica_Negativo,0.0,-0.06834085335022719,-0.06834085285663605
1ndb79a,train,ont_Tecnologia_Neutro,0.0,-0.27668578554642986,-0.27668577432632446
1ndbrar,train,ont_domain_density,0.029411764705882353,-0.618598617750817,-0.6185986399650574
1ndbrar,train,ont_total_negativo_mentions,0.0,-0.21001172000820306,-0.21001172065734863
1ndbrar,train,ont_InteligenciaArtificial_Negativo,0.0,-0.19168298382244495,-0.19168297946453094
1ndbrar,train,ont_Innovacion_Neutro,0.0,-0.16443598256119465,-0.1644359827041626
1ndbrar,train,ont_Etica_Negativo,0.0,-0.06834085335022719,-0.06834085285663605
1ndbrar,train,ont_Tecnologia_Neutro,0.0,-0.27668578554642986,-0.27668577432632446
1nd4r0k,train,ont_domain_density,0.09090909090909091,0.4844568414709659,0.4844568371772766
1nd4r0k,train,ont_total_negativo_mentions,0.0,-0.21001172000820306,-0.21001172065734863
1nd4r0k,train,ont_InteligenciaArtificial_Negativo,0.0,-0.19168298382244495,-0.19168297946453094
1nd4r0k,train,ont_Innovacion_Neutro,0.0,-0.16443598256119465,-0.1644359827041626
1nd4r0k,train,ont_Etica_Negativo,0.0,-0.06834085335022719,-0.06834085285663605
1nd4r0k,train,ont_Tecnologia_Neutro,0.0,-0.27668578554642986,-0.27668577432632446
1nci7al,train,ont_domain_density,0.058823529411764705,-0.09105035464474698,-0.09105035662651062
1nci7al,train,ont_total_negativo_mentions,0.0,-0.21001172000820306,-0.21001172065734863
1nci7al,train,ont_InteligenciaArtificial_Negativo,0.0,-0.19168298382244495,-0.19168297946453094
1nci7al,train,ont_Innovacion_Neutro,0.0,-0.16443598256119465,-0.1644359827041626
1nci7al,train,ont_Etica_Negativo,0.0,-0.06834085335022719,-0.06834085285663605
1nci7al,train,ont_Tecnologia_Neutro,0.0,-0.27668578554642986,-0.27668577432632446
1nd4sw9,train,ont_domain_density,0.125,1.0959332373439108,1.095933198928833
1nd4sw9,train,ont_total_negativo_mentions,0.0,-0.21001172000820306,-0.21001172065734863
1nd4sw9,train,ont_InteligenciaArtificial_Negativo,0.0,-0.19168298382244495,-0.19168297946453094
1nd4sw9,train,ont_Innovacion_Neutro,0.0,-0.16443598256119465,-0.1644359827041626
1nd4sw9,train,ont_Etica_Negativo,0.0,-0.06834085335022719,-0.06834085285663605
1nd4sw9,train,ont_Tecnologia_Neutro,0.0,-0.27668578554642986,-0.27668577432632446
1ncq20v,train,ont_domain_density,0.034482758620689655,-0.5276420206635636,-0.527642011642456
1ncq20v,train,ont_total_negativo_mentions,0.0,-0.21001172000820306,-0.21001172065734863
1ncq20v,train,ont_InteligenciaArtificial_Negativo,0.0,-0.19168298382244495,-0.19168297946453094
1ncq20v,train,ont_Innovacion_Neutro,0.0,-0.16443598256119465,-0.1644359827041626
1ncq20v,train,ont_Etica_Negativo,0.0,-0.06834085335022719,-0.06834085285663605
1ncq20v,train,ont_Tecnologia_Neutro,0.0,-0.27668578554642986,-0.27668577432632446
1nc27ku,train,ont_domain_density,0.1111111111111111,0.8468132242104887,0.8468132019042969
1nc27ku,train,ont_total_negativo_mentions,0.0,-0.21001172000820306,-0.21001172065734863
1nc27ku,train,ont_InteligenciaArtificial_Negativo,0.0,-0.19168298382244495,-0.19168297946453094
1nc27ku,train,ont_Innovacion_Neutro,0.0,-0.16443598256119465,-0.1644359827041626
1nc27ku,train,ont_Etica_Negativo,0.0,-0.06834085335022719,-0.06834085285663605
1nc27ku,train,ont_Tecnologia_Neutro,0.0,-0.27668578554642986,-0.27668577432632446
1n5kjl7,train,ont_domain_density,0.06666666666666667,0.04962918218353839,0.04962918162345886
1n5kjl7,train,ont_total_negativo_mentions,0.0,-0.21001172000820306,-0.21001172065734863
1n5kjl7,train,ont_InteligenciaArtificial_Negativo,0.0,-0.19168298382244495,-0.19168297946453094
1n5kjl7,train,ont_Innovacion_Neutro,0.0,-0.16443598256119465,-0.1644359827041626
1n5kjl7,train,ont_Etica_Negativo,0.0,-0.06834085335022719,-0.06834085285663605
1n5kjl7,train,ont_Tecnologia_Neutro,0.0,-0.27668578554642986,-0.27668577432632446
1n5mxwp,train,ont_domain_density,0.06666666666666667,0.04962918218353839,0.04962918162345886
1n5mxwp,train,ont_total_negativo_mentions,0.0,-0.21001172000820306,-0.21001172065734863
1n5mxwp,train,ont_InteligenciaArtificial_Negativo,0.0,-0.19168298382244495,-0.19168297946453094
1n5mxwp,train,ont_Innovacion_Neutro,0.0,-0.16443598256119465,-0.1644359827041626
1n5mxwp,train,ont_Etica_Negativo,0.0,-0.06834085335022719,-0.06834085285663605
1n5mxwp,train,ont_Tecnologia_Neutro,0.0,-0.27668578554642986,-0.27668577432632446
1n5mc3f,train,ont_domain_density,0.18181818181818182,2.115060563798819,2.115060567855835
1n5mc3f,train,ont_total_negativo_mentions,0.0,-0.21001172000820306,-0.21001172065734863
1n5mc3f,train,ont_InteligenciaArtificial_Negativo,0.0,-0.19168298382244495,-0.19168297946453094
1n5mc3f,train,ont_Innovacion_Neutro,0.0,-0.16443598256119465,-0.1644359827041626
1n5mc3f,train,ont_Etica_Negativo,0.0,-0.06834085335022719,-0.06834085285663605
1n5mc3f,train,ont_Tecnologia_Neutro,0.0,-0.27668578554642986,-0.27668577432632446
1nhmkfb,train,ont_domain_density,0.0,-1.146146880856887,-1.1461468935012817
1nhmkfb,train,ont_total_negativo_mentions,0.0,-0.21001172000820306,-0.21001172065734863
1nhmkfb,train,ont_InteligenciaArtificial_Negativo,0.0,-0.19168298382244495,-0.19168297946453094
1nhmkfb,train,ont_Innovacion_Neutro,0.0,-0.16443598256119465,-0.1644359827041626
1nhmkfb,train,ont_Etica_Negativo,0.0,-0.06834085335022719,-0.06834085285663605
1nhmkfb,train,ont_Tecnologia_Neutro,0.0,-0.27668578554642986,-0.27668577432632446
1nhqi7h,train,ont_domain_density,0.2,2.44118130826439,2.4411814212799072
1nhqi7h,train,ont_total_negativo_mentions,0.0,-0.21001172000820306,-0.21001172065734863
1nhqi7h,train,ont_InteligenciaArtificial_Negativo,0.0,-0.19168298382244495,-0.19168297946453094
1nhqi7h,train,ont_Innovacion_Neutro,0.0,-0.16443598256119465,-0.1644359827041626
1nhqi7h,train,ont_Etica_Negativo,0.0,-0.06834085335022719,-0.06834085285663605
1nhqi7h,train,ont_Tecnologia_Neutro,0.0,-0.27668578554642986,-0.27668577432632446
1nghix4,train,ont_domain_density,0.08333333333333333,0.3485731979436447,0.3485732078552246
1nghix4,train,ont_total_negativo_mentions,0.0,-0.21001172000820306,-0.21001172065734863
1nghix4,train,ont_InteligenciaArtificial_Negativo,0.0,-0.19168298382244495,-0.19168297946453094
1nghix4,train,ont_Innovacion_Neutro,0.0,-0.16443598256119465,-0.1644359827041626
1nghix4,train,ont_Etica_Negativo,0.0,-0.06834085335022719,-0.06834085285663605
1nghix4,train,ont_Tecnologia_Neutro,0.0,-0.27668578554642986,-0.27668577432632446
1nfwni5,train,ont_domain_density,0.09090909090909091,0.4844568414709659,0.4844568371772766
1nfwni5,train,ont_total_negativo_mentions,0.0,-0.21001172000820306,-0.21001172065734863
1nfwni5,train,ont_InteligenciaArtificial_Negativo,0.0,-0.19168298382244495,-0.19168297946453094
1nfwni5,train,ont_Innovacion_Neutro,0.0,-0.16443598256119465,-0.1644359827041626
1nfwni5,train,ont_Etica_Negativo,0.0,-0.06834085335022719,-0.06834085285663605
1nfwni5,train,ont_Tecnologia_Neutro,0.0,-0.27668578554642986,-0.27668577432632446
1n7tz0e,train,ont_domain_density,0.05555555555555555,-0.14966682832319925,-0.14966683089733124
1n7tz0e,train,ont_total_negativo_mentions,0.0,-0.21001172000820306,-0.21001172065734863
1n7tz0e,train,ont_InteligenciaArtificial_Negativo,0.0,-0.19168298382244495,-0.19168297946453094
1n7tz0e,train,ont_Innovacion_Neutro,0.0,-0.16443598256119465,-0.1644359827041626
1n7tz0e,train,ont_Etica_Negativo,0.0,-0.06834085335022719,-0.06834085285663605
1n7tz0e,train,ont_Tecnologia_Neutro,0.0,-0.27668578554642986,-0.27668577432632446
1n7k9oh,train,ont_domain_density,0.07692307692307693,0.23359473034360395,0.23359473049640656
1n7k9oh,train,ont_total_negativo_mentions,0.0,-0.21001172000820306,-0.21001172065734863
1n7k9oh,train,ont_InteligenciaArtificial_Negativo,0.0,-0.19168298382244495,-0.19168297946453094
1n7k9oh,train,ont_Innovacion_Neutro,0.0,-0.16443598256119465,-0.1644359827041626
1n7k9oh,train,ont_Etica_Negativo,0.0,-0.06834085335022719,-0.06834085285663605
1n7k9oh,train,ont_Tecnologia_Neutro,1.0,1.2450860349589343,1.2450860738754272
1n7ewcd,train,ont_domain_density,0.07692307692307693,0.23359473034360395,0.23359473049640656
1n7ewcd,train,ont_total_negativo_mentions,0.0,-0.21001172000820306,-0.21001172065734863
1n7ewcd,train,ont_InteligenciaArtificial_Negativo,0.0,-0.19168298382244495,-0.19168297946453094
1n7ewcd,train,ont_Innovacion_Neutro,0.0,-0.16443598256119465,-0.1644359827041626
1n7ewcd,train,ont_Etica_Negativo,0.0,-0.06834085335022719,-0.06834085285663605
1n7ewcd,train,ont_Tecnologia_Neutro,0.0,-0.27668578554642986,-0.27668577432632446
1n7na8h,train,ont_domain_density,0.09090909090909091,0.4844568414709659,0.4844568371772766
1n7na8h,train,ont_total_negativo_mentions,0.0,-0.21001172000820306,-0.21001172065734863
1n7na8h,train,ont_InteligenciaArtificial_Negativo,0.0,-0.19168298382244495,-0.19168297946453094
1n7na8h,train,ont_Innovacion_Neutro,0.0,-0.16443598256119465,-0.1644359827041626
1n7na8h,train,ont_Etica_Negativo,0.0,-0.06834085335022719,-0.06834085285663605
1n7na8h,train,ont_Tecnologia_Neutro,0.0,-0.27668578554642986,-0.27668577432632446
1n7vscj,train,ont_domain_density,0.0,-1.146146880856887,-1.1461468935012817
1n7vscj,train,ont_total_negativo_mentions,0.0,-0.21001172000820306,-0.21001172065734863
1n7vscj,train,ont_InteligenciaArtificial_Negativo,0.0,-0.19168298382244495,-0.19168297946453094
1n7vscj,train,ont_Innovacion_Neutro,0.0,-0.16443598256119465,-0.1644359827041626
1n7vscj,train,ont_Etica_Negativo,0.0,-0.06834085335022719,-0.06834085285663605
1n7vscj,train,ont_Tecnologia_Neutro,0.0,-0.27668578554642986,-0.27668577432632446
1n7oor0,train,ont_domain_density,0.16666666666666666,1.8432932767441765,1.843293309211731
1n7oor0,train,ont_total_negativo_mentions,0.0,-0.21001172000820306,-0.21001172065734863
1n7oor0,train,ont_InteligenciaArtificial_Negativo,0.0,-0.19168298382244495,-0.19168297946453094
1n7oor0,train,ont_Innovacion_Neutro,0.0,-0.16443598256119465,-0.1644359827041626
1n7oor0,train,ont_Etica_Negativo,0.0,-0.06834085335022719,-0.06834085285663605
1n7oor0,train,ont_Tecnologia_Neutro,0.0,-0.27668578554642986,-0.27668577432632446
1n7cxtt,train,ont_domain_density,0.058823529411764705,-0.09105035464474698,-0.09105035662651062
1n7cxtt,train,ont_total_negativo_mentions,0.0,-0.21001172000820306,-0.21001172065734863
1n7cxtt,train,ont_InteligenciaArtificial_Negativo,0.0,-0.19168298382244495,-0.19168297946453094
1n7cxtt,train,ont_Innovacion_Neutro,0.0,-0.16443598256119465,-0.1644359827041626
1n7cxtt,train,ont_Etica_Negativo,0.0,-0.06834085335022719,-0.06834085285663605
1n7cxtt,train,ont_Tecnologia_Neutro,0.0,-0.27668578554642986,-0.27668577432632446
1n7ible,train,ont_domain_density,0.0625,-0.025106821756488196,-0.025106821209192276
1n7ible,train,ont_total_negativo_mentions,0.0,-0.21001172000820306,-0.21001172065734863
1n7ible,train,ont_InteligenciaArtificial_Negativo,0.0,-0.19168298382244495,-0.19168297946453094
1n7ible,train,ont_Innovacion_Neutro,0.0,-0.16443598256119465,-0.1644359827041626
1n7ible,train,ont_Etica_Negativo,0.0,-0.06834085335022719,-0.06834085285663605
1n7ible,train,ont_Tecnologia_Neutro,0.0,-0.27668578554642986,-0.27668577432632446
1n7obor,train,ont_domain_density,0.08333333333333333,0.3485731979436447,0.3485732078552246
1n7obor,train,ont_total_negativo_mentions,0.0,-0.21001172000820306,-0.21001172065734863
1n7obor,train,ont_InteligenciaArtificial_Negativo,0.0,-0.19168298382244495,-0.19168297946453094
1n7obor,train,ont_Innovacion_Neutro,0.0,-0.16443598256119465,-0.1644359827041626
1n7obor,train,ont_Etica_Negativo,0.0,-0.06834085335022719,-0.06834085285663605
1n7obor,train,ont_Tecnologia_Neutro,0.0,-0.27668578554642986,-0.27668577432632446
1n7vtfs,train,ont_domain_density,0.0,-1.146146880856887,-1.1461468935012817
1n7vtfs,train,ont_total_negativo_mentions,0.0,-0.21001172000820306,-0.21001172065734863
1n7vtfs,train,ont_InteligenciaArtificial_Negativo,0.0,-0.19168298382244495,-0.19168297946453094
1n7vtfs,train,ont_Innovacion_Neutro,0.0,-0.16443598256119465,-0.1644359827041626
1n7vtfs,train,ont_Etica_Negativo,0.0,-0.06834085335022719,-0.06834085285663605
1n7vtfs,train,ont_Tecnologia_Neutro,0.0,-0.27668578554642986,-0.27668577432632446
1n7fe0k,train,ont_domain_density,0.09090909090909091,0.4844568414709659,0.4844568371772766
1n7fe0k,train,ont_total_negativo_mentions,0.0,-0.21001172000820306,-0.21001172065734863
1n7fe0k,train,ont_InteligenciaArtificial_Negativo,0.0,-0.19168298382244495,-0.19168297946453094
1n7fe0k,train,ont_Innovacion_Neutro,0.0,-0.16443598256119465,-0.1644359827041626
1n7fe0k,train,ont_Etica_Negativo,0.0,-0.06834085335022719,-0.06834085285663605
1n7fe0k,train,ont_Tecnologia_Neutro,0.0,-0.27668578554642986,-0.27668577432632446
1n7jvaa,train,ont_domain_density,0.0625,-0.025106821756488196,-0.025106821209192276
1n7jvaa,train,ont_total_negativo_mentions,0.0,-0.21001172000820306,-0.21001172065734863
1n7jvaa,train,ont_InteligenciaArtificial_Negativo,0.0,-0.19168298382244495,-0.19168297946453094
1n7jvaa,train,ont_Innovacion_Neutro,0.0,-0.16443598256119465,-0.1644359827041626
1n7jvaa,train,ont_Etica_Negativo,0.0,-0.06834085335022719,-0.06834085285663605
1n7jvaa,train,ont_Tecnologia_Neutro,0.0,-0.27668578554642986,-0.27668577432632446
1n7yv9r,train,ont_domain_density,0.05555555555555555,-0.14966682832319925,-0.14966683089733124
1n7yv9r,train,ont_total_negativo_mentions,0.0,-0.21001172000820306,-0.21001172065734863
1n7yv9r,train,ont_InteligenciaArtificial_Negativo,0.0,-0.19168298382244495,-0.19168297946453094
1n7yv9r,train,ont_Innovacion_Neutro,0.0,-0.16443598256119465,-0.1644359827041626
1n7yv9r,train,ont_Etica_Negativo,0.0,-0.06834085335022719,-0.06834085285663605
1n7yv9r,train,ont_Tecnologia_Neutro,0.0,-0.27668578554642986,-0.27668577432632446
1n7ig5s,train,ont_domain_density,0.038461538461538464,-0.4562760752566416,-0.4562760889530182
1n7ig5s,train,ont_total_negativo_mentions,0.0,-0.21001172000820306,-0.21001172065734863
1n7ig5s,train,ont_InteligenciaArtificial_Negativo,0.0,-0.19168298382244495,-0.19168297946453094
1n7ig5s,train,ont_Innovacion_Neutro,0.0,-0.16443598256119465,-0.1644359827041626
1n7ig5s,train,ont_Etica_Negativo,0.0,-0.06834085335022719,-0.06834085285663605
1n7ig5s,train,ont_Tecnologia_Neutro,0.0,-0.27668578554642986,-0.27668577432632446
1n7ekt8,train,ont_domain_density,0.1111111111111111,0.8468132242104887,0.8468132019042969
1n7ekt8,train,ont_total_negativo_mentions,0.0,-0.21001172000820306,-0.21001172065734863
1n7ekt8,train,ont_InteligenciaArtificial_Negativo,0.0,-0.19168298382244495,-0.19168297946453094
1n7ekt8,train,ont_Innovacion_Neutro,0.0,-0.16443598256119465,-0.1644359827041626
1n7ekt8,train,ont_Etica_Negativo,0.0,-0.06834085335022719,-0.06834085285663605
1n7ekt8,train,ont_Tecnologia_Neutro,0.0,-0.27668578554642986,-0.27668577432632446
1n7vzgo,train,ont_domain_density,0.09090909090909091,0.4844568414709659,0.4844568371772766
1n7vzgo,train,ont_total_negativo_mentions,0.0,-0.21001172000820306,-0.21001172065734863
1n7vzgo,train,ont_InteligenciaArtificial_Negativo,0.0,-0.19168298382244495,-0.19168297946453094
1n7vzgo,train,ont_Innovacion_Neutro,0.0,-0.16443598256119465,-0.1644359827041626
1n7vzgo,train,ont_Etica_Negativo,0.0,-0.06834085335022719,-0.06834085285663605
1n7vzgo,train,ont_Tecnologia_Neutro,0.0,-0.27668578554642986,-0.27668577432632446
1n7dk2o,train,ont_domain_density,0.0,-1.146146880856887,-1.1461468935012817
1n7dk2o,train,ont_total_negativo_mentions,0.0,-0.21001172000820306,-0.21001172065734863
1n7dk2o,train,ont_InteligenciaArtificial_Negativo,0.0,-0.19168298382244495,-0.19168297946453094
1n7dk2o,train,ont_Innovacion_Neutro,0.0,-0.16443598256119465,-0.1644359827041626
1n7dk2o,train,ont_Etica_Negativo,0.0,-0.06834085335022719,-0.06834085285663605
1n7dk2o,train,ont_Tecnologia_Neutro,0.0,-0.27668578554642986,-0.27668577432632446
1n7s92f,train,ont_domain_density,0.09090909090909091,0.4844568414709659,0.4844568371772766
1n7s92f,train,ont_total_negativo_mentions,0.0,-0.21001172000820306,-0.21001172065734863
1n7s92f,train,ont_InteligenciaArtificial_Negativo,0.0,-0.19168298382244495,-0.19168297946453094
1n7s92f,train,ont_Innovacion_Neutro,0.0,-0.16443598256119465,-0.1644359827041626
1n7s92f,train,ont_Etica_Negativo,0.0,-0.06834085335022719,-0.06834085285663605
1n7s92f,train,ont_Tecnologia_Neutro,0.0,-0.27668578554642986,-0.27668577432632446
1n7d6iv,train,ont_domain_density,0.125,1.0959332373439108,1.095933198928833
1n7d6iv,train,ont_total_negativo_mentions,0.0,-0.21001172000820306,-0.21001172065734863
1n7d6iv,train,ont_InteligenciaArtificial_Negativo,0.0,-0.19168298382244495,-0.19168297946453094
1n7d6iv,train,ont_Innovacion_Neutro,0.0,-0.16443598256119465,-0.1644359827041626
1n7d6iv,train,ont_Etica_Negativo,0.0,-0.06834085335022719,-0.06834085285663605
1n7d6iv,train,ont_Tecnologia_Neutro,0.0,-0.27668578554642986,-0.27668577432632446
1n8a25l,train,ont_domain_density,0.06666666666666667,0.04962918218353839,0.04962918162345886
1n8a25l,train,ont_total_negativo_mentions,0.0,-0.21001172000820306,-0.21001172065734863
1n8a25l,train,ont_InteligenciaArtificial_Negativo,0.0,-0.19168298382244495,-0.19168297946453094
1n8a25l,train,ont_Innovacion_Neutro,0.0,-0.16443598256119465,-0.1644359827041626
1n8a25l,train,ont_Etica_Negativo,0.0,-0.06834085335022719,-0.06834085285663605
1n8a25l,train,ont_Tecnologia_Neutro,0.0,-0.27668578554642986,-0.27668577432632446
1n8omz8,train,ont_domain_density,0.0625,-0.025106821756488196,-0.025106821209192276
1n8omz8,train,ont_total_negativo_mentions,0.0,-0.21001172000820306,-0.21001172065734863
1n8omz8,train,ont_InteligenciaArtificial_Negativo,0.0,-0.19168298382244495,-0.19168297946453094
1n8omz8,train,ont_Innovacion_Neutro,0.0,-0.16443598256119465,-0.1644359827041626
1n8omz8,train,ont_Etica_Negativo,0.0,-0.06834085335022719,-0.06834085285663605
1n8omz8,train,ont_Tecnologia_Neutro,0.0,-0.27668578554642986,-0.27668577432632446
1n7h0gh,train,ont_domain_density,0.037037037037037035,-0.48182684583442853,-0.4818268418312073
1n7h0gh,train,ont_total_negativo_mentions,0.0,-0.21001172000820306,-0.21001172065734863
1n7h0gh,train,ont_InteligenciaArtificial_Negativo,0.0,-0.19168298382244495,-0.19168297946453094
1n7h0gh,train,ont_Innovacion_Neutro,0.0,-0.16443598256119465,-0.1644359827041626
1n7h0gh,train,ont_Etica_Negativo,0.0,-0.06834085335022719,-0.06834085285663605
1n7h0gh,train,ont_Tecnologia_Neutro,0.0,-0.27668578554642986,-0.27668577432632446
1n8q7o9,train,ont_domain_density,0.14285714285714285,1.4162303970868817,1.4162304401397705
1n8q7o9,train,ont_total_negativo_mentions,0.0,-0.21001172000820306,-0.21001172065734863
1n8q7o9,train,ont_InteligenciaArtificial_Negativo,0.0,-0.19168298382244495,-0.19168297946453094
1n8q7o9,train,ont_Innovacion_Neutro,0.0,-0.16443598256119465,-0.1644359827041626
1n8q7o9,train,ont_Etica_Negativo,0.0,-0.06834085335022719,-0.06834085285663605
1n8q7o9,train,ont_Tecnologia_Neutro,0.0,-0.27668578554642986,-0.27668577432632446
1n88auu,train,ont_domain_density,0.09090909090909091,0.4844568414709659,0.4844568371772766
1n88auu,train,ont_total_negativo_mentions,0.0,-0.21001172000820306,-0.21001172065734863
1n88auu,train,ont_InteligenciaArtificial_Negativo,0.0,-0.19168298382244495,-0.19168297946453094
1n88auu,train,ont_Innovacion_Neutro,0.0,-0.16443598256119465,-0.1644359827041626
1n88auu,train,ont_Etica_Negativo,0.0,-0.06834085335022719,-0.06834085285663605
1n88auu,train,ont_Tecnologia_Neutro,0.0,-0.27668578554642986,-0.27668577432632446
1n8qv6n,train,ont_domain_density,0.1111111111111111,0.8468132242104887,0.8468132019042969
1n8qv6n,train,ont_total_negativo_mentions,0.0,-0.21001172000820306,-0.21001172065734863
1n8qv6n,train,ont_InteligenciaArtificial_Negativo,0.0,-0.19168298382244495,-0.19168297946453094
1n8qv6n,train,ont_Innovacion_Neutro,0.0,-0.16443598256119465,-0.1644359827041626
1n8qv6n,train,ont_Etica_Negativo,0.0,-0.06834085335022719,-0.06834085285663605
1n8qv6n,train,ont_Tecnologia_Neutro,0.0,-0.27668578554642986,-0.27668577432632446
1n86u5y,train,ont_domain_density,0.03571428571428571,-0.505552561370945,-0.5055525898933411
1n86u5y,train,ont_total_negativo_mentions,0.0,-0.21001172000820306,-0.21001172065734863
1n86u5y,train,ont_InteligenciaArtificial_Negativo,0.0,-0.19168298382244495,-0.19168297946453094
1n86u5y,train,ont_Innovacion_Neutro,0.0,-0.16443598256119465,-0.1644359827041626
1n86u5y,train,ont_Etica_Negativo,0.0,-0.06834085335022719,-0.06834085285663605
1n86u5y,train,ont_Tecnologia_Neutro,0.0,-0.27668578554642986,-0.27668577432632446
1n8uha7,train,ont_domain_density,0.09090909090909091,0.4844568414709659,0.4844568371772766
1n8uha7,train,ont_total_negativo_mentions,0.0,-0.21001172000820306,-0.21001172065734863
1n8uha7,train,ont_InteligenciaArtificial_Negativo,0.0,-0.19168298382244495,-0.19168297946453094
1n8uha7,train,ont_Innovacion_Neutro,0.0,-0.16443598256119465,-0.1644359827041626
1n8uha7,train,ont_Etica_Negativo,0.0,-0.06834085335022719,-0.06834085285663605
1n8uha7,train,ont_Tecnologia_Neutro,0.0,-0.27668578554642986,-0.27668577432632446
1n8bv13,train,ont_domain_density,0.09090909090909091,0.4844568414709659,0.4844568371772766
1n8bv13,train,ont_total_negativo_mentions,0.0,-0.21001172000820306,-0.21001172065734863
1n8bv13,train,ont_InteligenciaArtificial_Negativo,0.0,-0.19168298382244495,-0.19168297946453094
1n8bv13,train,ont_Innovacion_Neutro,0.0,-0.16443598256119465,-0.1644359827041626
1n8bv13,train,ont_Etica_Negativo,0.0,-0.06834085335022719,-0.06834085285663605
1n8bv13,train,ont_Tecnologia_Neutro,0.0,-0.27668578554642986,-0.27668577432632446
1n8va9u,train,ont_domain_density,0.030303030303030304,-0.6026123067476028,-0.602612316608429
1n8va9u,train,ont_total_negativo_mentions,1.0,3.1226332794662324,3.122633218765259
1n8va9u,train,ont_InteligenciaArtificial_Negativo,1.0,4.333905512278206,4.3339056968688965
1n8va9u,train,ont_Innovacion_Neutro,0.0,-0.16443598256119465,-0.1644359827041626
1n8va9u,train,ont_Etica_Negativo,0.0,-0.06834085335022719,-0.06834085285663605
1n8va9u,train,ont_Tecnologia_Neutro,0.0,-0.27668578554642986,-0.27668577432632446
1n8ec4l,train,ont_domain_density,0.125,1.0959332373439108,1.095933198928833
1n8ec4l,train,ont_total_negativo_mentions,0.0,-0.21001172000820306,-0.21001172065734863
1n8ec4l,train,ont_InteligenciaArtificial_Negativo,0.0,-0.19168298382244495,-0.19168297946453094
1n8ec4l,train,ont_Innovacion_Neutro,0.0,-0.16443598256119465,-0.1644359827041626
1n8ec4l,train,ont_Etica_Negativo,0.0,-0.06834085335022719,-0.06834085285663605
1n8ec4l,train,ont_Tecnologia_Neutro,0.0,-0.27668578554642986,-0.27668577432632446
1n88ufl,train,ont_domain_density,0.05714285714285714,-0.12119596967937957,-0.1211959719657898
1n88ufl,train,ont_total_negativo_mentions,0.0,-0.21001172000820306,-0.21001172065734863
1n88ufl,train,ont_InteligenciaArtificial_Negativo,0.0,-0.19168298382244495,-0.19168297946453094
1n88ufl,train,ont_Innovacion_Neutro,0.0,-0.16443598256119465,-0.1644359827041626
1n88ufl,train,ont_Etica_Negativo,0.0,-0.06834085335022719,-0.06834085285663605
1n88ufl,train,ont_Tecnologia_Neutro,0.0,-0.27668578554642986,-0.27668577432632446
1n85wr3,train,ont_domain_density,0.1111111111111111,0.8468132242104887,0.8468132019042969
1n85wr3,train,ont_total_negativo_mentions,0.0,-0.21001172000820306,-0.21001172065734863
1n85wr3,train,ont_InteligenciaArtificial_Negativo,0.0,-0.19168298382244495,-0.19168297946453094
1n85wr3,train,ont_Innovacion_Neutro,0.0,-0.16443598256119465,-0.1644359827041626
1n85wr3,train,ont_Etica_Negativo,0.0,-0.06834085335022719,-0.06834085285663605
1n85wr3,train,ont_Tecnologia_Neutro,0.0,-0.27668578554642986,-0.27668577432632446
1n88kph,train,ont_domain_density,0.1,0.6475172137037513,0.647517204284668
1n88kph,train,ont_total_negativo_mentions,0.0,-0.21001172000820306,-0.21001172065734863
1n88kph,train,ont_InteligenciaArtificial_Negativo,0.0,-0.19168298382244495,-0.19168297946453094
1n88kph,train,ont_Innovacion_Neutro,0.0,-0.16443598256119465,-0.1644359827041626
1n88kph,train,ont_Etica_Negativo,0.0,-0.06834085335022719,-0.06834085285663605
1n88kph,train,ont_Tecnologia_Neutro,0.0,-0.27668578554642986,-0.27668577432632446
1n8kwy3,train,ont_domain_density,0.0,-1.146146880856887,-1.1461468935012817
1n8kwy3,train,ont_total_negativo_mentions,0.0,-0.21001172000820306,-0.21001172065734863
1n8kwy3,train,ont_InteligenciaArtificial_Negativo,0.0,-0.19168298382244495,-0.19168297946453094
1n8kwy3,train,ont_Innovacion_Neutro,0.0,-0.16443598256119465,-0.1644359827041626
1n8kwy3,train,ont_Etica_Negativo,0.0,-0.06834085335022719,-0.06834085285663605
1n8kwy3,train,ont_Tecnologia_Neutro,0.0,-0.27668578554642986,-0.27668577432632446
1n8661q,train,ont_domain_density,0.030303030303030304,-0.6026123067476028,-0.602612316608429
1n8661q,train,ont_total_negativo_mentions,1.0,3.1226332794662324,3.122633218765259
1n8661q,train,ont_InteligenciaArtificial_Negativo,1.0,4.333905512278206,4.3339056968688965
1n8661q,train,ont_Innovacion_Neutro,0.0,-0.16443598256119465,-0.1644359827041626
1n8661q,train,ont_Etica_Negativo,0.0,-0.06834085335022719,-0.06834085285663605
1n8661q,train,ont_Tecnologia_Neutro,0.0,-0.27668578554642986,-0.27668577432632446
1n8euon,train,ont_domain_density,0.0,-1.146146880856887,-1.1461468935012817
1n8euon,train,ont_total_negativo_mentions,0.0,-0.21001172000820306,-0.21001172065734863
1n8euon,train,ont_InteligenciaArtificial_Negativo,0.0,-0.19168298382244495,-0.19168297946453094
1n8euon,train,ont_Innovacion_Neutro,0.0,-0.16443598256119465,-0.1644359827041626
1n8euon,train,ont_Etica_Negativo,0.0,-0.06834085335022719,-0.06834085285663605
1n8euon,train,ont_Tecnologia_Neutro,0.0,-0.27668578554642986,-0.27668577432632446
1n8qxlk,train,ont_domain_density,0.1,0.6475172137037513,0.647517204284668
1n8qxlk,train,ont_total_negativo_mentions,0.0,-0.21001172000820306,-0.21001172065734863
1n8qxlk,train,ont_InteligenciaArtificial_Negativo,0.0,-0.19168298382244495,-0.19168297946453094
1n8qxlk,train,ont_Innovacion_Neutro,0.0,-0.16443598256119465,-0.1644359827041626
1n8qxlk,train,ont_Etica_Negativo,0.0,-0.06834085335022719,-0.06834085285663605
1n8qxlk,train,ont_Tecnologia_Neutro,0.0,-0.27668578554642986,-0.27668577432632446
1n8j79j,train,ont_domain_density,0.18181818181818182,2.115060563798819,2.115060567855835
1n8j79j,train,ont_total_negativo_mentions,0.0,-0.21001172000820306,-0.21001172065734863
1n8j79j,train,ont_InteligenciaArtificial_Negativo,0.0,-0.19168298382244495,-0.19168297946453094
1n8j79j,train,ont_Innovacion_Neutro,0.0,-0.16443598256119465,-0.1644359827041626
1n8j79j,train,ont_Etica_Negativo,0.0,-0.06834085335022719,-0.06834085285663605
1n8j79j,train,ont_Tecnologia_Neutro,0.0,-0.27668578554642986,-0.27668577432632446
1n9eowi,train,ont_domain_density,0.07692307692307693,0.23359473034360395,0.23359473049640656
1n9eowi,train,ont_total_negativo_mentions,0.0,-0.21001172000820306,-0.21001172065734863
1n9eowi,train,ont_InteligenciaArtificial_Negativo,0.0,-0.19168298382244495,-0.19168297946453094
1n9eowi,train,ont_Innovacion_Neutro,0.0,-0.16443598256119465,-0.1644359827041626
1n9eowi,train,ont_Etica_Negativo,0.0,-0.06834085335022719,-0.06834085285663605
1n9eowi,train,ont_Tecnologia_Neutro,0.0,-0.27668578554642986,-0.27668577432632446
1n96tub,train,ont_domain_density,0.038461538461538464,-0.4562760752566416,-0.4562760889530182
1n96tub,train,ont_total_negativo_mentions,0.0,-0.21001172000820306,-0.21001172065734863
1n96tub,train,ont_InteligenciaArtificial_Negativo,0.0,-0.19168298382244495,-0.19168297946453094
1n96tub,train,ont_Innovacion_Neutro,0.0,-0.16443598256119465,-0.1644359827041626
1n96tub,train,ont_Etica_Negativo,0.0,-0.06834085335022719,-0.06834085285663605
1n96tub,train,ont_Tecnologia_Neutro,2.0,2.7668578554642984,2.766857862472534
1n9ffkl,train,ont_domain_density,0.09090909090909091,0.4844568414709659,0.4844568371772766
1n9ffkl,train,ont_total_negativo_mentions,0.0,-0.21001172000820306,-0.21001172065734863
1n9ffkl,train,ont_InteligenciaArtificial_Negativo,0.0,-0.19168298382244495,-0.19168297946453094
1n9ffkl,train,ont_Innovacion_Neutro,0.0,-0.16443598256119465,-0.1644359827041626
1n9ffkl,train,ont_Etica_Negativo,0.0,-0.06834085335022719,-0.06834085285663605
1n9ffkl,train,ont_Tecnologia_Neutro,0.0,-0.27668578554642986,-0.27668577432632446
1n91q09,train,ont_domain_density,0.03571428571428571,-0.505552561370945,-0.5055525898933411
1n91q09,train,ont_total_negativo_mentions,0.0,-0.21001172000820306,-0.21001172065734863
1n91q09,train,ont_InteligenciaArtificial_Negativo,0.0,-0.19168298382244495,-0.19168297946453094
1n91q09,train,ont_Innovacion_Neutro,1.0,5.324323711205579,5.324323654174805
1n91q09,train,ont_Etica_Negativo,0.0,-0.06834085335022719,-0.06834085285663605
1n91q09,train,ont_Tecnologia_Neutro,0.0,-0.27668578554642986,-0.27668577432632446
1n94114,train,ont_domain_density,0.08333333333333333,0.3485731979436447,0.3485732078552246
1n94114,train,ont_total_negativo_mentions,0.0,-0.21001172000820306,-0.21001172065734863
1n94114,train,ont_InteligenciaArtificial_Negativo,0.0,-0.19168298382244495,-0.19168297946453094
1n94114,train,ont_Innovacion_Neutro,0.0,-0.16443598256119465,-0.1644359827041626
1n94114,train,ont_Etica_Negativo,0.0,-0.06834085335022719,-0.06834085285663605
1n94114,train,ont_Tecnologia_Neutro,0.0,-0.27668578554642986,-0.27668577432632446
1n9eqtx,train,ont_domain_density,0.07142857142857142,0.1350417581149973,0.1350417584180832
1n9eqtx,train,ont_total_negativo_mentions,0.0,-0.21001172000820306,-0.21001172065734863
1n9eqtx,train,ont_InteligenciaArtificial_Negativo,0.0,-0.19168298382244495,-0.19168297946453094
1n9eqtx,train,ont_Innovacion_Neutro,0.0,-0.16443598256119465,-0.1644359827041626
1n9eqtx,train,ont_Etica_Negativo,0.0,-0.06834085335022719,-0.06834085285663605
1n9eqtx,train,ont_Tecnologia_Neutro,0.0,-0.27668578554642986,-0.27668577432632446
1n91zdc,train,ont_domain_density,0.07142857142857142,0.1350417581149973,0.1350417584180832
1n91zdc,train,ont_total_negativo_mentions,0.0,-0.21001172000820306,-0.21001172065734863
1n91zdc,train,ont_InteligenciaArtificial_Negativo,0.0,-0.19168298382244495,-0.19168297946453094
1n91zdc,train,ont_Innovacion_Neutro,0.0,-0.16443598256119465,-0.1644359827041626
1n91zdc,train,ont_Etica_Negativo,0.0,-0.06834085335022719,-0.06834085285663605
1n91zdc,train,ont_Tecnologia_Neutro,0.0,-0.27668578554642986,-0.27668577432632446
1n91mut,train,ont_domain_density,0.07142857142857142,0.1350417581149973,0.1350417584180832
1n91mut,train,ont_total_negativo_mentions,0.0,-0.21001172000820306,-0.21001172065734863
1n91mut,train,ont_InteligenciaArtificial_Negativo,0.0,-0.19168298382244495,-0.19168297946453094
1n91mut,train,ont_Innovacion_Neutro,0.0,-0.16443598256119465,-0.1644359827041626
1n91mut,train,ont_Etica_Negativo,0.0,-0.06834085335022719,-0.06834085285663605
1n91mut,train,ont_Tecnologia_Neutro,0.0,-0.27668578554642986,-0.27668577432632446
1n9q3id,train,ont_domain_density,0.07142857142857142,0.1350417581149973,0.1350417584180832
1n9q3id,train,ont_total_negativo_mentions,0.0,-0.21001172000820306,-0.21001172065734863
1n9q3id,train,ont_InteligenciaArtificial_Negativo,0.0,-0.19168298382244495,-0.19168297946453094
1n9q3id,train,ont_Innovacion_Neutro,0.0,-0.16443598256119465,-0.1644359827041626
1n9q3id,train,ont_Etica_Negativo,0.0,-0.06834085335022719,-0.06834085285663605
1n9q3id,train,ont_Tecnologia_Neutro,0.0,-0.27668578554642986,-0.27668577432632446
1n92hua,train,ont_domain_density,0.034482758620689655,-0.5276420206635636,-0.527642011642456
1n92hua,train,ont_total_negativo_mentions,0.0,-0.21001172000820306,-0.21001172065734863
1n92hua,train,ont_InteligenciaArtificial_Negativo,0.0,-0.19168298382244495,-0.19168297946453094
1n92hua,train,ont_Innovacion_Neutro,0.0,-0.16443598256119465,-0.1644359827041626
1n92hua,train,ont_Etica_Negativo,0.0,-0.06834085335022719,-0.06834085285663605
1n92hua,train,ont_Tecnologia_Neutro,0.0,-0.27668578554642986,-0.27668577432632446
1n9ngkh,train,ont_domain_density,0.0,-1.146146880856887,-1.1461468935012817
1n9ngkh,train,ont_total_negativo_mentions,0.0,-0.21001172000820306,-0.21001172065734863
1n9ngkh,train,ont_InteligenciaArtificial_Negativo,0.0,-0.19168298382244495,-0.19168297946453094
1n9ngkh,train,ont_Innovacion_Neutro,0.0,-0.16443598256119465,-0.1644359827041626
1n9ngkh,train,ont_Etica_Negativo,0.0,-0.06834085335022719,-0.06834085285663605
1n9ngkh,train,ont_Tecnologia_Neutro,0.0,-0.27668578554642986,-0.27668577432632446
1n9lehb,train,ont_domain_density,0.07142857142857142,0.1350417581149973,0.1350417584180832
1n9lehb,train,ont_total_negativo_mentions,0.0,-0.21001172000820306,-0.21001172065734863
1n9lehb,train,ont_InteligenciaArtificial_Negativo,0.0,-0.19168298382244495,-0.19168297946453094
1n9lehb,train,ont_Innovacion_Neutro,0.0,-0.16443598256119465,-0.1644359827041626
1n9lehb,train,ont_Etica_Negativo,0.0,-0.06834085335022719,-0.06834085285663605
1n9lehb,train,ont_Tecnologia_Neutro,0.0,-0.27668578554642986,-0.27668577432632446
1n9eqgj,train,ont_domain_density,0.07142857142857142,0.1350417581149973,0.1350417584180832
1n9eqgj,train,ont_total_negativo_mentions,0.0,-0.21001172000820306,-0.21001172065734863
1n9eqgj,train,ont_InteligenciaArtificial_Negativo,0.0,-0.19168298382244495,-0.19168297946453094
1n9eqgj,train,ont_Innovacion_Neutro,0.0,-0.16443598256119465,-0.1644359827041626
1n9eqgj,train,ont_Etica_Negativo,0.0,-0.06834085335022719,-0.06834085285663605
1n9eqgj,train,ont_Tecnologia_Neutro,0.0,-0.27668578554642986,-0.27668577432632446
1n9erpv,train,ont_domain_density,0.06666666666666667,0.04962918218353839,0.04962918162345886
1n9erpv,train,ont_total_negativo_mentions,0.0,-0.21001172000820306,-0.21001172065734863
1n9erpv,train,ont_InteligenciaArtificial_Negativo,0.0,-0.19168298382244495,-0.19168297946453094
1n9erpv,train,ont_Innovacion_Neutro,0.0,-0.16443598256119465,-0.1644359827041626
1n9erpv,train,ont_Etica_Negativo,0.0,-0.06834085335022719,-0.06834085285663605
1n9erpv,train,ont_Tecnologia_Neutro,0.0,-0.27668578554642986,-0.27668577432632446
1n9d0z5,train,ont_domain_density,0.07142857142857142,0.1350417581149973,0.1350417584180832
1n9d0z5,train,ont_total_negativo_mentions,1.0,3.1226332794662324,3.122633218765259
1n9d0z5,train,ont_InteligenciaArtificial_Negativo,0.0,-0.19168298382244495,-0.19168297946453094
1n9d0z5,train,ont_Innovacion_Neutro,0.0,-0.16443598256119465,-0.1644359827041626
1n9d0z5,train,ont_Etica_Negativo,0.0,-0.06834085335022719,-0.06834085285663605
1n9d0z5,train,ont_Tecnologia_Neutro,0.0,-0.27668578554642986,-0.27668577432632446
1n8zcp4,train,ont_domain_density,0.09090909090909091,0.4844568414709659,0.4844568371772766
1n8zcp4,train,ont_total_negativo_mentions,0.0,-0.21001172000820306,-0.21001172065734863
1n8zcp4,train,ont_InteligenciaArtificial_Negativo,0.0,-0.19168298382244495,-0.19168297946453094
1n8zcp4,train,ont_Innovacion_Neutro,0.0,-0.16443598256119465,-0.1644359827041626
1n8zcp4,train,ont_Etica_Negativo,0.0,-0.06834085335022719,-0.06834085285663605
1n8zcp4,train,ont_Tecnologia_Neutro,0.0,-0.27668578554642986,-0.27668577432632446
1n6sei0,train,ont_domain_density,0.08333333333333333,0.3485731979436447,0.3485732078552246
1n6sei0,train,ont_total_negativo_mentions,0.0,-0.21001172000820306,-0.21001172065734863
1n6sei0,train,ont_InteligenciaArtificial_Negativo,0.0,-0.19168298382244495,-0.19168297946453094
1n6sei0,train,ont_Innovacion_Neutro,0.0,-0.16443598256119465,-0.1644359827041626
1n6sei0,train,ont_Etica_Negativo,0.0,-0.06834085335022719,-0.06834085285663605
1n6sei0,train,ont_Tecnologia_Neutro,0.0,-0.27668578554642986,-0.27668577432632446
1n6w08l,train,ont_domain_density,0.08333333333333333,0.3485731979436447,0.3485732078552246
1n6w08l,train,ont_total_negativo_mentions,0.0,-0.21001172000820306,-0.21001172065734863
1n6w08l,train,ont_InteligenciaArtificial_Negativo,0.0,-0.19168298382244495,-0.19168297946453094
1n6w08l,train,ont_Innovacion_Neutro,0.0,-0.16443598256119465,-0.1644359827041626
1n6w08l,train,ont_Etica_Negativo,0.0,-0.06834085335022719,-0.06834085285663605
1n6w08l,train,ont_Tecnologia_Neutro,1.0,1.2450860349589343,1.2450860738754272
1n6e4z0,train,ont_domain_density,0.125,1.0959332373439108,1.095933198928833
1n6e4z0,train,ont_total_negativo_mentions,0.0,-0.21001172000820306,-0.21001172065734863
1n6e4z0,train,ont_InteligenciaArtificial_Negativo,0.0,-0.19168298382244495,-0.19168297946453094
1n6e4z0,train,ont_Innovacion_Neutro,0.0,-0.16443598256119465,-0.1644359827041626
1n6e4z0,train,ont_Etica_Negativo,0.0,-0.06834085335022719,-0.06834085285663605
1n6e4z0,train,ont_Tecnologia_Neutro,0.0,-0.27668578554642986,-0.27668577432632446
1n6ul9x,train,ont_domain_density,0.1,0.6475172137037513,0.647517204284668
1n6ul9x,train,ont_total_negativo_mentions,0.0,-0.21001172000820306,-0.21001172065734863
1n6ul9x,train,ont_InteligenciaArtificial_Negativo,0.0,-0.19168298382244495,-0.19168297946453094
1n6ul9x,train,ont_Innovacion_Neutro,0.0,-0.16443598256119465,-0.1644359827041626
1n6ul9x,train,ont_Etica_Negativo,0.0,-0.06834085335022719,-0.06834085285663605
1n6ul9x,train,ont_Tecnologia_Neutro,0.0,-0.27668578554642986,-0.27668577432632446
1n6lxjn,train,ont_domain_density,0.05,-0.24931483357656795,-0.2493148297071457
1n6lxjn,train,ont_total_negativo_mentions,0.0,-0.21001172000820306,-0.21001172065734863
1n6lxjn,train,ont_InteligenciaArtificial_Negativo,0.0,-0.19168298382244495,-0.19168297946453094
1n6lxjn,train,ont_Innovacion_Neutro,0.0,-0.16443598256119465,-0.1644359827041626
1n6lxjn,train,ont_Etica_Negativo,0.0,-0.06834085335022719,-0.06834085285663605
1n6lxjn,train,ont_Tecnologia_Neutro,0.0,-0.27668578554642986,-0.27668577432632446
1n6m76z,train,ont_domain_density,0.047619047619047616,-0.29202112154229753,-0.29202112555503845
1n6m76z,train,ont_total_negativo_mentions,0.0,-0.21001172000820306,-0.21001172065734863
1n6m76z,train,ont_InteligenciaArtificial_Negativo,0.0,-0.19168298382244495,-0.19168297946453094
1n6m76z,train,ont_Innovacion_Neutro,0.0,-0.16443598256119465,-0.1644359827041626
1n6m76z,train,ont_Etica_Negativo,0.0,-0.06834085335022719,-0.06834085285663605
1n6m76z,train,ont_Tecnologia_Neutro,0.0,-0.27668578554642986,-0.27668577432632446
1n71xfr,train,ont_domain_density,0.08333333333333333,0.3485731979436447,0.3485732078552246
1n71xfr,train,ont_total_negativo_mentions,0.0,-0.21001172000820306,-0.21001172065734863
1n71xfr,train,ont_InteligenciaArtificial_Negativo,0.0,-0.19168298382244495,-0.19168297946453094
1n71xfr,train,ont_Innovacion_Neutro,0.0,-0.16443598256119465,-0.1644359827041626
1n71xfr,train,ont_Etica_Negativo,0.0,-0.06834085335022719,-0.06834085285663605
1n71xfr,train,ont_Tecnologia_Neutro,0.0,-0.27668578554642986,-0.27668577432632446
1n6ns05,train,ont_domain_density,0.030303030303030304,-0.6026123067476028,-0.602612316608429
1n6ns05,train,ont_total_negativo_mentions,0.0,-0.21001172000820306,-0.21001172065734863
1n6ns05,train,ont_InteligenciaArtificial_Negativo,0.0,-0.19168298382244495,-0.19168297946453094
1n6ns05,train,ont_Innovacion_Neutro,0.0,-0.16443598256119465,-0.1644359827041626
1n6ns05,train,ont_Etica_Negativo,0.0,-0.06834085335022719,-0.06834085285663605
1n6ns05,train,ont_Tecnologia_Neutro,1.0,1.2450860349589343,1.2450860738754272
1n6kclr,train,ont_domain_density,0.1,0.6475172137037513,0.647517204284668
1n6kclr,train,ont_total_negativo_mentions,0.0,-0.21001172000820306,-0.21001172065734863
1n6kclr,train,ont_InteligenciaArtificial_Negativo,0.0,-0.19168298382244495,-0.19168297946453094
1n6kclr,train,ont_Innovacion_Neutro,0.0,-0.16443598256119465,-0.1644359827041626
1n6kclr,train,ont_Etica_Negativo,0.0,-0.06834085335022719,-0.06834085285663605
1n6kclr,train,ont_Tecnologia_Neutro,0.0,-0.27668578554642986,-0.27668577432632446
1n6t3qq,train,ont_domain_density,0.047619047619047616,-0.29202112154229753,-0.29202112555503845
1n6t3qq,train,ont_total_negativo_mentions,0.0,-0.21001172000820306,-0.21001172065734863
1n6t3qq,train,ont_InteligenciaArtificial_Negativo,0.0,-0.19168298382244495,-0.19168297946453094
1n6t3qq,train,ont_Innovacion_Neutro,0.0,-0.16443598256119465,-0.1644359827041626
1n6t3qq,train,ont_Etica_Negativo,0.0,-0.06834085335022719,-0.06834085285663605
1n6t3qq,train,ont_Tecnologia_Neutro,0.0,-0.27668578554642986,-0.27668577432632446
1n6mo65,train,ont_domain_density,0.1,0.6475172137037513,0.647517204284668
1n6mo65,train,ont_total_negativo_mentions,0.0,-0.21001172000820306,-0.21001172065734863
1n6mo65,train,ont_InteligenciaArtificial_Negativo,0.0,-0.19168298382244495,-0.19168297946453094
1n6mo65,train,ont_Innovacion_Neutro,0.0,-0.16443598256119465,-0.1644359827041626
1n6mo65,train,ont_Etica_Negativo,0.0,-0.06834085335022719,-0.06834085285663605
1n6mo65,train,ont_Tecnologia_Neutro,0.0,-0.27668578554642986,-0.27668577432632446
1n6uzxr,train,ont_domain_density,0.125,1.0959332373439108,1.095933198928833
1n6uzxr,train,ont_total_negativo_mentions,0.0,-0.21001172000820306,-0.21001172065734863
1n6uzxr,train,ont_InteligenciaArtificial_Negativo,0.0,-0.19168298382244495,-0.19168297946453094
1n6uzxr,train,ont_Innovacion_Neutro,0.0,-0.16443598256119465,-0.1644359827041626
1n6uzxr,train,ont_Etica_Negativo,0.0,-0.06834085335022719,-0.06834085285663605
1n6uzxr,train,ont_Tecnologia_Neutro,0.0,-0.27668578554642986,-0.27668577432632446
1n73ems,train,ont_domain_density,0.1111111111111111,0.8468132242104887,0.8468132019042969
1n73ems,train,ont_total_negativo_mentions,0.0,-0.21001172000820306,-0.21001172065734863
1n73ems,train,ont_InteligenciaArtificial_Negativo,0.0,-0.19168298382244495,-0.19168297946453094
1n73ems,train,ont_Innovacion_Neutro,0.0,-0.16443598256119465,-0.1644359827041626
1n73ems,train,ont_Etica_Negativo,0.0,-0.06834085335022719,-0.06834085285663605
1n73ems,train,ont_Tecnologia_Neutro,0.0,-0.27668578554642986,-0.27668577432632446
1n6jhhs,train,ont_domain_density,0.125,1.0959332373439108,1.095933198928833
1n6jhhs,train,ont_total_negativo_mentions,0.0,-0.21001172000820306,-0.21001172065734863
1n6jhhs,train,ont_InteligenciaArtificial_Negativo,0.0,-0.19168298382244495,-0.19168297946453094
1n6jhhs,train,ont_Innovacion_Neutro,0.0,-0.16443598256119465,-0.1644359827041626
1n6jhhs,train,ont_Etica_Negativo,0.0,-0.06834085335022719,-0.06834085285663605
1n6jhhs,train,ont_Tecnologia_Neutro,0.0,-0.27668578554642986,-0.27668577432632446
1n6vhkw,train,ont_domain_density,0.125,1.0959332373439108,1.095933198928833
1n6vhkw,train,ont_total_negativo_mentions,0.0,-0.21001172000820306,-0.21001172065734863
1n6vhkw,train,ont_InteligenciaArtificial_Negativo,0.0,-0.19168298382244495,-0.19168297946453094
1n6vhkw,train,ont_Innovacion_Neutro,0.0,-0.16443598256119465,-0.1644359827041626
1n6vhkw,train,ont_Etica_Negativo,0.0,-0.06834085335022719,-0.06834085285663605
1n6vhkw,train,ont_Tecnologia_Neutro,0.0,-0.27668578554642986,-0.27668577432632446
1n6htjp,train,ont_domain_density,0.07692307692307693,0.23359473034360395,0.23359473049640656
1n6htjp,train,ont_total_negativo_mentions,0.0,-0.21001172000820306,-0.21001172065734863
1n6htjp,train,ont_InteligenciaArtificial_Negativo,0.0,-0.19168298382244495,-0.19168297946453094
1n6htjp,train,ont_Innovacion_Neutro,0.0,-0.16443598256119465,-0.1644359827041626
1n6htjp,train,ont_Etica_Negativo,0.0,-0.06834085335022719,-0.06834085285663605
1n6htjp,train,ont_Tecnologia_Neutro,1.0,1.2450860349589343,1.2450860738754272
1n6yggp,train,ont_domain_density,0.09090909090909091,0.4844568414709659,0.4844568371772766
1n6yggp,train,ont_total_negativo_mentions,0.0,-0.21001172000820306,-0.21001172065734863
1n6yggp,train,ont_InteligenciaArtificial_Negativo,0.0,-0.19168298382244495,-0.19168297946453094
1n6yggp,train,ont_Innovacion_Neutro,0.0,-0.16443598256119465,-0.1644359827041626
1n6yggp,train,ont_Etica_Negativo,0.0,-0.06834085335022719,-0.06834085285663605
1n6yggp,train,ont_Tecnologia_Neutro,0.0,-0.27668578554642986,-0.27668577432632446
1ne40ur,train,ont_domain_density,0.09090909090909091,0.4844568414709659,0.4844568371772766
1ne40ur,train,ont_total_negativo_mentions,0.0,-0.21001172000820306,-0.21001172065734863
1ne40ur,train,ont_InteligenciaArtificial_Negativo,0.0,-0.19168298382244495,-0.19168297946453094
1ne40ur,train,ont_Innovacion_Neutro,0.0,-0.16443598256119465,-0.1644359827041626
1ne40ur,train,ont_Etica_Negativo,0.0,-0.06834085335022719,-0.06834085285663605
1ne40ur,train,ont_Tecnologia_Neutro,1.0,1.2450860349589343,1.2450860738754272
1ne50lv,train,ont_domain_density,0.1111111111111111,0.8468132242104887,0.8468132019042969
1ne50lv,train,ont_total_negativo_mentions,0.0,-0.21001172000820306,-0.21001172065734863
1ne50lv,train,ont_InteligenciaArtificial_Negativo,0.0,-0.19168298382244495,-0.19168297946453094
1ne50lv,train,ont_Innovacion_Neutro,0.0,-0.16443598256119465,-0.1644359827041626
1ne50lv,train,ont_Etica_Negativo,0.0,-0.06834085335022719,-0.06834085285663605
1ne50lv,train,ont_Tecnologia_Neutro,1.0,1.2450860349589343,1.2450860738754272
1nef753,train,ont_domain_density,0.1,0.6475172137037513,0.647517204284668
1nef753,train,ont_total_negativo_mentions,0.0,-0.21001172000820306,-0.21001172065734863
1nef753,train,ont_InteligenciaArtificial_Negativo,0.0,-0.19168298382244495,-0.19168297946453094
1nef753,train,ont_Innovacion_Neutro,0.0,-0.16443598256119465,-0.1644359827041626
1nef753,train,ont_Etica_Negativo,0.0,-0.06834085335022719,-0.06834085285663605
1nef753,train,ont_Tecnologia_Neutro,0.0,-0.27668578554642986,-0.27668577432632446
1nebsnu,train,ont_domain_density,0.2,2.44118130826439,2.4411814212799072
1nebsnu,train,ont_total_negativo_mentions,0.0,-0.21001172000820306,-0.21001172065734863
1nebsnu,train,ont_InteligenciaArtificial_Negativo,0.0,-0.19168298382244495,-0.19168297946453094
1nebsnu,train,ont_Innovacion_Neutro,0.0,-0.16443598256119465,-0.1644359827041626
1nebsnu,train,ont_Etica_Negativo,0.0,-0.06834085335022719,-0.06834085285663605
1nebsnu,train,ont_Tecnologia_Neutro,0.0,-0.27668578554642986,-0.27668577432632446
1ne7e08,train,ont_domain_density,0.18181818181818182,2.115060563798819,2.115060567855835
1ne7e08,train,ont_total_negativo_mentions,0.0,-0.21001172000820306,-0.21001172065734863
1ne7e08,train,ont_InteligenciaArtificial_Negativo,0.0,-0.19168298382244495,-0.19168297946453094
1ne7e08,train,ont_Innovacion_Neutro,1.0,5.324323711205579,5.324323654174805
1ne7e08,train,ont_Etica_Negativo,0.0,-0.06834085335022719,-0.06834085285663605
1ne7e08,train,ont_Tecnologia_Neutro,0.0,-0.27668578554642986,-0.27668577432632446
1ne6lzu,train,ont_domain_density,0.1,0.6475172137037513,0.647517204284668
1ne6lzu,train,ont_total_negativo_mentions,0.0,-0.21001172000820306,-0.21001172065734863
1ne6lzu,train,ont_InteligenciaArtificial_Negativo,0.0,-0.19168298382244495,-0.19168297946453094
1ne6lzu,train,ont_Innovacion_Neutro,0.0,-0.16443598256119465,-0.1644359827041626
1ne6lzu,train,ont_Etica_Negativo,0.0,-0.06834085335022719,-0.06834085285663605
1ne6lzu,train,ont_Tecnologia_Neutro,0.0,-0.27668578554642986,-0.27668577432632446
1neprt8,train,ont_domain_density,0.08333333333333333,0.3485731979436447,0.3485732078552246
1neprt8,train,ont_total_negativo_mentions,0.0,-0.21001172000820306,-0.21001172065734863
1neprt8,train,ont_InteligenciaArtificial_Negativo,0.0,-0.19168298382244495,-0.19168297946453094
1neprt8,train,ont_Innovacion_Neutro,0.0,-0.16443598256119465,-0.1644359827041626
1neprt8,train,ont_Etica_Negativo,0.0,-0.06834085335022719,-0.06834085285663605
1neprt8,train,ont_Tecnologia_Neutro,0.0,-0.27668578554642986,-0.27668577432632446
1ne7can,train,ont_domain_density,0.08333333333333333,0.3485731979436447,0.3485732078552246
1ne7can,train,ont_total_negativo_mentions,0.0,-0.21001172000820306,-0.21001172065734863
1ne7can,train,ont_InteligenciaArtificial_Negativo,0.0,-0.19168298382244495,-0.19168297946453094
1ne7can,train,ont_Innovacion_Neutro,0.0,-0.16443598256119465,-0.1644359827041626
1ne7can,train,ont_Etica_Negativo,0.0,-0.06834085335022719,-0.06834085285663605
1ne7can,train,ont_Tecnologia_Neutro,0.0,-0.27668578554642986,-0.27668577432632446
1neb9d6,train,ont_domain_density,0.08333333333333333,0.3485731979436447,0.3485732078552246
1neb9d6,train,ont_total_negativo_mentions,0.0,-0.21001172000820306,-0.21001172065734863
1neb9d6,train,ont_InteligenciaArtificial_Negativo,0.0,-0.19168298382244495,-0.19168297946453094
1neb9d6,train,ont_Innovacion_Neutro,0.0,-0.16443598256119465,-0.1644359827041626
1neb9d6,train,ont_Etica_Negativo,0.0,-0.06834085335022719,-0.06834085285663605
1neb9d6,train,ont_Tecnologia_Neutro,0.0,-0.27668578554642986,-0.27668577432632446
1neloij,train,ont_domain_density,0.03571428571428571,-0.505552561370945,-0.5055525898933411
1neloij,train,ont_total_negativo_mentions,0.0,-0.21001172000820306,-0.21001172065734863
1neloij,train,ont_InteligenciaArtificial_Negativo,0.0,-0.19168298382244495,-0.19168297946453094
1neloij,train,ont_Innovacion_Neutro,0.0,-0.16443598256119465,-0.1644359827041626
1neloij,train,ont_Etica_Negativo,0.0,-0.06834085335022719,-0.06834085285663605
1neloij,train,ont_Tecnologia_Neutro,0.0,-0.27668578554642986,-0.27668577432632446
1ne8w42,train,ont_domain_density,0.0,-1.146146880856887,-1.1461468935012817
1ne8w42,train,ont_total_negativo_mentions,0.0,-0.21001172000820306,-0.21001172065734863
1ne8w42,train,ont_InteligenciaArtificial_Negativo,0.0,-0.19168298382244495,-0.19168297946453094
1ne8w42,train,ont_Innovacion_Neutro,0.0,-0.16443598256119465,-0.1644359827041626
1ne8w42,train,ont_Etica_Negativo,0.0,-0.06834085335022719,-0.06834085285663605
1ne8w42,train,ont_Tecnologia_Neutro,0.0,-0.27668578554642986,-0.27668577432632446
1necqzo,train,ont_domain_density,0.0,-1.146146880856887,-1.1461468935012817
1necqzo,train,ont_total_negativo_mentions,0.0,-0.21001172000820306,-0.21001172065734863
1necqzo,train,ont_InteligenciaArtificial_Negativo,0.0,-0.19168298382244495,-0.19168297946453094
1necqzo,train,ont_Innovacion_Neutro,0.0,-0.16443598256119465,-0.1644359827041626
1necqzo,train,ont_Etica_Negativo,0.0,-0.06834085335022719,-0.06834085285663605
1necqzo,train,ont_Tecnologia_Neutro,0.0,-0.27668578554642986,-0.27668577432632446
1nec43j,train,ont_domain_density,0.14285714285714285,1.4162303970868817,1.4162304401397705
1nec43j,train,ont_total_negativo_mentions,0.0,-0.21001172000820306,-0.21001172065734863
1nec43j,train,ont_InteligenciaArtificial_Negativo,0.0,-0.19168298382244495,-0.19168297946453094
1nec43j,train,ont_Innovacion_Neutro,0.0,-0.16443598256119465,-0.1644359827041626
1nec43j,train,ont_Etica_Negativo,0.0,-0.06834085335022719,-0.06834085285663605
1nec43j,train,ont_Tecnologia_Neutro,1.0,1.2450860349589343,1.2450860738754272
1ne7tna,train,ont_domain_density,0.08333333333333333,0.3485731979436447,0.3485732078552246
1ne7tna,train,ont_total_negativo_mentions,0.0,-0.21001172000820306,-0.21001172065734863
1ne7tna,train,ont_InteligenciaArtificial_Negativo,0.0,-0.19168298382244495,-0.19168297946453094
1ne7tna,train,ont_Innovacion_Neutro,0.0,-0.16443598256119465,-0.1644359827041626
1ne7tna,train,ont_Etica_Negativo,0.0,-0.06834085335022719,-0.06834085285663605
1ne7tna,train,ont_Tecnologia_Neutro,0.0,-0.27668578554642986,-0.27668577432632446
1ne8522,train,ont_domain_density,0.08333333333333333,0.3485731979436447,0.3485732078552246
1ne8522,train,ont_total_negativo_mentions,0.0,-0.21001172000820306,-0.21001172065734863
1ne8522,train,ont_InteligenciaArtificial_Negativo,0.0,-0.19168298382244495,-0.19168297946453094
1ne8522,train,ont_Innovacion_Neutro,0.0,-0.16443598256119465,-0.1644359827041626
1ne8522,train,ont_Etica_Negativo,0.0,-0.06834085335022719,-0.06834085285663605
1ne8522,train,ont_Tecnologia_Neutro,0.0,-0.27668578554642986,-0.27668577432632446
1neu5k8,train,ont_domain_density,0.09090909090909091,0.4844568414709659,0.4844568371772766
1neu5k8,train,ont_total_negativo_mentions,0.0,-0.21001172000820306,-0.21001172065734863
1neu5k8,train,ont_InteligenciaArtificial_Negativo,0.0,-0.19168298382244495,-0.19168297946453094
1neu5k8,train,ont_Innovacion_Neutro,0.0,-0.16443598256119465,-0.1644359827041626
1neu5k8,train,ont_Etica_Negativo,0.0,-0.06834085335022719,-0.06834085285663605
1neu5k8,train,ont_Tecnologia_Neutro,0.0,-0.27668578554642986,-0.27668577432632446
1nem2nj,train,ont_domain_density,0.04,-0.4286812430326318,-0.42868125438690186
1nem2nj,train,ont_total_negativo_mentions,0.0,-0.21001172000820306,-0.21001172065734863
1nem2nj,train,ont_InteligenciaArtificial_Negativo,0.0,-0.19168298382244495,-0.19168297946453094
1nem2nj,train,ont_Innovacion_Neutro,0.0,-0.16443598256119465,-0.1644359827041626
1nem2nj,train,ont_Etica_Negativo,0.0,-0.06834085335022719,-0.06834085285663605
1nem2nj,train,ont_Tecnologia_Neutro,0.0,-0.27668578554642986,-0.27668577432632446
1nifedk,train,ont_domain_density,0.05263157894736842,-0.20211314687760387,-0.20211315155029297
1nifedk,train,ont_total_negativo_mentions,0.0,-0.21001172000820306,-0.21001172065734863
1nifedk,train,ont_InteligenciaArtificial_Negativo,0.0,-0.19168298382244495,-0.19168297946453094
1nifedk,train,ont_Innovacion_Neutro,0.0,-0.16443598256119465,-0.1644359827041626
1nifedk,train,ont_Etica_Negativo,0.0,-0.06834085335022719,-0.06834085285663605
1nifedk,train,ont_Tecnologia_Neutro,0.0,-0.27668578554642986,-0.27668577432632446
1nigbra,train,ont_domain_density,0.125,1.0959332373439108,1.095933198928833
1nigbra,train,ont_total_negativo_mentions,0.0,-0.21001172000820306,-0.21001172065734863
1nigbra,train,ont_InteligenciaArtificial_Negativo,0.0,-0.19168298382244495,-0.19168297946453094
1nigbra,train,ont_Innovacion_Neutro,0.0,-0.16443598256119465,-0.1644359827041626
1nigbra,train,ont_Etica_Negativo,0.0,-0.06834085335022719,-0.06834085285663605
1nigbra,train,ont_Tecnologia_Neutro,0.0,-0.27668578554642986,-0.27668577432632446
1ninxm9,train,ont_domain_density,0.0,-1.146146880856887,-1.1461468935012817
1ninxm9,train,ont_total_negativo_mentions,0.0,-0.21001172000820306,-0.21001172065734863
1ninxm9,train,ont_InteligenciaArtificial_Negativo,0.0,-0.19168298382244495,-0.19168297946453094
1ninxm9,train,ont_Innovacion_Neutro,0.0,-0.16443598256119465,-0.1644359827041626
1ninxm9,train,ont_Etica_Negativo,0.0,-0.06834085335022719,-0.06834085285663605
1ninxm9,train,ont_Tecnologia_Neutro,0.0,-0.27668578554642986,-0.27668577432632446
1niy6x5,train,ont_domain_density,0.043478260869565216,-0.3662929267000879,-0.36629292368888855
1niy6x5,train,ont_total_negativo_mentions,0.0,-0.21001172000820306,-0.21001172065734863
1niy6x5,train,ont_InteligenciaArtificial_Negativo,0.0,-0.19168298382244495,-0.19168297946453094
1niy6x5,train,ont_Innovacion_Neutro,0.0,-0.16443598256119465,-0.1644359827041626
1niy6x5,train,ont_Etica_Negativo,0.0,-0.06834085335022719,-0.06834085285663605
1niy6x5,train,ont_Tecnologia_Neutro,0.0,-0.27668578554642986,-0.27668577432632446
1ni9ukd,train,ont_domain_density,0.1,0.6475172137037513,0.647517204284668
1ni9ukd,train,ont_total_negativo_mentions,0.0,-0.21001172000820306,-0.21001172065734863
1ni9ukd,train,ont_InteligenciaArtificial_Negativo,0.0,-0.19168298382244495,-0.19168297946453094
1ni9ukd,train,ont_Innovacion_Neutro,0.0,-0.16443598256119465,-0.1644359827041626
1ni9ukd,train,ont_Etica_Negativo,0.0,-0.06834085335022719,-0.06834085285663605
1ni9ukd,train,ont_Tecnologia_Neutro,0.0,-0.27668578554642986,-0.27668577432632446
1nitjdc,train,ont_domain_density,0.07692307692307693,0.23359473034360395,0.23359473049640656
1nitjdc,train,ont_total_negativo_mentions,0.0,-0.21001172000820306,-0.21001172065734863
1nitjdc,train,ont_InteligenciaArtificial_Negativo,0.0,-0.19168298382244495,-0.19168297946453094
1nitjdc,train,ont_Innovacion_Neutro,0.0,-0.16443598256119465,-0.1644359827041626
1nitjdc,train,ont_Etica_Negativo,0.0,-0.06834085335022719,-0.06834085285663605
1nitjdc,train,ont_Tecnologia_Neutro,0.0,-0.27668578554642986,-0.27668577432632446
1nir95l,train,ont_domain_density,0.1111111111111111,0.8468132242104887,0.8468132019042969
1nir95l,train,ont_total_negativo_mentions,0.0,-0.21001172000820306,-0.21001172065734863
1nir95l,train,ont_InteligenciaArtificial_Negativo,0.0,-0.19168298382244495,-0.19168297946453094
1nir95l,train,ont_Innovacion_Neutro,0.0,-0.16443598256119465,-0.1644359827041626
1nir95l,train,ont_Etica_Negativo,0.0,-0.06834085335022719,-0.06834085285663605
1nir95l,train,ont_Tecnologia_Neutro,0.0,-0.27668578554642986,-0.27668577432632446
1nii0vl,train,ont_domain_density,0.11764705882352941,0.9640461715673933,0.9640461802482605
1nii0vl,train,ont_total_negativo_mentions,0.0,-0.21001172000820306,-0.21001172065734863
1nii0vl,train,ont_InteligenciaArtificial_Negativo,0.0,-0.19168298382244495,-0.19168297946453094
1nii0vl,train,ont_Innovacion_Neutro,0.0,-0.16443598256119465,-0.1644359827041626
1nii0vl,train,ont_Etica_Negativo,0.0,-0.06834085335022719,-0.06834085285663605
1nii0vl,train,ont_Tecnologia_Neutro,0.0,-0.27668578554642986,-0.27668577432632446
1niqf1i,train,ont_domain_density,0.09090909090909091,0.4844568414709659,0.4844568371772766
1niqf1i,train,ont_total_negativo_mentions,0.0,-0.21001172000820306,-0.21001172065734863
1niqf1i,train,ont_InteligenciaArtificial_Negativo,0.0,-0.19168298382244495,-0.19168297946453094
1niqf1i,train,ont_Innovacion_Neutro,0.0,-0.16443598256119465,-0.1644359827041626
1niqf1i,train,ont_Etica_Negativo,0.0,-0.06834085335022719,-0.06834085285663605
1niqf1i,train,ont_Tecnologia_Neutro,0.0,-0.27668578554642986,-0.27668577432632446
1nim4nl,train,ont_domain_density,0.1111111111111111,0.8468132242104887,0.8468132019042969
1nim4nl,train,ont_total_negativo_mentions,0.0,-0.21001172000820306,-0.21001172065734863
1nim4nl,train,ont_InteligenciaArtificial_Negativo,0.0,-0.19168298382244495,-0.19168297946453094
1nim4nl,train,ont_Innovacion_Neutro,0.0,-0.16443598256119465,-0.1644359827041626
1nim4nl,train,ont_Etica_Negativo,0.0,-0.06834085335022719,-0.06834085285663605
1nim4nl,train,ont_Tecnologia_Neutro,0.0,-0.27668578554642986,-0.27668577432632446
1nj3tjn,train,ont_domain_density,0.1,0.6475172137037513,0.647517204284668
1nj3tjn,train,ont_total_negativo_mentions,0.0,-0.21001172000820306,-0.21001172065734863
1nj3tjn,train,ont_InteligenciaArtificial_Negativo,0.0,-0.19168298382244495,-0.19168297946453094
1nj3tjn,train,ont_Innovacion_Neutro,0.0,-0.16443598256119465,-0.1644359827041626
1nj3tjn,train,ont_Etica_Negativo,0.0,-0.06834085335022719,-0.06834085285663605
1nj3tjn,train,ont_Tecnologia_Neutro,0.0,-0.27668578554642986,-0.27668577432632446
1niqulr,train,ont_domain_density,0.06666666666666667,0.04962918218353839,0.04962918162345886
1niqulr,train,ont_total_negativo_mentions,0.0,-0.21001172000820306,-0.21001172065734863
1niqulr,train,ont_InteligenciaArtificial_Negativo,0.0,-0.19168298382244495,-0.19168297946453094
1niqulr,train,ont_Innovacion_Neutro,0.0,-0.16443598256119465,-0.1644359827041626
1niqulr,train,ont_Etica_Negativo,0.0,-0.06834085335022719,-0.06834085285663605
1niqulr,train,ont_Tecnologia_Neutro,0.0,-0.27668578554642986,-0.27668577432632446
1nijlky,train,ont_domain_density,0.047619047619047616,-0.29202112154229753,-0.29202112555503845
1nijlky,train,ont_total_negativo_mentions,0.0,-0.21001172000820306,-0.21001172065734863
1nijlky,train,ont_InteligenciaArtificial_Negativo,0.0,-0.19168298382244495,-0.19168297946453094
1nijlky,train,ont_Innovacion_Neutro,0.0,-0.16443598256119465,-0.1644359827041626
1nijlky,train,ont_Etica_Negativo,0.0,-0.06834085335022719,-0.06834085285663605
1nijlky,train,ont_Tecnologia_Neutro,0.0,-0.27668578554642986,-0.27668577432632446
1nibuye,train,ont_domain_density,0.1,0.6475172137037513,0.647517204284668
1nibuye,train,ont_total_negativo_mentions,0.0,-0.21001172000820306,-0.21001172065734863
1nibuye,train,ont_InteligenciaArtificial_Negativo,0.0,-0.19168298382244495,-0.19168297946453094
1nibuye,train,ont_Innovacion_Neutro,0.0,-0.16443598256119465,-0.1644359827041626
1nibuye,train,ont_Etica_Negativo,0.0,-0.06834085335022719,-0.06834085285663605
1nibuye,train,ont_Tecnologia_Neutro,0.0,-0.27668578554642986,-0.27668577432632446
1ni8yfu,train,ont_domain_density,0.09090909090909091,0.4844568414709659,0.4844568371772766
1ni8yfu,train,ont_total_negativo_mentions,0.0,-0.21001172000820306,-0.21001172065734863
1ni8yfu,train,ont_InteligenciaArtificial_Negativo,0.0,-0.19168298382244495,-0.19168297946453094
1ni8yfu,train,ont_Innovacion_Neutro,0.0,-0.16443598256119465,-0.1644359827041626
1ni8yfu,train,ont_Etica_Negativo,0.0,-0.06834085335022719,-0.06834085285663605
1ni8yfu,train,ont_Tecnologia_Neutro,0.0,-0.27668578554642986,-0.27668577432632446
1nibvfi,train,ont_domain_density,0.047619047619047616,-0.29202112154229753,-0.29202112555503845
1nibvfi,train,ont_total_negativo_mentions,1.0,3.1226332794662324,3.122633218765259
1nibvfi,train,ont_InteligenciaArtificial_Negativo,1.0,4.333905512278206,4.3339056968688965
1nibvfi,train,ont_Innovacion_Neutro,0.0,-0.16443598256119465,-0.1644359827041626
1nibvfi,train,ont_Etica_Negativo,0.0,-0.06834085335022719,-0.06834085285663605
1nibvfi,train,ont_Tecnologia_Neutro,0.0,-0.27668578554642986,-0.27668577432632446
1nio742,train,ont_domain_density,0.07692307692307693,0.23359473034360395,0.23359473049640656
1nio742,train,ont_total_negativo_mentions,0.0,-0.21001172000820306,-0.21001172065734863
1nio742,train,ont_InteligenciaArtificial_Negativo,0.0,-0.19168298382244495,-0.19168297946453094
1nio742,train,ont_Innovacion_Neutro,0.0,-0.16443598256119465,-0.1644359827041626
1nio742,train,ont_Etica_Negativo,0.0,-0.06834085335022719,-0.06834085285663605
1nio742,train,ont_Tecnologia_Neutro,0.0,-0.27668578554642986,-0.27668577432632446
1nj3yve,train,ont_domain_density,0.09090909090909091,0.4844568414709659,0.4844568371772766
1nj3yve,train,ont_total_negativo_mentions,0.0,-0.21001172000820306,-0.21001172065734863
1nj3yve,train,ont_InteligenciaArtificial_Negativo,0.0,-0.19168298382244495,-0.19168297946453094
1nj3yve,train,ont_Innovacion_Neutro,0.0,-0.16443598256119465,-0.1644359827041626
1nj3yve,train,ont_Etica_Negativo,0.0,-0.06834085335022719,-0.06834085285663605
1nj3yve,train,ont_Tecnologia_Neutro,0.0,-0.27668578554642986,-0.27668577432632446
1nic5kk,train,ont_domain_density,0.09090909090909091,0.4844568414709659,0.4844568371772766
1nic5kk,train,ont_total_negativo_mentions,0.0,-0.21001172000820306,-0.21001172065734863
1nic5kk,train,ont_InteligenciaArtificial_Negativo,0.0,-0.19168298382244495,-0.19168297946453094
1nic5kk,train,ont_Innovacion_Neutro,0.0,-0.16443598256119465,-0.1644359827041626
1nic5kk,train,ont_Etica_Negativo,0.0,-0.06834085335022719,-0.06834085285663605
1nic5kk,train,ont_Tecnologia_Neutro,0.0,-0.27668578554642986,-0.27668577432632446
1niravi,train,ont_domain_density,0.1111111111111111,0.8468132242104887,0.8468132019042969
1niravi,train,ont_total_negativo_mentions,0.0,-0.21001172000820306,-0.21001172065734863
1niravi,train,ont_InteligenciaArtificial_Negativo,0.0,-0.19168298382244495,-0.19168297946453094
1niravi,train,ont_Innovacion_Neutro,0.0,-0.16443598256119465,-0.1644359827041626
1niravi,train,ont_Etica_Negativo,0.0,-0.06834085335022719,-0.06834085285663605
1niravi,train,ont_Tecnologia_Neutro,0.0,-0.27668578554642986,-0.27668577432632446
1niabmh,train,ont_domain_density,0.08333333333333333,0.3485731979436447,0.3485732078552246
1niabmh,train,ont_total_negativo_mentions,1.0,3.1226332794662324,3.122633218765259
1niabmh,train,ont_InteligenciaArtificial_Negativo,1.0,4.333905512278206,4.3339056968688965
1niabmh,train,ont_Innovacion_Neutro,0.0,-0.16443598256119465,-0.1644359827041626
1niabmh,train,ont_Etica_Negativo,0.0,-0.06834085335022719,-0.06834085285663605
1niabmh,train,ont_Tecnologia_Neutro,0.0,-0.27668578554642986,-0.27668577432632446
1njpfyc,train,ont_domain_density,0.1111111111111111,0.8468132242104887,0.8468132019042969
1njpfyc,train,ont_total_negativo_mentions,0.0,-0.21001172000820306,-0.21001172065734863
1njpfyc,train,ont_InteligenciaArtificial_Negativo,0.0,-0.19168298382244495,-0.19168297946453094
1njpfyc,train,ont_Innovacion_Neutro,0.0,-0.16443598256119465,-0.1644359827041626
1njpfyc,train,ont_Etica_Negativo,0.0,-0.06834085335022719,-0.06834085285663605
1njpfyc,train,ont_Tecnologia_Neutro,0.0,-0.27668578554642986,-0.27668577432632446
1njmjas,train,ont_domain_density,0.0,-1.146146880856887,-1.1461468935012817
1njmjas,train,ont_total_negativo_mentions,0.0,-0.21001172000820306,-0.21001172065734863
1njmjas,train,ont_InteligenciaArtificial_Negativo,0.0,-0.19168298382244495,-0.19168297946453094
1njmjas,train,ont_Innovacion_Neutro,0.0,-0.16443598256119465,-0.1644359827041626
1njmjas,train,ont_Etica_Negativo,0.0,-0.06834085335022719,-0.06834085285663605
1njmjas,train,ont_Tecnologia_Neutro,0.0,-0.27668578554642986,-0.27668577432632446
1njk8k6,train,ont_domain_density,0.07692307692307693,0.23359473034360395,0.23359473049640656
1njk8k6,train,ont_total_negativo_mentions,0.0,-0.21001172000820306,-0.21001172065734863
1njk8k6,train,ont_InteligenciaArtificial_Negativo,0.0,-0.19168298382244495,-0.19168297946453094
1njk8k6,train,ont_Innovacion_Neutro,0.0,-0.16443598256119465,-0.1644359827041626
1njk8k6,train,ont_Etica_Negativo,0.0,-0.06834085335022719,-0.06834085285663605
1njk8k6,train,ont_Tecnologia_Neutro,0.0,-0.27668578554642986,-0.27668577432632446
1nj55jl,train,ont_domain_density,0.1111111111111111,0.8468132242104887,0.8468132019042969
1nj55jl,train,ont_total_negativo_mentions,0.0,-0.21001172000820306,-0.21001172065734863
1nj55jl,train,ont_InteligenciaArtificial_Negativo,0.0,-0.19168298382244495,-0.19168297946453094
1nj55jl,train,ont_Innovacion_Neutro,0.0,-0.16443598256119465,-0.1644359827041626
1nj55jl,train,ont_Etica_Negativo,0.0,-0.06834085335022719,-0.06834085285663605
1nj55jl,train,ont_Tecnologia_Neutro,0.0,-0.27668578554642986,-0.27668577432632446
1njgu87,train,ont_domain_density,0.1111111111111111,0.8468132242104887,0.8468132019042969
1njgu87,train,ont_total_negativo_mentions,0.0,-0.21001172000820306,-0.21001172065734863
1njgu87,train,ont_InteligenciaArtificial_Negativo,0.0,-0.19168298382244495,-0.19168297946453094
1njgu87,train,ont_Innovacion_Neutro,0.0,-0.16443598256119465,-0.1644359827041626
1njgu87,train,ont_Etica_Negativo,0.0,-0.06834085335022719,-0.06834085285663605
1njgu87,train,ont_Tecnologia_Neutro,0.0,-0.27668578554642986,-0.27668577432632446
1njnvtb,train,ont_domain_density,0.06666666666666667,0.04962918218353839,0.04962918162345886
1njnvtb,train,ont_total_negativo_mentions,0.0,-0.21001172000820306,-0.21001172065734863
1njnvtb,train,ont_InteligenciaArtificial_Negativo,0.0,-0.19168298382244495,-0.19168297946453094
1njnvtb,train,ont_Innovacion_Neutro,0.0,-0.16443598256119465,-0.1644359827041626
1njnvtb,train,ont_Etica_Negativo,0.0,-0.06834085335022719,-0.06834085285663605
1njnvtb,train,ont_Tecnologia_Neutro,1.0,1.2450860349589343,1.2450860738754272
1njd1ud,train,ont_domain_density,0.041666666666666664,-0.39878684145662124,-0.39878684282302856
1njd1ud,train,ont_total_negativo_mentions,0.0,-0.21001172000820306,-0.21001172065734863
1njd1ud,train,ont_InteligenciaArtificial_Negativo,0.0,-0.19168298382244495,-0.19168297946453094
1njd1ud,train,ont_Innovacion_Neutro,0.0,-0.16443598256119465,-0.1644359827041626
1njd1ud,train,ont_Etica_Negativo,0.0,-0.06834085335022719,-0.06834085285663605
1njd1ud,train,ont_Tecnologia_Neutro,0.0,-0.27668578554642986,-0.27668577432632446
1njbk0q,train,ont_domain_density,0.2222222222222222,2.8397733292778646,2.839773416519165
1njbk0q,train,ont_total_negativo_mentions,0.0,-0.21001172000820306,-0.21001172065734863
1njbk0q,train,ont_InteligenciaArtificial_Negativo,0.0,-0.19168298382244495,-0.19168297946453094
1njbk0q,train,ont_Innovacion_Neutro,0.0,-0.16443598256119465,-0.1644359827041626
1njbk0q,train,ont_Etica_Negativo,0.0,-0.06834085335022719,-0.06834085285663605
1njbk0q,train,ont_Tecnologia_Neutro,0.0,-0.27668578554642986,-0.27668577432632446
1njhtqq,train,ont_domain_density,0.09090909090909091,0.4844568414709659,0.4844568371772766
1njhtqq,train,ont_total_negativo_mentions,0.0,-0.21001172000820306,-0.21001172065734863
1njhtqq,train,ont_InteligenciaArtificial_Negativo,0.0,-0.19168298382244495,-0.19168297946453094
1njhtqq,train,ont_Innovacion_Neutro,0.0,-0.16443598256119465,-0.1644359827041626
1njhtqq,train,ont_Etica_Negativo,0.0,-0.06834085335022719,-0.06834085285663605
1njhtqq,train,ont_Tecnologia_Neutro,0.0,-0.27668578554642986,-0.27668577432632446
1nj9r74,train,ont_domain_density,0.18181818181818182,2.115060563798819,2.115060567855835
1nj9r74,train,ont_total_negativo_mentions,0.0,-0.21001172000820306,-0.21001172065734863
1nj9r74,train,ont_InteligenciaArtificial_Negativo,0.0,-0.19168298382244495,-0.19168297946453094
1nj9r74,train,ont_Innovacion_Neutro,0.0,-0.16443598256119465,-0.1644359827041626
1nj9r74,train,ont_Etica_Negativo,0.0,-0.06834085335022719,-0.06834085285663605
1nj9r74,train,ont_Tecnologia_Neutro,1.0,1.2450860349589343,1.2450860738754272
1nj837o,train,ont_domain_density,0.043478260869565216,-0.3662929267000879,-0.36629292368888855
1nj837o,train,ont_total_negativo_mentions,0.0,-0.21001172000820306,-0.21001172065734863
1nj837o,train,ont_InteligenciaArtificial_Negativo,0.0,-0.19168298382244495,-0.19168297946453094
1nj837o,train,ont_Innovacion_Neutro,0.0,-0.16443598256119465,-0.1644359827041626
1nj837o,train,ont_Etica_Negativo,0.0,-0.06834085335022719,-0.06834085285663605
1nj837o,train,ont_Tecnologia_Neutro,0.0,-0.27668578554642986,-0.27668577432632446
1nj8pcz,train,ont_domain_density,0.1111111111111111,0.8468132242104887,0.8468132019042969
1nj8pcz,train,ont_total_negativo_mentions,0.0,-0.21001172000820306,-0.21001172065734863
1nj8pcz,train,ont_InteligenciaArtificial_Negativo,0.0,-0.19168298382244495,-0.19168297946453094
1nj8pcz,train,ont_Innovacion_Neutro,0.0,-0.16443598256119465,-0.1644359827041626
1nj8pcz,train,ont_Etica_Negativo,0.0,-0.06834085335022719,-0.06834085285663605
1nj8pcz,train,ont_Tecnologia_Neutro,0.0,-0.27668578554642986,-0.27668577432632446
1nj8nga,train,ont_domain_density,0.08333333333333333,0.3485731979436447,0.3485732078552246
1nj8nga,train,ont_total_negativo_mentions,1.0,3.1226332794662324,3.122633218765259
1nj8nga,train,ont_InteligenciaArtificial_Negativo,1.0,4.333905512278206,4.3339056968688965
1nj8nga,train,ont_Innovacion_Neutro,0.0,-0.16443598256119465,-0.1644359827041626
1nj8nga,train,ont_Etica_Negativo,0.0,-0.06834085335022719,-0.06834085285663605
1nj8nga,train,ont_Tecnologia_Neutro,0.0,-0.27668578554642986,-0.27668577432632446
1njox3w,train,ont_domain_density,0.0,-1.146146880856887,-1.1461468935012817
1njox3w,train,ont_total_negativo_mentions,0.0,-0.21001172000820306,-0.21001172065734863
1njox3w,train,ont_InteligenciaArtificial_Negativo,0.0,-0.19168298382244495,-0.19168297946453094
1njox3w,train,ont_Innovacion_Neutro,0.0,-0.16443598256119465,-0.1644359827041626
1njox3w,train,ont_Etica_Negativo,0.0,-0.06834085335022719,-0.06834085285663605
1njox3w,train,ont_Tecnologia_Neutro,0.0,-0.27668578554642986,-0.27668577432632446
1njl5co,train,ont_domain_density,0.09090909090909091,0.4844568414709659,0.4844568371772766
1njl5co,train,ont_total_negativo_mentions,0.0,-0.21001172000820306,-0.21001172065734863
1njl5co,train,ont_InteligenciaArtificial_Negativo,0.0,-0.19168298382244495,-0.19168297946453094
1njl5co,train,ont_Innovacion_Neutro,0.0,-0.16443598256119465,-0.1644359827041626
1njl5co,train,ont_Etica_Negativo,0.0,-0.06834085335022719,-0.06834085285663605
1njl5co,train,ont_Tecnologia_Neutro,0.0,-0.27668578554642986,-0.27668577432632446
1njl0al,train,ont_domain_density,0.07142857142857142,0.1350417581149973,0.1350417584180832
1njl0al,train,ont_total_negativo_mentions,1.0,3.1226332794662324,3.122633218765259
1njl0al,train,ont_InteligenciaArtificial_Negativo,1.0,4.333905512278206,4.3339056968688965
1njl0al,train,ont_Innovacion_Neutro,0.0,-0.16443598256119465,-0.1644359827041626
1njl0al,train,ont_Etica_Negativo,0.0,-0.06834085335022719,-0.06834085285663605
1njl0al,train,ont_Tecnologia_Neutro,0.0,-0.27668578554642986,-0.27668577432632446
1ndjufh,train,ont_domain_density,0.06666666666666667,0.04962918218353839,0.04962918162345886
1ndjufh,train,ont_total_negativo_mentions,0.0,-0.21001172000820306,-0.21001172065734863
1ndjufh,train,ont_InteligenciaArtificial_Negativo,0.0,-0.19168298382244495,-0.19168297946453094
1ndjufh,train,ont_Innovacion_Neutro,0.0,-0.16443598256119465,-0.1644359827041626
1ndjufh,train,ont_Etica_Negativo,0.0,-0.06834085335022719,-0.06834085285663605
1ndjufh,train,ont_Tecnologia_Neutro,1.0,1.2450860349589343,1.2450860738754272
1ndg9qb,train,ont_domain_density,0.06666666666666667,0.04962918218353839,0.04962918162345886
1ndg9qb,train,ont_total_negativo_mentions,0.0,-0.21001172000820306,-0.21001172065734863
1ndg9qb,train,ont_InteligenciaArtificial_Negativo,0.0,-0.19168298382244495,-0.19168297946453094
1ndg9qb,train,ont_Innovacion_Neutro,0.0,-0.16443598256119465,-0.1644359827041626
1ndg9qb,train,ont_Etica_Negativo,0.0,-0.06834085335022719,-0.06834085285663605
1ndg9qb,train,ont_Tecnologia_Neutro,0.0,-0.27668578554642986,-0.27668577432632446
1ndbxtk,train,ont_domain_density,0.08,0.28878439479162354,0.288784384727478
1ndbxtk,train,ont_total_negativo_mentions,0.0,-0.21001172000820306,-0.21001172065734863
1ndbxtk,train,ont_InteligenciaArtificial_Negativo,0.0,-0.19168298382244495,-0.19168297946453094
1ndbxtk,train,ont_Innovacion_Neutro,0.0,-0.16443598256119465,-0.1644359827041626
1ndbxtk,train,ont_Etica_Negativo,0.0,-0.06834085335022719,-0.06834085285663605
1ndbxtk,train,ont_Tecnologia_Neutro,1.0,1.2450860349589343,1.2450860738754272
1ndk7r7,train,ont_domain_density,0.08695652173913043,0.41356102745671136,0.41356101632118225
1ndk7r7,train,ont_total_negativo_mentions,0.0,-0.21001172000820306,-0.21001172065734863
1ndk7r7,train,ont_InteligenciaArtificial_Negativo,0.0,-0.19168298382244495,-0.19168297946453094
1ndk7r7,train,ont_Innovacion_Neutro,0.0,-0.16443598256119465,-0.1644359827041626
1ndk7r7,train,ont_Etica_Negativo,0.0,-0.06834085335022719,-0.06834085285663605
1ndk7r7,train,ont_Tecnologia_Neutro,1.0,1.2450860349589343,1.2450860738754272
1nd6svo,train,ont_domain_density,0.125,1.0959332373439108,1.095933198928833
1nd6svo,train,ont_total_negativo_mentions,0.0,-0.21001172000820306,-0.21001172065734863
1nd6svo,train,ont_InteligenciaArtificial_Negativo,0.0,-0.19168298382244495,-0.19168297946453094
1nd6svo,train,ont_Innovacion_Neutro,0.0,-0.16443598256119465,-0.1644359827041626
1nd6svo,train,ont_Etica_Negativo,0.0,-0.06834085335022719,-0.06834085285663605
1nd6svo,train,ont_Tecnologia_Neutro,1.0,1.2450860349589343,1.2450860738754272
1ndt8a6,train,ont_domain_density,0.06666666666666667,0.04962918218353839,0.04962918162345886
1ndt8a6,train,ont_total_negativo_mentions,0.0,-0.21001172000820306,-0.21001172065734863
1ndt8a6,train,ont_InteligenciaArtificial_Negativo,0.0,-0.19168298382244495,-0.19168297946453094
1ndt8a6,train,ont_Innovacion_Neutro,0.0,-0.16443598256119465,-0.1644359827041626
1ndt8a6,train,ont_Etica_Negativo,0.0,-0.06834085335022719,-0.06834085285663605
1ndt8a6,train,ont_Tecnologia_Neutro,0.0,-0.27668578554642986,-0.27668577432632446
1ndgpal,train,ont_domain_density,0.16666666666666666,1.8432932767441765,1.843293309211731
1ndgpal,train,ont_total_negativo_mentions,0.0,-0.21001172000820306,-0.21001172065734863
1ndgpal,train,ont_InteligenciaArtificial_Negativo,0.0,-0.19168298382244495,-0.19168297946453094
1ndgpal,train,ont_Innovacion_Neutro,0.0,-0.16443598256119465,-0.1644359827041626
1ndgpal,train,ont_Etica_Negativo,0.0,-0.06834085335022719,-0.06834085285663605
1ndgpal,train,ont_Tecnologia_Neutro,0.0,-0.27668578554642986,-0.27668577432632446
1ndckn2,train,ont_domain_density,0.05555555555555555,-0.14966682832319925,-0.14966683089733124
1ndckn2,train,ont_total_negativo_mentions,0.0,-0.21001172000820306,-0.21001172065734863
1ndckn2,train,ont_InteligenciaArtificial_Negativo,0.0,-0.19168298382244495,-0.19168297946453094
1ndckn2,train,ont_Innovacion_Neutro,0.0,-0.16443598256119465,-0.1644359827041626
1ndckn2,train,ont_Etica_Negativo,0.0,-0.06834085335022719,-0.06834085285663605
1ndckn2,train,ont_Tecnologia_Neutro,0.0,-0.27668578554642986,-0.27668577432632446
1ndef4c,train,ont_domain_density,0.07692307692307693,0.23359473034360395,0.23359473049640656
1ndef4c,train,ont_total_negativo_mentions,0.0,-0.21001172000820306,-0.21001172065734863
1ndef4c,train,ont_InteligenciaArtificial_Negativo,0.0,-0.19168298382244495,-0.19168297946453094
1ndef4c,train,ont_Innovacion_Neutro,0.0,-0.16443598256119465,-0.1644359827041626
1ndef4c,train,ont_Etica_Negativo,0.0,-0.06834085335022719,-0.06834085285663605
1ndef4c,train,ont_Tecnologia_Neutro,0.0,-0.27668578554642986,-0.27668577432632446
1ndsvb5,train,ont_domain_density,0.1111111111111111,0.8468132242104887,0.8468132019042969
1ndsvb5,train,ont_total_negativo_mentions,0.0,-0.21001172000820306,-0.21001172065734863
1ndsvb5,train,ont_InteligenciaArtificial_Negativo,0.0,-0.19168298382244495,-0.19168297946453094
1ndsvb5,train,ont_Innovacion_Neutro,0.0,-0.16443598256119465,-0.1644359827041626
1ndsvb5,train,ont_Etica_Negativo,0.0,-0.06834085335022719,-0.06834085285663605
1ndsvb5,train,ont_Tecnologia_Neutro,0.0,-0.27668578554642986,-0.27668577432632446
1nda50j,train,ont_domain_density,0.16666666666666666,1.8432932767441765,1.843293309211731
1nda50j,train,ont_total_negativo_mentions,0.0,-0.21001172000820306,-0.21001172065734863
1nda50j,train,ont_InteligenciaArtificial_Negativo,0.0,-0.19168298382244495,-0.19168297946453094
1nda50j,train,ont_Innovacion_Neutro,0.0,-0.16443598256119465,-0.1644359827041626
1nda50j,train,ont_Etica_Negativo,0.0,-0.06834085335022719,-0.06834085285663605
1nda50j,train,ont_Tecnologia_Neutro,0.0,-0.27668578554642986,-0.27668577432632446
1ndutmc,train,ont_domain_density,0.03571428571428571,-0.505552561370945,-0.5055525898933411
1ndutmc,train,ont_total_negativo_mentions,0.0,-0.21001172000820306,-0.21001172065734863
1ndutmc,train,ont_InteligenciaArtificial_Negativo,0.0,-0.19168298382244495,-0.19168297946453094
1ndutmc,train,ont_Innovacion_Neutro,0.0,-0.16443598256119465,-0.1644359827041626
1ndutmc,train,ont_Etica_Negativo,0.0,-0.06834085335022719,-0.06834085285663605
1ndutmc,train,ont_Tecnologia_Neutro,0.0,-0.27668578554642986,-0.27668577432632446
1nddr81,train,ont_domain_density,0.08333333333333333,0.3485731979436447,0.3485732078552246
1nddr81,train,ont_total_negativo_mentions,0.0,-0.21001172000820306,-0.21001172065734863
1nddr81,train,ont_InteligenciaArtificial_Negativo,0.0,-0.19168298382244495,-0.19168297946453094
1nddr81,train,ont_Innovacion_Neutro,0.0,-0.16443598256119465,-0.1644359827041626
1nddr81,train,ont_Etica_Negativo,0.0,-0.06834085335022719,-0.06834085285663605
1nddr81,train,ont_Tecnologia_Neutro,0.0,-0.27668578554642986,-0.27668577432632446
1ndun1b,train,ont_domain_density,0.25,3.338013355544709,3.3380134105682373
1ndun1b,train,ont_total_negativo_mentions,0.0,-0.21001172000820306,-0.21001172065734863
1ndun1b,train,ont_InteligenciaArtificial_Negativo,0.0,-0.19168298382244495,-0.19168297946453094
1ndun1b,train,ont_Innovacion_Neutro,0.0,-0.16443598256119465,-0.1644359827041626
1ndun1b,train,ont_Etica_Negativo,0.0,-0.06834085335022719,-0.06834085285663605
1ndun1b,train,ont_Tecnologia_Neutro,0.0,-0.27668578554642986,-0.27668577432632446
1nduyaj,train,ont_domain_density,0.023255813953488372,-0.7290156960753433,-0.7290157079696655
1nduyaj,train,ont_total_negativo_mentions,0.0,-0.21001172000820306,-0.21001172065734863
1nduyaj,train,ont_InteligenciaArtificial_Negativo,0.0,-0.19168298382244495,-0.19168297946453094
1nduyaj,train,ont_Innovacion_Neutro,0.0,-0.16443598256119465,-0.1644359827041626
1nduyaj,train,ont_Etica_Negativo,0.0,-0.06834085335022719,-0.06834085285663605
1nduyaj,train,ont_Tecnologia_Neutro,0.0,-0.27668578554642986,-0.27668577432632446
1ndkwrx,train,ont_domain_density,0.13333333333333333,1.245405245223964,1.2454051971435547
1ndkwrx,train,ont_total_negativo_mentions,0.0,-0.21001172000820306,-0.21001172065734863
1ndkwrx,train,ont_InteligenciaArtificial_Negativo,0.0,-0.19168298382244495,-0.19168297946453094
1ndkwrx,train,ont_Innovacion_Neutro,0.0,-0.16443598256119465,-0.1644359827041626
1ndkwrx,train,ont_Etica_Negativo,0.0,-0.06834085335022719,-0.06834085285663605
1ndkwrx,train,ont_Tecnologia_Neutro,0.0,-0.27668578554642986,-0.27668577432632446
1ndhrpc,train,ont_domain_density,0.07142857142857142,0.1350417581149973,0.1350417584180832
1ndhrpc,train,ont_total_negativo_mentions,0.0,-0.21001172000820306,-0.21001172065734863
1ndhrpc,train,ont_InteligenciaArtificial_Negativo,0.0,-0.19168298382244495,-0.19168297946453094
1ndhrpc,train,ont_Innovacion_Neutro,0.0,-0.16443598256119465,-0.1644359827041626
1ndhrpc,train,ont_Etica_Negativo,0.0,-0.06834085335022719,-0.06834085285663605
1ndhrpc,train,ont_Tecnologia_Neutro,0.0,-0.27668578554642986,-0.27668577432632446
1nb0x3m,train,ont_domain_density,0.06666666666666667,0.04962918218353839,0.04962918162345886
1nb0x3m,train,ont_total_negativo_mentions,0.0,-0.21001172000820306,-0.21001172065734863
1nb0x3m,train,ont_InteligenciaArtificial_Negativo,0.0,-0.19168298382244495,-0.19168297946453094
1nb0x3m,train,ont_Innovacion_Neutro,0.0,-0.16443598256119465,-0.1644359827041626
1nb0x3m,train,ont_Etica_Negativo,0.0,-0.06834085335022719,-0.06834085285663605
1nb0x3m,train,ont_Tecnologia_Neutro,0.0,-0.27668578554642986,-0.27668577432632446
1nane2b,train,ont_domain_density,0.04,-0.4286812430326318,-0.42868125438690186
1nane2b,train,ont_total_negativo_mentions,0.0,-0.21001172000820306,-0.21001172065734863
1nane2b,train,ont_InteligenciaArtificial_Negativo,0.0,-0.19168298382244495,-0.19168297946453094
1nane2b,train,ont_Innovacion_Neutro,0.0,-0.16443598256119465,-0.1644359827041626
1nane2b,train,ont_Etica_Negativo,0.0,-0.06834085335022719,-0.06834085285663605
1nane2b,train,ont_Tecnologia_Neutro,0.0,-0.27668578554642986,-0.27668577432632446
1nasbwi,train,ont_domain_density,0.0625,-0.025106821756488196,-0.025106821209192276
1nasbwi,train,ont_total_negativo_mentions,0.0,-0.21001172000820306,-0.21001172065734863
1nasbwi,train,ont_InteligenciaArtificial_Negativo,0.0,-0.19168298382244495,-0.19168297946453094
1nasbwi,train,ont_Innovacion_Neutro,0.0,-0.16443598256119465,-0.1644359827041626
1nasbwi,train,ont_Etica_Negativo,0.0,-0.06834085335022719,-0.06834085285663605
1nasbwi,train,ont_Tecnologia_Neutro,0.0,-0.27668578554642986,-0.27668577432632446
1nb75et,train,ont_domain_density,0.05,-0.24931483357656795,-0.2493148297071457
1nb75et,train,ont_total_negativo_mentions,0.0,-0.21001172000820306,-0.21001172065734863
1nb75et,train,ont_InteligenciaArtificial_Negativo,0.0,-0.19168298382244495,-0.19168297946453094
1nb75et,train,ont_Innovacion_Neutro,0.0,-0.16443598256119465,-0.1644359827041626
1nb75et,train,ont_Etica_Negativo,0.0,-0.06834085335022719,-0.06834085285663605
1nb75et,train,ont_Tecnologia_Neutro,0.0,-0.27668578554642986,-0.27668577432632446
1nb28uu,train,ont_domain_density,0.0,-1.146146880856887,-1.1461468935012817
1nb28uu,train,ont_total_negativo_mentions,0.0,-0.21001172000820306,-0.21001172065734863
1nb28uu,train,ont_InteligenciaArtificial_Negativo,0.0,-0.19168298382244495,-0.19168297946453094
1nb28uu,train,ont_Innovacion_Neutro,0.0,-0.16443598256119465,-0.1644359827041626
1nb28uu,train,ont_Etica_Negativo,0.0,-0.06834085335022719,-0.06834085285663605
1nb28uu,train,ont_Tecnologia_Neutro,0.0,-0.27668578554642986,-0.27668577432632446
1nazytu,train,ont_domain_density,0.1,0.6475172137037513,0.647517204284668
1nazytu,train,ont_total_negativo_mentions,0.0,-0.21001172000820306,-0.21001172065734863
1nazytu,train,ont_InteligenciaArtificial_Negativo,0.0,-0.19168298382244495,-0.19168297946453094
1nazytu,train,ont_Innovacion_Neutro,0.0,-0.16443598256119465,-0.1644359827041626
1nazytu,train,ont_Etica_Negativo,0.0,-0.06834085335022719,-0.06834085285663605
1nazytu,train,ont_Tecnologia_Neutro,1.0,1.2450860349589343,1.2450860738754272
1nauhkg,train,ont_domain_density,0.125,1.0959332373439108,1.095933198928833
1nauhkg,train,ont_total_negativo_mentions,0.0,-0.21001172000820306,-0.21001172065734863
1nauhkg,train,ont_InteligenciaArtificial_Negativo,0.0,-0.19168298382244495,-0.19168297946453094
1nauhkg,train,ont_Innovacion_Neutro,0.0,-0.16443598256119465,-0.1644359827041626
1nauhkg,train,ont_Etica_Negativo,0.0,-0.06834085335022719,-0.06834085285663605
1nauhkg,train,ont_Tecnologia_Neutro,0.0,-0.27668578554642986,-0.27668577432632446
1naoif1,train,ont_domain_density,0.0625,-0.025106821756488196,-0.025106821209192276
1naoif1,train,ont_total_negativo_mentions,0.0,-0.21001172000820306,-0.21001172065734863
1naoif1,train,ont_InteligenciaArtificial_Negativo,0.0,-0.19168298382244495,-0.19168297946453094
1naoif1,train,ont_Innovacion_Neutro,0.0,-0.16443598256119465,-0.1644359827041626
1naoif1,train,ont_Etica_Negativo,0.0,-0.06834085335022719,-0.06834085285663605
1naoif1,train,ont_Tecnologia_Neutro,0.0,-0.27668578554642986,-0.27668577432632446
1naxp7j,train,ont_domain_density,0.0625,-0.025106821756488196,-0.025106821209192276
1naxp7j,train,ont_total_negativo_mentions,0.0,-0.21001172000820306,-0.21001172065734863
1naxp7j,train,ont_InteligenciaArtificial_Negativo,0.0,-0.19168298382244495,-0.19168297946453094
1naxp7j,train,ont_Innovacion_Neutro,0.0,-0.16443598256119465,-0.1644359827041626
1naxp7j,train,ont_Etica_Negativo,0.0,-0.06834085335022719,-0.06834085285663605
1naxp7j,train,ont_Tecnologia_Neutro,0.0,-0.27668578554642986,-0.27668577432632446
1ncnay8,train,ont_domain_density,0.11764705882352941,0.9640461715673933,0.9640461802482605
1ncnay8,train,ont_total_negativo_mentions,0.0,-0.21001172000820306,-0.21001172065734863
1ncnay8,train,ont_InteligenciaArtificial_Negativo,0.0,-0.19168298382244495,-0.19168297946453094
1ncnay8,train,ont_Innovacion_Neutro,0.0,-0.16443598256119465,-0.1644359827041626
1ncnay8,train,ont_Etica_Negativo,0.0,-0.06834085335022719,-0.06834085285663605
1ncnay8,train,ont_Tecnologia_Neutro,0.0,-0.27668578554642986,-0.27668577432632446
1ncdjz5,train,ont_domain_density,0.041666666666666664,-0.39878684145662124,-0.39878684282302856
1ncdjz5,train,ont_total_negativo_mentions,0.0,-0.21001172000820306,-0.21001172065734863
1ncdjz5,train,ont_InteligenciaArtificial_Negativo,0.0,-0.19168298382244495,-0.19168297946453094
1ncdjz5,train,ont_Innovacion_Neutro,0.0,-0.16443598256119465,-0.1644359827041626
1ncdjz5,train,ont_Etica_Negativo,0.0,-0.06834085335022719,-0.06834085285663605
1ncdjz5,train,ont_Tecnologia_Neutro,0.0,-0.27668578554642986,-0.27668577432632446
1ncm0ux,train,ont_domain_density,0.07142857142857142,0.1350417581149973,0.1350417584180832
1ncm0ux,train,ont_total_negativo_mentions,0.0,-0.21001172000820306,-0.21001172065734863
1ncm0ux,train,ont_InteligenciaArtificial_Negativo,0.0,-0.19168298382244495,-0.19168297946453094
1ncm0ux,train,ont_Innovacion_Neutro,0.0,-0.16443598256119465,-0.1644359827041626
1ncm0ux,train,ont_Etica_Negativo,0.0,-0.06834085335022719,-0.06834085285663605
1ncm0ux,train,ont_Tecnologia_Neutro,1.0,1.2450860349589343,1.2450860738754272
1nd4xdm,train,ont_domain_density,0.11764705882352941,0.9640461715673933,0.9640461802482605
1nd4xdm,train,ont_total_negativo_mentions,0.0,-0.21001172000820306,-0.21001172065734863
1nd4xdm,train,ont_InteligenciaArtificial_Negativo,0.0,-0.19168298382244495,-0.19168297946453094
1nd4xdm,train,ont_Innovacion_Neutro,0.0,-0.16443598256119465,-0.1644359827041626
1nd4xdm,train,ont_Etica_Negativo,0.0,-0.06834085335022719,-0.06834085285663605
1nd4xdm,train,ont_Tecnologia_Neutro,0.0,-0.27668578554642986,-0.27668577432632446
1ncn862,train,ont_domain_density,0.1,0.6475172137037513,0.647517204284668
1ncn862,train,ont_total_negativo_mentions,0.0,-0.21001172000820306,-0.21001172065734863
1ncn862,train,ont_InteligenciaArtificial_Negativo,0.0,-0.19168298382244495,-0.19168297946453094
1ncn862,train,ont_Innovacion_Neutro,0.0,-0.16443598256119465,-0.1644359827041626
1ncn862,train,ont_Etica_Negativo,0.0,-0.06834085335022719,-0.06834085285663605
1ncn862,train,ont_Tecnologia_Neutro,0.0,-0.27668578554642986,-0.27668577432632446
1ncw4mb,train,ont_domain_density,0.06666666666666667,0.04962918218353839,0.04962918162345886
1ncw4mb,train,ont_total_negativo_mentions,0.0,-0.21001172000820306,-0.21001172065734863
1ncw4mb,train,ont_InteligenciaArtificial_Negativo,0.0,-0.19168298382244495,-0.19168297946453094
1ncw4mb,train,ont_Innovacion_Neutro,0.0,-0.16443598256119465,-0.1644359827041626
1ncw4mb,train,ont_Etica_Negativo,0.0,-0.06834085335022719,-0.06834085285663605
1ncw4mb,train,ont_Tecnologia_Neutro,0.0,-0.27668578554642986,-0.27668577432632446
1nctdfy,train,ont_domain_density,0.02040816326530612,-0.7800929840077774,-0.7800929546356201
1nctdfy,train,ont_total_negativo_mentions,0.0,-0.21001172000820306,-0.21001172065734863
1nctdfy,train,ont_InteligenciaArtificial_Negativo,0.0,-0.19168298382244495,-0.19168297946453094
1nctdfy,train,ont_Innovacion_Neutro,0.0,-0.16443598256119465,-0.1644359827041626
1nctdfy,train,ont_Etica_Negativo,0.0,-0.06834085335022719,-0.06834085285663605
1nctdfy,train,ont_Tecnologia_Neutro,0.0,-0.27668578554642986,-0.27668577432632446
1ncn4ds,train,ont_domain_density,0.125,1.0959332373439108,1.095933198928833
1ncn4ds,train,ont_total_negativo_mentions,0.0,-0.21001172000820306,-0.21001172065734863
1ncn4ds,train,ont_InteligenciaArtificial_Negativo,0.0,-0.19168298382244495,-0.19168297946453094
1ncn4ds,train,ont_Innovacion_Neutro,0.0,-0.16443598256119465,-0.1644359827041626
1ncn4ds,train,ont_Etica_Negativo,0.0,-0.06834085335022719,-0.06834085285663605
1ncn4ds,train,ont_Tecnologia_Neutro,1.0,1.2450860349589343,1.2450860738754272
1ncbp13,train,ont_domain_density,0.09090909090909091,0.4844568414709659,0.4844568371772766
1ncbp13,train,ont_total_negativo_mentions,0.0,-0.21001172000820306,-0.21001172065734863
1ncbp13,train,ont_InteligenciaArtificial_Negativo,0.0,-0.19168298382244495,-0.19168297946453094
1ncbp13,train,ont_Innovacion_Neutro,0.0,-0.16443598256119465,-0.1644359827041626
1ncbp13,train,ont_Etica_Negativo,0.0,-0.06834085335022719,-0.06834085285663605
1ncbp13,train,ont_Tecnologia_Neutro,0.0,-0.27668578554642986,-0.27668577432632446
1ncekdp,train,ont_domain_density,0.14285714285714285,1.4162303970868817,1.4162304401397705
1ncekdp,train,ont_total_negativo_mentions,0.0,-0.21001172000820306,-0.21001172065734863
1ncekdp,train,ont_InteligenciaArtificial_Negativo,0.0,-0.19168298382244495,-0.19168297946453094
1ncekdp,train,ont_Innovacion_Neutro,0.0,-0.16443598256119465,-0.1644359827041626
1ncekdp,train,ont_Etica_Negativo,0.0,-0.06834085335022719,-0.06834085285663605
1ncekdp,train,ont_Tecnologia_Neutro,0.0,-0.27668578554642986,-0.27668577432632446
1ncq6y3,train,ont_domain_density,0.1,0.6475172137037513,0.647517204284668
1ncq6y3,train,ont_total_negativo_mentions,1.0,3.1226332794662324,3.122633218765259
1ncq6y3,train,ont_InteligenciaArtificial_Negativo,1.0,4.333905512278206,4.3339056968688965
1ncq6y3,train,ont_Innovacion_Neutro,0.0,-0.16443598256119465,-0.1644359827041626
1ncq6y3,train,ont_Etica_Negativo,0.0,-0.06834085335022719,-0.06834085285663605
1ncq6y3,train,ont_Tecnologia_Neutro,0.0,-0.27668578554642986,-0.27668577432632446
1ncvia7,train,ont_domain_density,0.06666666666666667,0.04962918218353839,0.04962918162345886
1ncvia7,train,ont_total_negativo_mentions,0.0,-0.21001172000820306,-0.21001172065734863
1ncvia7,train,ont_InteligenciaArtificial_Negativo,0.0,-0.19168298382244495,-0.19168297946453094
1ncvia7,train,ont_Innovacion_Neutro,0.0,-0.16443598256119465,-0.1644359827041626
1ncvia7,train,ont_Etica_Negativo,0.0,-0.06834085335022719,-0.06834085285663605
1ncvia7,train,ont_Tecnologia_Neutro,0.0,-0.27668578554642986,-0.27668577432632446
1ncnccr,train,ont_domain_density,0.05555555555555555,-0.14966682832319925,-0.14966683089733124
1ncnccr,train,ont_total_negativo_mentions,0.0,-0.21001172000820306,-0.21001172065734863
1ncnccr,train,ont_InteligenciaArtificial_Negativo,0.0,-0.19168298382244495,-0.19168297946453094
1ncnccr,train,ont_Innovacion_Neutro,0.0,-0.16443598256119465,-0.1644359827041626
1ncnccr,train,ont_Etica_Negativo,0.0,-0.06834085335022719,-0.06834085285663605
1ncnccr,train,ont_Tecnologia_Neutro,0.0,-0.27668578554642986,-0.27668577432632446
1ncipix,train,ont_domain_density,0.08333333333333333,0.3485731979436447,0.3485732078552246
1ncipix,train,ont_total_negativo_mentions,0.0,-0.21001172000820306,-0.21001172065734863
1ncipix,train,ont_InteligenciaArtificial_Negativo,0.0,-0.19168298382244495,-0.19168297946453094
1ncipix,train,ont_Innovacion_Neutro,0.0,-0.16443598256119465,-0.1644359827041626
1ncipix,train,ont_Etica_Negativo,0.0,-0.06834085335022719,-0.06834085285663605
1ncipix,train,ont_Tecnologia_Neutro,0.0,-0.27668578554642986,-0.27668577432632446
1nc2f29,train,ont_domain_density,0.058823529411764705,-0.09105035464474698,-0.09105035662651062
1nc2f29,train,ont_total_negativo_mentions,0.0,-0.21001172000820306,-0.21001172065734863
1nc2f29,train,ont_InteligenciaArtificial_Negativo,0.0,-0.19168298382244495,-0.19168297946453094
1nc2f29,train,ont_Innovacion_Neutro,0.0,-0.16443598256119465,-0.1644359827041626
1nc2f29,train,ont_Etica_Negativo,0.0,-0.06834085335022719,-0.06834085285663605
1nc2f29,train,ont_Tecnologia_Neutro,0.0,-0.27668578554642986,-0.27668577432632446
1nbob5n,train,ont_domain_density,0.25,3.338013355544709,3.3380134105682373
1nbob5n,train,ont_total_negativo_mentions,0.0,-0.21001172000820306,-0.21001172065734863
1nbob5n,train,ont_InteligenciaArtificial_Negativo,0.0,-0.19168298382244495,-0.19168297946453094
1nbob5n,train,ont_Innovacion_Neutro,1.0,5.324323711205579,5.324323654174805
1nbob5n,train,ont_Etica_Negativo,0.0,-0.06834085335022719,-0.06834085285663605
1nbob5n,train,ont_Tecnologia_Neutro,1.0,1.2450860349589343,1.2450860738754272
1nc6zt3,train,ont_domain_density,0.05263157894736842,-0.20211314687760387,-0.20211315155029297
1nc6zt3,train,ont_total_negativo_mentions,0.0,-0.21001172000820306,-0.21001172065734863
1nc6zt3,train,ont_InteligenciaArtificial_Negativo,0.0,-0.19168298382244495,-0.19168297946453094
1nc6zt3,train,ont_Innovacion_Neutro,1.0,5.324323711205579,5.324323654174805
1nc6zt3,train,ont_Etica_Negativo,0.0,-0.06834085335022719,-0.06834085285663605
1nc6zt3,train,ont_Tecnologia_Neutro,0.0,-0.27668578554642986,-0.27668577432632446
1nc1t63,train,ont_domain_density,0.0625,-0.025106821756488196,-0.025106821209192276
1nc1t63,train,ont_total_negativo_mentions,1.0,3.1226332794662324,3.122633218765259
1nc1t63,train,ont_InteligenciaArtificial_Negativo,1.0,4.333905512278206,4.3339056968688965
1nc1t63,train,ont_Innovacion_Neutro,0.0,-0.16443598256119465,-0.1644359827041626
1nc1t63,train,ont_Etica_Negativo,0.0,-0.06834085335022719,-0.06834085285663605
1nc1t63,train,ont_Tecnologia_Neutro,0.0,-0.27668578554642986,-0.27668577432632446
1nbp281,train,ont_domain_density,0.0,-1.146146880856887,-1.1461468935012817
1nbp281,train,ont_total_negativo_mentions,0.0,-0.21001172000820306,-0.21001172065734863
1nbp281,train,ont_InteligenciaArtificial_Negativo,0.0,-0.19168298382244495,-0.19168297946453094
1nbp281,train,ont_Innovacion_Neutro,0.0,-0.16443598256119465,-0.1644359827041626
1nbp281,train,ont_Etica_Negativo,0.0,-0.06834085335022719,-0.06834085285663605
1nbp281,train,ont_Tecnologia_Neutro,0.0,-0.27668578554642986,-0.27668577432632446
1nbivoz,train,ont_domain_density,0.0,-1.146146880856887,-1.1461468935012817
1nbivoz,train,ont_total_negativo_mentions,0.0,-0.21001172000820306,-0.21001172065734863
1nbivoz,train,ont_InteligenciaArtificial_Negativo,0.0,-0.19168298382244495,-0.19168297946453094
1nbivoz,train,ont_Innovacion_Neutro,0.0,-0.16443598256119465,-0.1644359827041626
1nbivoz,train,ont_Etica_Negativo,0.0,-0.06834085335022719,-0.06834085285663605
1nbivoz,train,ont_Tecnologia_Neutro,0.0,-0.27668578554642986,-0.27668577432632446
1nbnnbj,train,ont_domain_density,0.0,-1.146146880856887,-1.1461468935012817
1nbnnbj,train,ont_total_negativo_mentions,0.0,-0.21001172000820306,-0.21001172065734863
1nbnnbj,train,ont_InteligenciaArtificial_Negativo,0.0,-0.19168298382244495,-0.19168297946453094
1nbnnbj,train,ont_Innovacion_Neutro,0.0,-0.16443598256119465,-0.1644359827041626
1nbnnbj,train,ont_Etica_Negativo,0.0,-0.06834085335022719,-0.06834085285663605
1nbnnbj,train,ont_Tecnologia_Neutro,0.0,-0.27668578554642986,-0.27668577432632446
1nc1297,train,ont_domain_density,0.07142857142857142,0.1350417581149973,0.1350417584180832
1nc1297,train,ont_total_negativo_mentions,0.0,-0.21001172000820306,-0.21001172065734863
1nc1297,train,ont_InteligenciaArtificial_Negativo,0.0,-0.19168298382244495,-0.19168297946453094
1nc1297,train,ont_Innovacion_Neutro,0.0,-0.16443598256119465,-0.1644359827041626
1nc1297,train,ont_Etica_Negativo,0.0,-0.06834085335022719,-0.06834085285663605
1nc1297,train,ont_Tecnologia_Neutro,0.0,-0.27668578554642986,-0.27668577432632446
1nc3gx2,train,ont_domain_density,0.25,3.338013355544709,3.3380134105682373
1nc3gx2,train,ont_total_negativo_mentions,0.0,-0.21001172000820306,-0.21001172065734863
1nc3gx2,train,ont_InteligenciaArtificial_Negativo,0.0,-0.19168298382244495,-0.19168297946453094
1nc3gx2,train,ont_Innovacion_Neutro,0.0,-0.16443598256119465,-0.1644359827041626
1nc3gx2,train,ont_Etica_Negativo,0.0,-0.06834085335022719,-0.06834085285663605
1nc3gx2,train,ont_Tecnologia_Neutro,0.0,-0.27668578554642986,-0.27668577432632446
1nbrilo,train,ont_domain_density,0.038461538461538464,-0.4562760752566416,-0.4562760889530182
1nbrilo,train,ont_total_negativo_mentions,0.0,-0.21001172000820306,-0.21001172065734863
1nbrilo,train,ont_InteligenciaArtificial_Negativo,0.0,-0.19168298382244495,-0.19168297946453094
1nbrilo,train,ont_Innovacion_Neutro,0.0,-0.16443598256119465,-0.1644359827041626
1nbrilo,train,ont_Etica_Negativo,0.0,-0.06834085335022719,-0.06834085285663605
1nbrilo,train,ont_Tecnologia_Neutro,0.0,-0.27668578554642986,-0.27668577432632446
1nbk22z,train,ont_domain_density,0.1111111111111111,0.8468132242104887,0.8468132019042969
1nbk22z,train,ont_total_negativo_mentions,0.0,-0.21001172000820306,-0.21001172065734863
1nbk22z,train,ont_InteligenciaArtificial_Negativo,0.0,-0.19168298382244495,-0.19168297946453094
1nbk22z,train,ont_Innovacion_Neutro,0.0,-0.16443598256119465,-0.1644359827041626
1nbk22z,train,ont_Etica_Negativo,0.0,-0.06834085335022719,-0.06834085285663605
1nbk22z,train,ont_Tecnologia_Neutro,0.0,-0.27668578554642986,-0.27668577432632446
1nbkhh1,train,ont_domain_density,0.03333333333333333,-0.5482588493366743,-0.5482588410377502
1nbkhh1,train,ont_total_negativo_mentions,0.0,-0.21001172000820306,-0.21001172065734863
1nbkhh1,train,ont_InteligenciaArtificial_Negativo,0.0,-0.19168298382244495,-0.19168297946453094
1nbkhh1,train,ont_Innovacion_Neutro,0.0,-0.16443598256119465,-0.1644359827041626
1nbkhh1,train,ont_Etica_Negativo,0.0,-0.06834085335022719,-0.06834085285663605
1nbkhh1,train,ont_Tecnologia_Neutro,0.0,-0.27668578554642986,-0.27668577432632446
1nbxrod,train,ont_domain_density,0.18181818181818182,2.115060563798819,2.115060567855835
1nbxrod,train,ont_total_negativo_mentions,0.0,-0.21001172000820306,-0.21001172065734863
1nbxrod,train,ont_InteligenciaArtificial_Negativo,0.0,-0.19168298382244495,-0.19168297946453094
1nbxrod,train,ont_Innovacion_Neutro,0.0,-0.16443598256119465,-0.1644359827041626
1nbxrod,train,ont_Etica_Negativo,0.0,-0.06834085335022719,-0.06834085285663605
1nbxrod,train,ont_Tecnologia_Neutro,1.0,1.2450860349589343,1.2450860738754272
1nbj31s,train,ont_domain_density,0.041666666666666664,-0.39878684145662124,-0.39878684282302856
1nbj31s,train,ont_total_negativo_mentions,0.0,-0.21001172000820306,-0.21001172065734863
1nbj31s,train,ont_InteligenciaArtificial_Negativo,0.0,-0.19168298382244495,-0.19168297946453094
1nbj31s,train,ont_Innovacion_Neutro,0.0,-0.16443598256119465,-0.1644359827041626
1nbj31s,train,ont_Etica_Negativo,0.0,-0.06834085335022719,-0.06834085285663605
1nbj31s,train,ont_Tecnologia_Neutro,1.0,1.2450860349589343,1.2450860738754272
1n5p6bt,train,ont_domain_density,0.1111111111111111,0.8468132242104887,0.8468132019042969
1n5p6bt,train,ont_total_negativo_mentions,0.0,-0.21001172000820306,-0.21001172065734863
1n5p6bt,train,ont_InteligenciaArtificial_Negativo,0.0,-0.19168298382244495,-0.19168297946453094
1n5p6bt,train,ont_Innovacion_Neutro,0.0,-0.16443598256119465,-0.1644359827041626
1n5p6bt,train,ont_Etica_Negativo,0.0,-0.06834085335022719,-0.06834085285663605
1n5p6bt,train,ont_Tecnologia_Neutro,0.0,-0.27668578554642986,-0.27668577432632446
1n5o260,train,ont_domain_density,0.07692307692307693,0.23359473034360395,0.23359473049640656
1n5o260,train,ont_total_negativo_mentions,0.0,-0.21001172000820306,-0.21001172065734863
1n5o260,train,ont_InteligenciaArtificial_Negativo,0.0,-0.19168298382244495,-0.19168297946453094
1n5o260,train,ont_Innovacion_Neutro,0.0,-0.16443598256119465,-0.1644359827041626
1n5o260,train,ont_Etica_Negativo,0.0,-0.06834085335022719,-0.06834085285663605
1n5o260,train,ont_Tecnologia_Neutro,1.0,1.2450860349589343,1.2450860738754272
1n5ii9v,train,ont_domain_density,0.07142857142857142,0.1350417581149973,0.1350417584180832
1n5ii9v,train,ont_total_negativo_mentions,0.0,-0.21001172000820306,-0.21001172065734863
1n5ii9v,train,ont_InteligenciaArtificial_Negativo,0.0,-0.19168298382244495,-0.19168297946453094
1n5ii9v,train,ont_Innovacion_Neutro,0.0,-0.16443598256119465,-0.1644359827041626
1n5ii9v,train,ont_Etica_Negativo,0.0,-0.06834085335022719,-0.06834085285663605
1n5ii9v,train,ont_Tecnologia_Neutro,1.0,1.2450860349589343,1.2450860738754272
1n5ihn7,train,ont_domain_density,0.16666666666666666,1.8432932767441765,1.843293309211731
1n5ihn7,train,ont_total_negativo_mentions,0.0,-0.21001172000820306,-0.21001172065734863
1n5ihn7,train,ont_InteligenciaArtificial_Negativo,0.0,-0.19168298382244495,-0.19168297946453094
1n5ihn7,train,ont_Innovacion_Neutro,0.0,-0.16443598256119465,-0.1644359827041626
1n5ihn7,train,ont_Etica_Negativo,0.0,-0.06834085335022719,-0.06834085285663605
1n5ihn7,train,ont_Tecnologia_Neutro,0.0,-0.27668578554642986,-0.27668577432632446
1n5xdn4,train,ont_domain_density,0.18181818181818182,2.115060563798819,2.115060567855835
1n5xdn4,train,ont_total_negativo_mentions,1.0,3.1226332794662324,3.122633218765259
1n5xdn4,train,ont_InteligenciaArtificial_Negativo,1.0,4.333905512278206,4.3339056968688965
1n5xdn4,train,ont_Innovacion_Neutro,0.0,-0.16443598256119465,-0.1644359827041626
1n5xdn4,train,ont_Etica_Negativo,0.0,-0.06834085335022719,-0.06834085285663605
1n5xdn4,train,ont_Tecnologia_Neutro,1.0,1.2450860349589343,1.2450860738754272
1n5ppf8,train,ont_domain_density,0.0,-1.146146880856887,-1.1461468935012817
1n5ppf8,train,ont_total_negativo_mentions,0.0,-0.21001172000820306,-0.21001172065734863
1n5ppf8,train,ont_InteligenciaArtificial_Negativo,0.0,-0.19168298382244495,-0.19168297946453094
1n5ppf8,train,ont_Innovacion_Neutro,0.0,-0.16443598256119465,-0.1644359827041626
1n5ppf8,train,ont_Etica_Negativo,0.0,-0.06834085335022719,-0.06834085285663605
1n5ppf8,train,ont_Tecnologia_Neutro,0.0,-0.27668578554642986,-0.27668577432632446
1n5g9u1,train,ont_domain_density,0.2,2.44118130826439,2.4411814212799072
1n5g9u1,train,ont_total_negativo_mentions,0.0,-0.21001172000820306,-0.21001172065734863
1n5g9u1,train,ont_InteligenciaArtificial_Negativo,0.0,-0.19168298382244495,-0.19168297946453094
1n5g9u1,train,ont_Innovacion_Neutro,0.0,-0.16443598256119465,-0.1644359827041626
1n5g9u1,train,ont_Etica_Negativo,0.0,-0.06834085335022719,-0.06834085285663605
1n5g9u1,train,ont_Tecnologia_Neutro,1.0,1.2450860349589343,1.2450860738754272
1n5xzj4,train,ont_domain_density,0.08333333333333333,0.3485731979436447,0.3485732078552246
1n5xzj4,train,ont_total_negativo_mentions,0.0,-0.21001172000820306,-0.21001172065734863
1n5xzj4,train,ont_InteligenciaArtificial_Negativo,0.0,-0.19168298382244495,-0.19168297946453094
1n5xzj4,train,ont_Innovacion_Neutro,0.0,-0.16443598256119465,-0.1644359827041626
1n5xzj4,train,ont_Etica_Negativo,0.0,-0.06834085335022719,-0.06834085285663605
1n5xzj4,train,ont_Tecnologia_Neutro,0.0,-0.27668578554642986,-0.27668577432632446
1n65ya1,train,ont_domain_density,0.1111111111111111,0.8468132242104887,0.8468132019042969
1n65ya1,train,ont_total_negativo_mentions,0.0,-0.21001172000820306,-0.21001172065734863
1n65ya1,train,ont_InteligenciaArtificial_Negativo,0.0,-0.19168298382244495,-0.19168297946453094
1n65ya1,train,ont_Innovacion_Neutro,0.0,-0.16443598256119465,-0.1644359827041626
1n65ya1,train,ont_Etica_Negativo,0.0,-0.06834085335022719,-0.06834085285663605
1n65ya1,train,ont_Tecnologia_Neutro,0.0,-0.27668578554642986,-0.27668577432632446
1n5xh5e,train,ont_domain_density,0.13333333333333333,1.245405245223964,1.2454051971435547
1n5xh5e,train,ont_total_negativo_mentions,0.0,-0.21001172000820306,-0.21001172065734863
1n5xh5e,train,ont_InteligenciaArtificial_Negativo,0.0,-0.19168298382244495,-0.19168297946453094
1n5xh5e,train,ont_Innovacion_Neutro,0.0,-0.16443598256119465,-0.1644359827041626
1n5xh5e,train,ont_Etica_Negativo,0.0,-0.06834085335022719,-0.06834085285663605
1n5xh5e,train,ont_Tecnologia_Neutro,0.0,-0.27668578554642986,-0.27668577432632446
1n5qwos,train,ont_domain_density,0.0,-1.146146880856887,-1.1461468935012817
1n5qwos,train,ont_total_negativo_mentions,0.0,-0.21001172000820306,-0.21001172065734863
1n5qwos,train,ont_InteligenciaArtificial_Negativo,0.0,-0.19168298382244495,-0.19168297946453094
1n5qwos,train,ont_Innovacion_Neutro,0.0,-0.16443598256119465,-0.1644359827041626
1n5qwos,train,ont_Etica_Negativo,0.0,-0.06834085335022719,-0.06834085285663605
1n5qwos,train,ont_Tecnologia_Neutro,0.0,-0.27668578554642986,-0.27668577432632446
1na7t4x,train,ont_domain_density,0.024390243902439025,-0.7086678334030729,-0.7086678147315979
1na7t4x,train,ont_total_negativo_mentions,1.0,3.1226332794662324,3.122633218765259
1na7t4x,train,ont_InteligenciaArtificial_Negativo,1.0,4.333905512278206,4.3339056968688965
1na7t4x,train,ont_Innovacion_Neutro,0.0,-0.16443598256119465,-0.1644359827041626
1na7t4x,train,ont_Etica_Negativo,0.0,-0.06834085335022719,-0.06834085285663605
1na7t4x,train,ont_Tecnologia_Neutro,0.0,-0.27668578554642986,-0.27668577432632446
1na9dqa,train,ont_domain_density,0.16666666666666666,1.8432932767441765,1.843293309211731
1na9dqa,train,ont_total_negativo_mentions,0.0,-0.21001172000820306,-0.21001172065734863
1na9dqa,train,ont_InteligenciaArtificial_Negativo,0.0,-0.19168298382244495,-0.19168297946453094
1na9dqa,train,ont_Innovacion_Neutro,0.0,-0.16443598256119465,-0.1644359827041626
1na9dqa,train,ont_Etica_Negativo,0.0,-0.06834085335022719,-0.06834085285663605
1na9dqa,train,ont_Tecnologia_Neutro,0.0,-0.27668578554642986,-0.27668577432632446
1n9thkd,train,ont_domain_density,0.0,-1.146146880856887,-1.1461468935012817
1n9thkd,train,ont_total_negativo_mentions,0.0,-0.21001172000820306,-0.21001172065734863
1n9thkd,train,ont_InteligenciaArtificial_Negativo,0.0,-0.19168298382244495,-0.19168297946453094
1n9thkd,train,ont_Innovacion_Neutro,0.0,-0.16443598256119465,-0.1644359827041626
1n9thkd,train,ont_Etica_Negativo,0.0,-0.06834085335022719,-0.06834085285663605
1n9thkd,train,ont_Tecnologia_Neutro,0.0,-0.27668578554642986,-0.27668577432632446
1n9tn2b,train,ont_domain_density,0.11764705882352941,0.9640461715673933,0.9640461802482605
1n9tn2b,train,ont_total_negativo_mentions,0.0,-0.21001172000820306,-0.21001172065734863
1n9tn2b,train,ont_InteligenciaArtificial_Negativo,0.0,-0.19168298382244495,-0.19168297946453094
1n9tn2b,train,ont_Innovacion_Neutro,0.0,-0.16443598256119465,-0.1644359827041626
1n9tn2b,train,ont_Etica_Negativo,0.0,-0.06834085335022719,-0.06834085285663605
1n9tn2b,train,ont_Tecnologia_Neutro,0.0,-0.27668578554642986,-0.27668577432632446
1n9yi8h,train,ont_domain_density,0.07692307692307693,0.23359473034360395,0.23359473049640656
1n9yi8h,train,ont_total_negativo_mentions,0.0,-0.21001172000820306,-0.21001172065734863
1n9yi8h,train,ont_InteligenciaArtificial_Negativo,0.0,-0.19168298382244495,-0.19168297946453094
1n9yi8h,train,ont_Innovacion_Neutro,0.0,-0.16443598256119465,-0.1644359827041626
1n9yi8h,train,ont_Etica_Negativo,0.0,-0.06834085335022719,-0.06834085285663605
1n9yi8h,train,ont_Tecnologia_Neutro,0.0,-0.27668578554642986,-0.27668577432632446
1nai1dy,train,ont_domain_density,0.05263157894736842,-0.20211314687760387,-0.20211315155029297
1nai1dy,train,ont_total_negativo_mentions,0.0,-0.21001172000820306,-0.21001172065734863
1nai1dy,train,ont_InteligenciaArtificial_Negativo,0.0,-0.19168298382244495,-0.19168297946453094
1nai1dy,train,ont_Innovacion_Neutro,0.0,-0.16443598256119465,-0.1644359827041626
1nai1dy,train,ont_Etica_Negativo,0.0,-0.06834085335022719,-0.06834085285663605
1nai1dy,train,ont_Tecnologia_Neutro,0.0,-0.27668578554642986,-0.27668577432632446
1na3hd5,train,ont_domain_density,0.08333333333333333,0.3485731979436447,0.3485732078552246
1na3hd5,train,ont_total_negativo_mentions,0.0,-0.21001172000820306,-0.21001172065734863
1na3hd5,train,ont_InteligenciaArtificial_Negativo,0.0,-0.19168298382244495,-0.19168297946453094
1na3hd5,train,ont_Innovacion_Neutro,0.0,-0.16443598256119465,-0.1644359827041626
1na3hd5,train,ont_Etica_Negativo,0.0,-0.06834085335022719,-0.06834085285663605
1na3hd5,train,ont_Tecnologia_Neutro,0.0,-0.27668578554642986,-0.27668577432632446
1nhs7cz,train,ont_domain_density,0.1,0.6475172137037513,0.647517204284668
1nhs7cz,train,ont_total_negativo_mentions,0.0,-0.21001172000820306,-0.21001172065734863
1nhs7cz,train,ont_InteligenciaArtificial_Negativo,0.0,-0.19168298382244495,-0.19168297946453094
1nhs7cz,train,ont_Innovacion_Neutro,0.0,-0.16443598256119465,-0.1644359827041626
1nhs7cz,train,ont_Etica_Negativo,0.0,-0.06834085335022719,-0.06834085285663605
1nhs7cz,train,ont_Tecnologia_Neutro,0.0,-0.27668578554642986,-0.27668577432632446
1ni3xu6,train,ont_domain_density,0.08333333333333333,0.3485731979436447,0.3485732078552246
1ni3xu6,train,ont_total_negativo_mentions,0.0,-0.21001172000820306,-0.21001172065734863
1ni3xu6,train,ont_InteligenciaArtificial_Negativo,0.0,-0.19168298382244495,-0.19168297946453094
1ni3xu6,train,ont_Innovacion_Neutro,0.0,-0.16443598256119465,-0.1644359827041626
1ni3xu6,train,ont_Etica_Negativo,0.0,-0.06834085335022719,-0.06834085285663605
1ni3xu6,train,ont_Tecnologia_Neutro,0.0,-0.27668578554642986,-0.27668577432632446
1nhz3j9,train,ont_domain_density,0.09090909090909091,0.4844568414709659,0.4844568371772766
1nhz3j9,train,ont_total_negativo_mentions,0.0,-0.21001172000820306,-0.21001172065734863
1nhz3j9,train,ont_InteligenciaArtificial_Negativo,0.0,-0.19168298382244495,-0.19168297946453094
1nhz3j9,train,ont_Innovacion_Neutro,0.0,-0.16443598256119465,-0.1644359827041626
1nhz3j9,train,ont_Etica_Negativo,0.0,-0.06834085335022719,-0.06834085285663605
1nhz3j9,train,ont_Tecnologia_Neutro,1.0,1.2450860349589343,1.2450860738754272
1nhwend,train,ont_domain_density,0.125,1.0959332373439108,1.095933198928833
1nhwend,train,ont_total_negativo_mentions,0.0,-0.21001172000820306,-0.21001172065734863
1nhwend,train,ont_InteligenciaArtificial_Negativo,0.0,-0.19168298382244495,-0.19168297946453094
1nhwend,train,ont_Innovacion_Neutro,0.0,-0.16443598256119465,-0.1644359827041626
1nhwend,train,ont_Etica_Negativo,0.0,-0.06834085335022719,-0.06834085285663605
1nhwend,train,ont_Tecnologia_Neutro,0.0,-0.27668578554642986,-0.27668577432632446
1nhtkl8,train,ont_domain_density,0.0,-1.146146880856887,-1.1461468935012817
1nhtkl8,train,ont_total_negativo_mentions,0.0,-0.21001172000820306,-0.21001172065734863
1nhtkl8,train,ont_InteligenciaArtificial_Negativo,0.0,-0.19168298382244495,-0.19168297946453094
1nhtkl8,train,ont_Innovacion_Neutro,0.0,-0.16443598256119465,-0.1644359827041626
1nhtkl8,train,ont_Etica_Negativo,0.0,-0.06834085335022719,-0.06834085285663605
1nhtkl8,train,ont_Tecnologia_Neutro,0.0,-0.27668578554642986,-0.27668577432632446
1nhlryp,train,ont_domain_density,0.15384615384615385,1.613336341544095,1.6133363246917725
1nhlryp,train,ont_total_negativo_mentions,3.0,9.787923278415104,9.787922859191895
1nhlryp,train,ont_InteligenciaArtificial_Negativo,2.0,8.859494008378858,8.85949420928955
1nhlryp,train,ont_Innovacion_Neutro,0.0,-0.16443598256119465,-0.1644359827041626
1nhlryp,train,ont_Etica_Negativo,1.0,10.957316820486426,10.957316398620605
1nhlryp,train,ont_Tecnologia_Neutro,0.0,-0.27668578554642986,-0.27668577432632446
1nhxa4p,train,ont_domain_density,0.045454545454545456,-0.3308450196929606,-0.33084502816200256
1nhxa4p,train,ont_total_negativo_mentions,0.0,-0.21001172000820306,-0.21001172065734863
1nhxa4p,train,ont_InteligenciaArtificial_Negativo,0.0,-0.19168298382244495,-0.19168297946453094
1nhxa4p,train,ont_Innovacion_Neutro,0.0,-0.16443598256119465,-0.1644359827041626
1nhxa4p,train,ont_Etica_Negativo,0.0,-0.06834085335022719,-0.06834085285663605
1nhxa4p,train,ont_Tecnologia_Neutro,0.0,-0.27668578554642986,-0.27668577432632446
1nhjaeo,train,ont_domain_density,0.0,-1.146146880856887,-1.1461468935012817
1nhjaeo,train,ont_total_negativo_mentions,0.0,-0.21001172000820306,-0.21001172065734863
1nhjaeo,train,ont_InteligenciaArtificial_Negativo,0.0,-0.19168298382244495,-0.19168297946453094
1nhjaeo,train,ont_Innovacion_Neutro,0.0,-0.16443598256119465,-0.1644359827041626
1nhjaeo,train,ont_Etica_Negativo,0.0,-0.06834085335022719,-0.06834085285663605
1nhjaeo,train,ont_Tecnologia_Neutro,0.0,-0.27668578554642986,-0.27668577432632446
1nhypuu,train,ont_domain_density,0.03333333333333333,-0.5482588493366743,-0.5482588410377502
1nhypuu,train,ont_total_negativo_mentions,0.0,-0.21001172000820306,-0.21001172065734863
1nhypuu,train,ont_InteligenciaArtificial_Negativo,0.0,-0.19168298382244495,-0.19168297946453094
1nhypuu,train,ont_Innovacion_Neutro,0.0,-0.16443598256119465,-0.1644359827041626
1nhypuu,train,ont_Etica_Negativo,0.0,-0.06834085335022719,-0.06834085285663605
1nhypuu,train,ont_Tecnologia_Neutro,0.0,-0.27668578554642986,-0.27668577432632446
1nhfl1e,train,ont_domain_density,0.36363636363636365,5.376268008454526,5.376267910003662
1nhfl1e,train,ont_total_negativo_mentions,0.0,-0.21001172000820306,-0.21001172065734863
1nhfl1e,train,ont_InteligenciaArtificial_Negativo,0.0,-0.19168298382244495,-0.19168297946453094
1nhfl1e,train,ont_Innovacion_Neutro,0.0,-0.16443598256119465,-0.1644359827041626
1nhfl1e,train,ont_Etica_Negativo,0.0,-0.06834085335022719,-0.06834085285663605
1nhfl1e,train,ont_Tecnologia_Neutro,0.0,-0.27668578554642986,-0.27668577432632446
1nhkd8n,train,ont_domain_density,0.0625,-0.025106821756488196,-0.025106821209192276
1nhkd8n,train,ont_total_negativo_mentions,0.0,-0.21001172000820306,-0.21001172065734863
1nhkd8n,train,ont_InteligenciaArtificial_Negativo,0.0,-0.19168298382244495,-0.19168297946453094
1nhkd8n,train,ont_Innovacion_Neutro,0.0,-0.16443598256119465,-0.1644359827041626
1nhkd8n,train,ont_Etica_Negativo,0.0,-0.06834085335022719,-0.06834085285663605
1nhkd8n,train,ont_Tecnologia_Neutro,1.0,1.2450860349589343,1.2450860738754272
1nhuyqr,train,ont_domain_density,0.14285714285714285,1.4162303970868817,1.4162304401397705
1nhuyqr,train,ont_total_negativo_mentions,0.0,-0.21001172000820306,-0.21001172065734863
1nhuyqr,train,ont_InteligenciaArtificial_Negativo,0.0,-0.19168298382244495,-0.19168297946453094
1nhuyqr,train,ont_Innovacion_Neutro,0.0,-0.16443598256119465,-0.1644359827041626
1nhuyqr,train,ont_Etica_Negativo,0.0,-0.06834085335022719,-0.06834085285663605
1nhuyqr,train,ont_Tecnologia_Neutro,0.0,-0.27668578554642986,-0.27668577432632446
1nhxx3a,train,ont_domain_density,0.08333333333333333,0.3485731979436447,0.3485732078552246
1nhxx3a,train,ont_total_negativo_mentions,1.0,3.1226332794662324,3.122633218765259
1nhxx3a,train,ont_InteligenciaArtificial_Negativo,1.0,4.333905512278206,4.3339056968688965
1nhxx3a,train,ont_Innovacion_Neutro,0.0,-0.16443598256119465,-0.1644359827041626
1nhxx3a,train,ont_Etica_Negativo,0.0,-0.06834085335022719,-0.06834085285663605
1nhxx3a,train,ont_Tecnologia_Neutro,0.0,-0.27668578554642986,-0.27668577432632446
1nhlh2x,train,ont_domain_density,0.1,0.6475172137037513,0.647517204284668
1nhlh2x,train,ont_total_negativo_mentions,0.0,-0.21001172000820306,-0.21001172065734863
1nhlh2x,train,ont_InteligenciaArtificial_Negativo,0.0,-0.19168298382244495,-0.19168297946453094
1nhlh2x,train,ont_Innovacion_Neutro,0.0,-0.16443598256119465,-0.1644359827041626
1nhlh2x,train,ont_Etica_Negativo,0.0,-0.06834085335022719,-0.06834085285663605
1nhlh2x,train,ont_Tecnologia_Neutro,0.0,-0.27668578554642986,-0.27668577432632446
1nhlpb9,train,ont_domain_density,0.08333333333333333,0.3485731979436447,0.3485732078552246
1nhlpb9,train,ont_total_negativo_mentions,0.0,-0.21001172000820306,-0.21001172065734863
1nhlpb9,train,ont_InteligenciaArtificial_Negativo,0.0,-0.19168298382244495,-0.19168297946453094
1nhlpb9,train,ont_Innovacion_Neutro,0.0,-0.16443598256119465,-0.1644359827041626
1nhlpb9,train,ont_Etica_Negativo,0.0,-0.06834085335022719,-0.06834085285663605
1nhlpb9,train,ont_Tecnologia_Neutro,0.0,-0.27668578554642986,-0.27668577432632446
1nhscop,train,ont_domain_density,0.034482758620689655,-0.5276420206635636,-0.527642011642456
1nhscop,train,ont_total_negativo_mentions,0.0,-0.21001172000820306,-0.21001172065734863
1nhscop,train,ont_InteligenciaArtificial_Negativo,0.0,-0.19168298382244495,-0.19168297946453094
1nhscop,train,ont_Innovacion_Neutro,1.0,5.324323711205579,5.324323654174805
1nhscop,train,ont_Etica_Negativo,0.0,-0.06834085335022719,-0.06834085285663605
1nhscop,train,ont_Tecnologia_Neutro,0.0,-0.27668578554642986,-0.27668577432632446
1nhpwks,train,ont_domain_density,0.1111111111111111,0.8468132242104887,0.8468132019042969
1nhpwks,train,ont_total_negativo_mentions,0.0,-0.21001172000820306,-0.21001172065734863
1nhpwks,train,ont_InteligenciaArtificial_Negativo,0.0,-0.19168298382244495,-0.19168297946453094
1nhpwks,train,ont_Innovacion_Neutro,0.0,-0.16443598256119465,-0.1644359827041626
1nhpwks,train,ont_Etica_Negativo,0.0,-0.06834085335022719,-0.06834085285663605
1nhpwks,train,ont_Tecnologia_Neutro,0.0,-0.27668578554642986,-0.27668577432632446
1ni00a4,train,ont_domain_density,0.14285714285714285,1.4162303970868817,1.4162304401397705
1ni00a4,train,ont_total_negativo_mentions,0.0,-0.21001172000820306,-0.21001172065734863
1ni00a4,train,ont_InteligenciaArtificial_Negativo,0.0,-0.19168298382244495,-0.19168297946453094
1ni00a4,train,ont_Innovacion_Neutro,0.0,-0.16443598256119465,-0.1644359827041626
1ni00a4,train,ont_Etica_Negativo,0.0,-0.06834085335022719,-0.06834085285663605
1ni00a4,train,ont_Tecnologia_Neutro,0.0,-0.27668578554642986,-0.27668577432632446
1nhexz0,train,ont_domain_density,0.25,3.338013355544709,3.3380134105682373
1nhexz0,train,ont_total_negativo_mentions,0.0,-0.21001172000820306,-0.21001172065734863
1nhexz0,train,ont_InteligenciaArtificial_Negativo,0.0,-0.19168298382244495,-0.19168297946453094
1nhexz0,train,ont_Innovacion_Neutro,0.0,-0.16443598256119465,-0.1644359827041626
1nhexz0,train,ont_Etica_Negativo,0.0,-0.06834085335022719,-0.06834085285663605
1nhexz0,train,ont_Tecnologia_Neutro,0.0,-0.27668578554642986,-0.27668577432632446
1nfdqnt,train,ont_domain_density,0.08333333333333333,0.3485731979436447,0.3485732078552246
1nfdqnt,train,ont_total_negativo_mentions,0.0,-0.21001172000820306,-0.21001172065734863
1nfdqnt,train,ont_InteligenciaArtificial_Negativo,0.0,-0.19168298382244495,-0.19168297946453094
1nfdqnt,train,ont_Innovacion_Neutro,0.0,-0.16443598256119465,-0.1644359827041626
1nfdqnt,train,ont_Etica_Negativo,0.0,-0.06834085335022719,-0.06834085285663605
1nfdqnt,train,ont_Tecnologia_Neutro,0.0,-0.27668578554642986,-0.27668577432632446
1nevhav,train,ont_domain_density,0.3333333333333333,4.832733434345241,4.832733631134033
1nevhav,train,ont_total_negativo_mentions,0.0,-0.21001172000820306,-0.21001172065734863
1nevhav,train,ont_InteligenciaArtificial_Negativo,0.0,-0.19168298382244495,-0.19168297946453094
1nevhav,train,ont_Innovacion_Neutro,0.0,-0.16443598256119465,-0.1644359827041626
1nevhav,train,ont_Etica_Negativo,0.0,-0.06834085335022719,-0.06834085285663605
1nevhav,train,ont_Tecnologia_Neutro,1.0,1.2450860349589343,1.2450860738754272
1nfmxev,train,ont_domain_density,0.08,0.28878439479162354,0.288784384727478
1nfmxev,train,ont_total_negativo_mentions,0.0,-0.21001172000820306,-0.21001172065734863
1nfmxev,train,ont_InteligenciaArtificial_Negativo,0.0,-0.19168298382244495,-0.19168297946453094
1nfmxev,train,ont_Innovacion_Neutro,0.0,-0.16443598256119465,-0.1644359827041626
1nfmxev,train,ont_Etica_Negativo,0.0,-0.06834085335022719,-0.06834085285663605
1nfmxev,train,ont_Tecnologia_Neutro,0.0,-0.27668578554642986,-0.27668577432632446
1nf24qu,train,ont_domain_density,0.08333333333333333,0.3485731979436447,0.3485732078552246
1nf24qu,train,ont_total_negativo_mentions,0.0,-0.21001172000820306,-0.21001172065734863
1nf24qu,train,ont_InteligenciaArtificial_Negativo,0.0,-0.19168298382244495,-0.19168297946453094
1nf24qu,train,ont_Innovacion_Neutro,0.0,-0.16443598256119465,-0.1644359827041626
1nf24qu,train,ont_Etica_Negativo,0.0,-0.06834085335022719,-0.06834085285663605
1nf24qu,train,ont_Tecnologia_Neutro,0.0,-0.27668578554642986,-0.27668577432632446
1nf709i,train,ont_domain_density,0.18181818181818182,2.115060563798819,2.115060567855835
1nf709i,train,ont_total_negativo_mentions,0.0,-0.21001172000820306,-0.21001172065734863
1nf709i,train,ont_InteligenciaArtificial_Negativo,0.0,-0.19168298382244495,-0.19168297946453094
1nf709i,train,ont_Innovacion_Neutro,0.0,-0.16443598256119465,-0.1644359827041626
1nf709i,train,ont_Etica_Negativo,0.0,-0.06834085335022719,-0.06834085285663605
1nf709i,train,ont_Tecnologia_Neutro,1.0,1.2450860349589343,1.2450860738754272
1nfbmpp,train,ont_domain_density,0.18181818181818182,2.115060563798819,2.115060567855835
1nfbmpp,train,ont_total_negativo_mentions,1.0,3.1226332794662324,3.122633218765259
1nfbmpp,train,ont_InteligenciaArtificial_Negativo,0.0,-0.19168298382244495,-0.19168297946453094
1nfbmpp,train,ont_Innovacion_Neutro,0.0,-0.16443598256119465,-0.1644359827041626
1nfbmpp,train,ont_Etica_Negativo,0.0,-0.06834085335022719,-0.06834085285663605
1nfbmpp,train,ont_Tecnologia_Neutro,1.0,1.2450860349589343,1.2450860738754272
1newp1g,train,ont_domain_density,0.1,0.6475172137037513,0.647517204284668
1newp1g,train,ont_total_negativo_mentions,0.0,-0.21001172000820306,-0.21001172065734863
1newp1g,train,ont_InteligenciaArtificial_Negativo,0.0,-0.19168298382244495,-0.19168297946453094
1newp1g,train,ont_Innovacion_Neutro,0.0,-0.16443598256119465,-0.1644359827041626
1newp1g,train,ont_Etica_Negativo,0.0,-0.06834085335022719,-0.06834085285663605
1newp1g,train,ont_Tecnologia_Neutro,1.0,1.2450860349589343,1.2450860738754272
1nfa5r0,train,ont_domain_density,0.05,-0.24931483357656795,-0.2493148297071457
1nfa5r0,train,ont_total_negativo_mentions,0.0,-0.21001172000820306,-0.21001172065734863
1nfa5r0,train,ont_InteligenciaArtificial_Negativo,0.0,-0.19168298382244495,-0.19168297946453094
1nfa5r0,train,ont_Innovacion_Neutro,0.0,-0.16443598256119465,-0.1644359827041626
1nfa5r0,train,ont_Etica_Negativo,0.0,-0.06834085335022719,-0.06834085285663605
1nfa5r0,train,ont_Tecnologia_Neutro,0.0,-0.27668578554642986,-0.27668577432632446
1nez1lx,train,ont_domain_density,0.16666666666666666,1.8432932767441765,1.843293309211731
1nez1lx,train,ont_total_negativo_mentions,0.0,-0.21001172000820306,-0.21001172065734863
1nez1lx,train,ont_InteligenciaArtificial_Negativo,0.0,-0.19168298382244495,-0.19168297946453094
1nez1lx,train,ont_Innovacion_Neutro,0.0,-0.16443598256119465,-0.1644359827041626
1nez1lx,train,ont_Etica_Negativo,0.0,-0.06834085335022719,-0.06834085285663605
1nez1lx,train,ont_Tecnologia_Neutro,0.0,-0.27668578554642986,-0.27668577432632446
1nf9isq,train,ont_domain_density,0.06666666666666667,0.04962918218353839,0.04962918162345886
1nf9isq,train,ont_total_negativo_mentions,0.0,-0.21001172000820306,-0.21001172065734863
1nf9isq,train,ont_InteligenciaArtificial_Negativo,0.0,-0.19168298382244495,-0.19168297946453094
1nf9isq,train,ont_Innovacion_Neutro,0.0,-0.16443598256119465,-0.1644359827041626
1nf9isq,train,ont_Etica_Negativo,0.0,-0.06834085335022719,-0.06834085285663605
1nf9isq,train,ont_Tecnologia_Neutro,0.0,-0.27668578554642986,-0.27668577432632446
1nf3rdq,train,ont_domain_density,0.045454545454545456,-0.3308450196929606,-0.33084502816200256
1nf3rdq,train,ont_total_negativo_mentions,2.0,6.455278278940668,6.455278396606445
1nf3rdq,train,ont_InteligenciaArtificial_Negativo,2.0,8.859494008378858,8.85949420928955
1nf3rdq,train,ont_Innovacion_Neutro,0.0,-0.16443598256119465,-0.1644359827041626
1nf3rdq,train,ont_Etica_Negativo,0.0,-0.06834085335022719,-0.06834085285663605
1nf3rdq,train,ont_Tecnologia_Neutro,0.0,-0.27668578554642986,-0.27668577432632446
1nfc8xw,train,ont_domain_density,0.13636363636363635,1.2997587026348922,1.2997586727142334
1nfc8xw,train,ont_total_negativo_mentions,0.0,-0.21001172000820306,-0.21001172065734863
1nfc8xw,train,ont_InteligenciaArtificial_Negativo,0.0,-0.19168298382244495,-0.19168297946453094
1nfc8xw,train,ont_Innovacion_Neutro,0.0,-0.16443598256119465,-0.1644359827041626
1nfc8xw,train,ont_Etica_Negativo,0.0,-0.06834085335022719,-0.06834085285663605
1nfc8xw,train,ont_Tecnologia_Neutro,0.0,-0.27668578554642986,-0.27668577432632446
1nf2g9q,train,ont_domain_density,0.0,-1.146146880856887,-1.1461468935012817
1nf2g9q,train,ont_total_negativo_mentions,0.0,-0.21001172000820306,-0.21001172065734863
1nf2g9q,train,ont_InteligenciaArtificial_Negativo,0.0,-0.19168298382244495,-0.19168297946453094
1nf2g9q,train,ont_Innovacion_Neutro,0.0,-0.16443598256119465,-0.1644359827041626
1nf2g9q,train,ont_Etica_Negativo,0.0,-0.06834085335022719,-0.06834085285663605
1nf2g9q,train,ont_Tecnologia_Neutro,0.0,-0.27668578554642986,-0.27668577432632446
1nf7j6k,train,ont_domain_density,0.1,0.6475172137037513,0.647517204284668
1nf7j6k,train,ont_total_negativo_mentions,0.0,-0.21001172000820306,-0.21001172065734863
1nf7j6k,train,ont_InteligenciaArtificial_Negativo,0.0,-0.19168298382244495,-0.19168297946453094
1nf7j6k,train,ont_Innovacion_Neutro,0.0,-0.16443598256119465,-0.1644359827041626
1nf7j6k,train,ont_Etica_Negativo,0.0,-0.06834085335022719,-0.06834085285663605
1nf7j6k,train,ont_Tecnologia_Neutro,0.0,-0.27668578554642986,-0.27668577432632446
1ngbahx,train,ont_domain_density,0.0625,-0.025106821756488196,-0.025106821209192276
1ngbahx,train,ont_total_negativo_mentions,0.0,-0.21001172000820306,-0.21001172065734863
1ngbahx,train,ont_InteligenciaArtificial_Negativo,0.0,-0.19168298382244495,-0.19168297946453094
1ngbahx,train,ont_Innovacion_Neutro,0.0,-0.16443598256119465,-0.1644359827041626
1ngbahx,train,ont_Etica_Negativo,0.0,-0.06834085335022719,-0.06834085285663605
1ngbahx,train,ont_Tecnologia_Neutro,0.0,-0.27668578554642986,-0.27668577432632446
1nfacvx,train,ont_domain_density,0.16666666666666666,1.8432932767441765,1.843293309211731
1nfacvx,train,ont_total_negativo_mentions,0.0,-0.21001172000820306,-0.21001172065734863
1nfacvx,train,ont_InteligenciaArtificial_Negativo,0.0,-0.19168298382244495,-0.19168297946453094
1nfacvx,train,ont_Innovacion_Neutro,0.0,-0.16443598256119465,-0.1644359827041626
1nfacvx,train,ont_Etica_Negativo,0.0,-0.06834085335022719,-0.06834085285663605
1nfacvx,train,ont_Tecnologia_Neutro,0.0,-0.27668578554642986,-0.27668577432632446
1ng9nv8,train,ont_domain_density,0.043478260869565216,-0.3662929267000879,-0.36629292368888855
1ng9nv8,train,ont_total_negativo_mentions,0.0,-0.21001172000820306,-0.21001172065734863
1ng9nv8,train,ont_InteligenciaArtificial_Negativo,0.0,-0.19168298382244495,-0.19168297946453094
1ng9nv8,train,ont_Innovacion_Neutro,0.0,-0.16443598256119465,-0.1644359827041626
1ng9nv8,train,ont_Etica_Negativo,0.0,-0.06834085335022719,-0.06834085285663605
1ng9nv8,train,ont_Tecnologia_Neutro,0.0,-0.27668578554642986,-0.27668577432632446
1nga6ls,train,ont_domain_density,0.041666666666666664,-0.39878684145662124,-0.39878684282302856
1nga6ls,train,ont_total_negativo_mentions,0.0,-0.21001172000820306,-0.21001172065734863
1nga6ls,train,ont_InteligenciaArtificial_Negativo,0.0,-0.19168298382244495,-0.19168297946453094
1nga6ls,train,ont_Innovacion_Neutro,0.0,-0.16443598256119465,-0.1644359827041626
1nga6ls,train,ont_Etica_Negativo,0.0,-0.06834085335022719,-0.06834085285663605
1nga6ls,train,ont_Tecnologia_Neutro,0.0,-0.27668578554642986,-0.27668577432632446
1nfxhsa,train,ont_domain_density,0.07692307692307693,0.23359473034360395,0.23359473049640656
1nfxhsa,train,ont_total_negativo_mentions,0.0,-0.21001172000820306,-0.21001172065734863
1nfxhsa,train,ont_InteligenciaArtificial_Negativo,0.0,-0.19168298382244495,-0.19168297946453094
1nfxhsa,train,ont_Innovacion_Neutro,0.0,-0.16443598256119465,-0.1644359827041626
1nfxhsa,train,ont_Etica_Negativo,0.0,-0.06834085335022719,-0.06834085285663605
1nfxhsa,train,ont_Tecnologia_Neutro,0.0,-0.27668578554642986,-0.27668577432632446
1ng2r6g,train,ont_domain_density,0.1,0.6475172137037513,0.647517204284668
1ng2r6g,train,ont_total_negativo_mentions,0.0,-0.21001172000820306,-0.21001172065734863
1ng2r6g,train,ont_InteligenciaArtificial_Negativo,0.0,-0.19168298382244495,-0.19168297946453094
1ng2r6g,train,ont_Innovacion_Neutro,0.0,-0.16443598256119465,-0.1644359827041626
1ng2r6g,train,ont_Etica_Negativo,0.0,-0.06834085335022719,-0.06834085285663605
1ng2r6g,train,ont_Tecnologia_Neutro,0.0,-0.27668578554642986,-0.27668577432632446
1ng3sbr,train,ont_domain_density,0.0625,-0.025106821756488196,-0.025106821209192276
1ng3sbr,train,ont_total_negativo_mentions,0.0,-0.21001172000820306,-0.21001172065734863
1ng3sbr,train,ont_InteligenciaArtificial_Negativo,0.0,-0.19168298382244495,-0.19168297946453094
1ng3sbr,train,ont_Innovacion_Neutro,0.0,-0.16443598256119465,-0.1644359827041626
1ng3sbr,train,ont_Etica_Negativo,0.0,-0.06834085335022719,-0.06834085285663605
1ng3sbr,train,ont_Tecnologia_Neutro,0.0,-0.27668578554642986,-0.27668577432632446
1nfq954,train,ont_domain_density,0.125,1.0959332373439108,1.095933198928833
1nfq954,train,ont_total_negativo_mentions,0.0,-0.21001172000820306,-0.21001172065734863
1nfq954,train,ont_InteligenciaArtificial_Negativo,0.0,-0.19168298382244495,-0.19168297946453094
1nfq954,train,ont_Innovacion_Neutro,0.0,-0.16443598256119465,-0.1644359827041626
1nfq954,train,ont_Etica_Negativo,0.0,-0.06834085335022719,-0.06834085285663605
1nfq954,train,ont_Tecnologia_Neutro,0.0,-0.27668578554642986,-0.27668577432632446
1ng6jht,train,ont_domain_density,0.1,0.6475172137037513,0.647517204284668
1ng6jht,train,ont_total_negativo_mentions,0.0,-0.21001172000820306,-0.21001172065734863
1ng6jht,train,ont_InteligenciaArtificial_Negativo,0.0,-0.19168298382244495,-0.19168297946453094
1ng6jht,train,ont_Innovacion_Neutro,0.0,-0.16443598256119465,-0.1644359827041626
1ng6jht,train,ont_Etica_Negativo,0.0,-0.06834085335022719,-0.06834085285663605
1ng6jht,train,ont_Tecnologia_Neutro,0.0,-0.27668578554642986,-0.27668577432632446
1ng14bz,train,ont_domain_density,0.2857142857142857,3.9786076750306507,3.978607654571533
1ng14bz,train,ont_total_negativo_mentions,0.0,-0.21001172000820306,-0.21001172065734863
1ng14bz,train,ont_InteligenciaArtificial_Negativo,0.0,-0.19168298382244495,-0.19168297946453094
1ng14bz,train,ont_Innovacion_Neutro,0.0,-0.16443598256119465,-0.1644359827041626
1ng14bz,train,ont_Etica_Negativo,0.0,-0.06834085335022719,-0.06834085285663605
1ng14bz,train,ont_Tecnologia_Neutro,0.0,-0.27668578554642986,-0.27668577432632446
1ngabok,train,ont_domain_density,0.1,0.6475172137037513,0.647517204284668
1ngabok,train,ont_total_negativo_mentions,0.0,-0.21001172000820306,-0.21001172065734863
1ngabok,train,ont_InteligenciaArtificial_Negativo,0.0,-0.19168298382244495,-0.19168297946453094
1ngabok,train,ont_Innovacion_Neutro,0.0,-0.16443598256119465,-0.1644359827041626
1ngabok,train,ont_Etica_Negativo,0.0,-0.06834085335022719,-0.06834085285663605
1ngabok,train,ont_Tecnologia_Neutro,0.0,-0.27668578554642986,-0.27668577432632446
1nfuj8y,train,ont_domain_density,0.125,1.0959332373439108,1.095933198928833
1nfuj8y,train,ont_total_negativo_mentions,1.0,3.1226332794662324,3.122633218765259
1nfuj8y,train,ont_InteligenciaArtificial_Negativo,1.0,4.333905512278206,4.3339056968688965
1nfuj8y,train,ont_Innovacion_Neutro,0.0,-0.16443598256119465,-0.1644359827041626
1nfuj8y,train,ont_Etica_Negativo,0.0,-0.06834085335022719,-0.06834085285663605
1nfuj8y,train,ont_Tecnologia_Neutro,0.0,-0.27668578554642986,-0.27668577432632446
1ngzmfd,train,ont_domain_density,0.06666666666666667,0.04962918218353839,0.04962918162345886
1ngzmfd,train,ont_total_negativo_mentions,0.0,-0.21001172000820306,-0.21001172065734863
1ngzmfd,train,ont_InteligenciaArtificial_Negativo,0.0,-0.19168298382244495,-0.19168297946453094
1ngzmfd,train,ont_Innovacion_Neutro,0.0,-0.16443598256119465,-0.1644359827041626
1ngzmfd,train,ont_Etica_Negativo,0.0,-0.06834085335022719,-0.06834085285663605
1ngzmfd,train,ont_Tecnologia_Neutro,0.0,-0.27668578554642986,-0.27668577432632446
1nh1jfu,train,ont_domain_density,0.1,0.6475172137037513,0.647517204284668
1nh1jfu,train,ont_total_negativo_mentions,0.0,-0.21001172000820306,-0.21001172065734863
1nh1jfu,train,ont_InteligenciaArtificial_Negativo,0.0,-0.19168298382244495,-0.19168297946453094
1nh1jfu,train,ont_Innovacion_Neutro,0.0,-0.16443598256119465,-0.1644359827041626
1nh1jfu,train,ont_Etica_Negativo,0.0,-0.06834085335022719,-0.06834085285663605
1nh1jfu,train,ont_Tecnologia_Neutro,0.0,-0.27668578554642986,-0.27668577432632446
1ngyvaw,train,ont_domain_density,0.09090909090909091,0.4844568414709659,0.4844568371772766
1ngyvaw,train,ont_total_negativo_mentions,0.0,-0.21001172000820306,-0.21001172065734863
1ngyvaw,train,ont_InteligenciaArtificial_Negativo,0.0,-0.19168298382244495,-0.19168297946453094
1ngyvaw,train,ont_Innovacion_Neutro,1.0,5.324323711205579,5.324323654174805
1ngyvaw,train,ont_Etica_Negativo,0.0,-0.06834085335022719,-0.06834085285663605
1ngyvaw,train,ont_Tecnologia_Neutro,0.0,-0.27668578554642986,-0.27668577432632446
1nglgh6,train,ont_domain_density,0.0625,-0.025106821756488196,-0.025106821209192276
1nglgh6,train,ont_total_negativo_mentions,0.0,-0.21001172000820306,-0.21001172065734863
1nglgh6,train,ont_InteligenciaArtificial_Negativo,0.0,-0.19168298382244495,-0.19168297946453094
1nglgh6,train,ont_Innovacion_Neutro,0.0,-0.16443598256119465,-0.1644359827041626
1nglgh6,train,ont_Etica_Negativo,0.0,-0.06834085335022719,-0.06834085285663605
1nglgh6,train,ont_Tecnologia_Neutro,0.0,-0.27668578554642986,-0.27668577432632446
1ngmbja,train,ont_domain_density,0.08333333333333333,0.3485731979436447,0.3485732078552246
1ngmbja,train,ont_total_negativo_mentions,0.0,-0.21001172000820306,-0.21001172065734863
1ngmbja,train,ont_InteligenciaArtificial_Negativo,0.0,-0.19168298382244495,-0.19168297946453094
1ngmbja,train,ont_Innovacion_Neutro,0.0,-0.16443598256119465,-0.1644359827041626
1ngmbja,train,ont_Etica_Negativo,0.0,-0.06834085335022719,-0.06834085285663605
1ngmbja,train,ont_Tecnologia_Neutro,0.0,-0.27668578554642986,-0.27668577432632446
1ngumvp,train,ont_domain_density,0.1,0.6475172137037513,0.647517204284668
1ngumvp,train,ont_total_negativo_mentions,0.0,-0.21001172000820306,-0.21001172065734863
1ngumvp,train,ont_InteligenciaArtificial_Negativo,0.0,-0.19168298382244495,-0.19168297946453094
1ngumvp,train,ont_Innovacion_Neutro,0.0,-0.16443598256119465,-0.1644359827041626
1ngumvp,train,ont_Etica_Negativo,0.0,-0.06834085335022719,-0.06834085285663605
1ngumvp,train,ont_Tecnologia_Neutro,0.0,-0.27668578554642986,-0.27668577432632446
1n58tsy,train,ont_domain_density,0.08333333333333333,0.3485731979436447,0.3485732078552246
1n58tsy,train,ont_total_negativo_mentions,0.0,-0.21001172000820306,-0.21001172065734863
1n58tsy,train,ont_InteligenciaArtificial_Negativo,0.0,-0.19168298382244495,-0.19168297946453094
1n58tsy,train,ont_Innovacion_Neutro,0.0,-0.16443598256119465,-0.1644359827041626
1n58tsy,train,ont_Etica_Negativo,0.0,-0.06834085335022719,-0.06834085285663605
1n58tsy,train,ont_Tecnologia_Neutro,0.0,-0.27668578554642986,-0.27668577432632446
1n5ayqj,train,ont_domain_density,0.15384615384615385,1.613336341544095,1.6133363246917725
1n5ayqj,train,ont_total_negativo_mentions,0.0,-0.21001172000820306,-0.21001172065734863
1n5ayqj,train,ont_InteligenciaArtificial_Negativo,0.0,-0.19168298382244495,-0.19168297946453094
1n5ayqj,train,ont_Innovacion_Neutro,0.0,-0.16443598256119465,-0.1644359827041626
1n5ayqj,train,ont_Etica_Negativo,0.0,-0.06834085335022719,-0.06834085285663605
1n5ayqj,train,ont_Tecnologia_Neutro,0.0,-0.27668578554642986,-0.27668577432632446
1n4q77v,train,ont_domain_density,0.0625,-0.025106821756488196,-0.025106821209192276
1n4q77v,train,ont_total_negativo_mentions,0.0,-0.21001172000820306,-0.21001172065734863
1n4q77v,train,ont_InteligenciaArtificial_Negativo,0.0,-0.19168298382244495,-0.19168297946453094
1n4q77v,train,ont_Innovacion_Neutro,0.0,-0.16443598256119465,-0.1644359827041626
1n4q77v,train,ont_Etica_Negativo,0.0,-0.06834085335022719,-0.06834085285663605
1n4q77v,train,ont_Tecnologia_Neutro,0.0,-0.27668578554642986,-0.27668577432632446
1n4wuyw,train,ont_domain_density,0.07692307692307693,0.23359473034360395,0.23359473049640656
1n4wuyw,train,ont_total_negativo_mentions,0.0,-0.21001172000820306,-0.21001172065734863
1n4wuyw,train,ont_InteligenciaArtificial_Negativo,0.0,-0.19168298382244495,-0.19168297946453094
1n4wuyw,train,ont_Innovacion_Neutro,0.0,-0.16443598256119465,-0.1644359827041626
1n4wuyw,train,ont_Etica_Negativo,0.0,-0.06834085335022719,-0.06834085285663605
1n4wuyw,train,ont_Tecnologia_Neutro,0.0,-0.27668578554642986,-0.27668577432632446
1n4sw5c,train,ont_domain_density,0.030303030303030304,-0.6026123067476028,-0.602612316608429
1n4sw5c,train,ont_total_negativo_mentions,0.0,-0.21001172000820306,-0.21001172065734863
1n4sw5c,train,ont_InteligenciaArtificial_Negativo,0.0,-0.19168298382244495,-0.19168297946453094
1n4sw5c,train,ont_Innovacion_Neutro,0.0,-0.16443598256119465,-0.1644359827041626
1n4sw5c,train,ont_Etica_Negativo,0.0,-0.06834085335022719,-0.06834085285663605
1n4sw5c,train,ont_Tecnologia_Neutro,0.0,-0.27668578554642986,-0.27668577432632446
1n4wff5,train,ont_domain_density,0.2222222222222222,2.8397733292778646,2.839773416519165
1n4wff5,train,ont_total_negativo_mentions,0.0,-0.21001172000820306,-0.21001172065734863
1n4wff5,train,ont_InteligenciaArtificial_Negativo,0.0,-0.19168298382244495,-0.19168297946453094
1n4wff5,train,ont_Innovacion_Neutro,0.0,-0.16443598256119465,-0.1644359827041626
1n4wff5,train,ont_Etica_Negativo,0.0,-0.06834085335022719,-0.06834085285663605
1n4wff5,train,ont_Tecnologia_Neutro,0.0,-0.27668578554642986,-0.27668577432632446
1n52x50,train,ont_domain_density,0.14285714285714285,1.4162303970868817,1.4162304401397705
1n52x50,train,ont_total_negativo_mentions,0.0,-0.21001172000820306,-0.21001172065734863
1n52x50,train,ont_InteligenciaArtificial_Negativo,0.0,-0.19168298382244495,-0.19168297946453094
1n52x50,train,ont_Innovacion_Neutro,0.0,-0.16443598256119465,-0.1644359827041626
1n52x50,train,ont_Etica_Negativo,0.0,-0.06834085335022719,-0.06834085285663605
1n52x50,train,ont_Tecnologia_Neutro,0.0,-0.27668578554642986,-0.27668577432632446
1n4tkrt,train,ont_domain_density,0.1,0.6475172137037513,0.647517204284668
1n4tkrt,train,ont_total_negativo_mentions,0.0,-0.21001172000820306,-0.21001172065734863
1n4tkrt,train,ont_InteligenciaArtificial_Negativo,0.0,-0.19168298382244495,-0.19168297946453094
1n4tkrt,train,ont_Innovacion_Neutro,0.0,-0.16443598256119465,-0.1644359827041626
1n4tkrt,train,ont_Etica_Negativo,0.0,-0.06834085335022719,-0.06834085285663605
1n4tkrt,train,ont_Tecnologia_Neutro,0.0,-0.27668578554642986,-0.27668577432632446
1n5213v,train,ont_domain_density,0.1,0.6475172137037513,0.647517204284668
1n5213v,train,ont_total_negativo_mentions,0.0,-0.21001172000820306,-0.21001172065734863
1n5213v,train,ont_InteligenciaArtificial_Negativo,0.0,-0.19168298382244495,-0.19168297946453094
1n5213v,train,ont_Innovacion_Neutro,0.0,-0.16443598256119465,-0.1644359827041626
1n5213v,train,ont_Etica_Negativo,0.0,-0.06834085335022719,-0.06834085285663605
1n5213v,train,ont_Tecnologia_Neutro,0.0,-0.27668578554642986,-0.27668577432632446
1n5dgd7,train,ont_domain_density,0.030303030303030304,-0.6026123067476028,-0.602612316608429
1n5dgd7,train,ont_total_negativo_mentions,0.0,-0.21001172000820306,-0.21001172065734863
1n5dgd7,train,ont_InteligenciaArtificial_Negativo,0.0,-0.19168298382244495,-0.19168297946453094
1n5dgd7,train,ont_Innovacion_Neutro,0.0,-0.16443598256119465,-0.1644359827041626
1n5dgd7,train,ont_Etica_Negativo,0.0,-0.06834085335022719,-0.06834085285663605
1n5dgd7,train,ont_Tecnologia_Neutro,0.0,-0.27668578554642986,-0.27668577432632446
1n4xzzy,train,ont_domain_density,0.07692307692307693,0.23359473034360395,0.23359473049640656
1n4xzzy,train,ont_total_negativo_mentions,0.0,-0.21001172000820306,-0.21001172065734863
1n4xzzy,train,ont_InteligenciaArtificial_Negativo,0.0,-0.19168298382244495,-0.19168297946453094
1n4xzzy,train,ont_Innovacion_Neutro,0.0,-0.16443598256119465,-0.1644359827041626
1n4xzzy,train,ont_Etica_Negativo,0.0,-0.06834085335022719,-0.06834085285663605
1n4xzzy,train,ont_Tecnologia_Neutro,1.0,1.2450860349589343,1.2450860738754272
1n4zdpo,train,ont_domain_density,0.2,2.44118130826439,2.4411814212799072
1n4zdpo,train,ont_total_negativo_mentions,0.0,-0.21001172000820306,-0.21001172065734863
1n4zdpo,train,ont_InteligenciaArtificial_Negativo,0.0,-0.19168298382244495,-0.19168297946453094
1n4zdpo,train,ont_Innovacion_Neutro,0.0,-0.16443598256119465,-0.1644359827041626
1n4zdpo,train,ont_Etica_Negativo,0.0,-0.06834085335022719,-0.06834085285663605
1n4zdpo,train,ont_Tecnologia_Neutro,0.0,-0.27668578554642986,-0.27668577432632446
1n4np3i,train,ont_domain_density,0.2222222222222222,2.8397733292778646,2.839773416519165
1n4np3i,train,ont_total_negativo_mentions,0.0,-0.21001172000820306,-0.21001172065734863
1n4np3i,train,ont_InteligenciaArtificial_Negativo,0.0,-0.19168298382244495,-0.19168297946453094
1n4np3i,train,ont_Innovacion_Neutro,0.0,-0.16443598256119465,-0.1644359827041626
1n4np3i,train,ont_Etica_Negativo,0.0,-0.06834085335022719,-0.06834085285663605
1n4np3i,train,ont_Tecnologia_Neutro,0.0,-0.27668578554642986,-0.27668577432632446
1n54z1g,train,ont_domain_density,0.14285714285714285,1.4162303970868817,1.4162304401397705
1n54z1g,train,ont_total_negativo_mentions,0.0,-0.21001172000820306,-0.21001172065734863
1n54z1g,train,ont_InteligenciaArtificial_Negativo,0.0,-0.19168298382244495,-0.19168297946453094
1n54z1g,train,ont_Innovacion_Neutro,0.0,-0.16443598256119465,-0.1644359827041626
1n54z1g,train,ont_Etica_Negativo,0.0,-0.06834085335022719,-0.06834085285663605
1n54z1g,train,ont_Tecnologia_Neutro,0.0,-0.27668578554642986,-0.27668577432632446
1n4b3hp,train,ont_domain_density,0.2857142857142857,3.9786076750306507,3.978607654571533
1n4b3hp,train,ont_total_negativo_mentions,0.0,-0.21001172000820306,-0.21001172065734863
1n4b3hp,train,ont_InteligenciaArtificial_Negativo,0.0,-0.19168298382244495,-0.19168297946453094
1n4b3hp,train,ont_Innovacion_Neutro,0.0,-0.16443598256119465,-0.1644359827041626
1n4b3hp,train,ont_Etica_Negativo,0.0,-0.06834085335022719,-0.06834085285663605
1n4b3hp,train,ont_Tecnologia_Neutro,0.0,-0.27668578554642986,-0.27668577432632446
1n49pk0,train,ont_domain_density,0.04081632653061224,-0.4140390871586675,-0.41403907537460327
1n49pk0,train,ont_total_negativo_mentions,0.0,-0.21001172000820306,-0.21001172065734863
1n49pk0,train,ont_InteligenciaArtificial_Negativo,0.0,-0.19168298382244495,-0.19168297946453094
1n49pk0,train,ont_Innovacion_Neutro,0.0,-0.16443598256119465,-0.1644359827041626
1n49pk0,train,ont_Etica_Negativo,0.0,-0.06834085335022719,-0.06834085285663605
1n49pk0,train,ont_Tecnologia_Neutro,0.0,-0.27668578554642986,-0.27668577432632446
1n4hnhk,train,ont_domain_density,0.0,-1.146146880856887,-1.1461468935012817
1n4hnhk,train,ont_total_negativo_mentions,0.0,-0.21001172000820306,-0.21001172065734863
1n4hnhk,train,ont_InteligenciaArtificial_Negativo,0.0,-0.19168298382244495,-0.19168297946453094
1n4hnhk,train,ont_Innovacion_Neutro,0.0,-0.16443598256119465,-0.1644359827041626
1n4hnhk,train,ont_Etica_Negativo,0.0,-0.06834085335022719,-0.06834085285663605
1n4hnhk,train,ont_Tecnologia_Neutro,0.0,-0.27668578554642986,-0.27668577432632446
1n4d5e4,train,ont_domain_density,0.23076923076923078,2.9930779527445863,2.9930779933929443
1n4d5e4,train,ont_total_negativo_mentions,0.0,-0.21001172000820306,-0.21001172065734863
1n4d5e4,train,ont_InteligenciaArtificial_Negativo,0.0,-0.19168298382244495,-0.19168297946453094
1n4d5e4,train,ont_Innovacion_Neutro,0.0,-0.16443598256119465,-0.1644359827041626
1n4d5e4,train,ont_Etica_Negativo,0.0,-0.06834085335022719,-0.06834085285663605
1n4d5e4,train,ont_Tecnologia_Neutro,0.0,-0.27668578554642986,-0.27668577432632446
1n4bba0,train,ont_domain_density,0.125,1.0959332373439108,1.095933198928833
1n4bba0,train,ont_total_negativo_mentions,0.0,-0.21001172000820306,-0.21001172065734863
1n4bba0,train,ont_InteligenciaArtificial_Negativo,0.0,-0.19168298382244495,-0.19168297946453094
1n4bba0,train,ont_Innovacion_Neutro,0.0,-0.16443598256119465,-0.1644359827041626
1n4bba0,train,ont_Etica_Negativo,0.0,-0.06834085335022719,-0.06834085285663605
1n4bba0,train,ont_Tecnologia_Neutro,0.0,-0.27668578554642986,-0.27668577432632446
1n9pgrr,train,ont_domain_density,0.0625,-0.025106821756488196,-0.025106821209192276
1n9pgrr,train,ont_total_negativo_mentions,0.0,-0.21001172000820306,-0.21001172065734863
1n9pgrr,train,ont_InteligenciaArtificial_Negativo,0.0,-0.19168298382244495,-0.19168297946453094
1n9pgrr,train,ont_Innovacion_Neutro,0.0,-0.16443598256119465,-0.1644359827041626
1n9pgrr,train,ont_Etica_Negativo,0.0,-0.06834085335022719,-0.06834085285663605
1n9pgrr,train,ont_Tecnologia_Neutro,0.0,-0.27668578554642986,-0.27668577432632446
1neopeq,train,ont_domain_density,0.11764705882352941,0.9640461715673933,0.9640461802482605
1neopeq,train,ont_total_negativo_mentions,0.0,-0.21001172000820306,-0.21001172065734863
1neopeq,train,ont_InteligenciaArtificial_Negativo,0.0,-0.19168298382244495,-0.19168297946453094
1neopeq,train,ont_Innovacion_Neutro,0.0,-0.16443598256119465,-0.1644359827041626
1neopeq,train,ont_Etica_Negativo,0.0,-0.06834085335022719,-0.06834085285663605
1neopeq,train,ont_Tecnologia_Neutro,0.0,-0.27668578554642986,-0.27668577432632446
1netm0h,train,ont_domain_density,0.07692307692307693,0.23359473034360395,0.23359473049640656
1netm0h,train,ont_total_negativo_mentions,0.0,-0.21001172000820306,-0.21001172065734863
1netm0h,train,ont_InteligenciaArtificial_Negativo,0.0,-0.19168298382244495,-0.19168297946453094
1netm0h,train,ont_Innovacion_Neutro,0.0,-0.16443598256119465,-0.1644359827041626
1netm0h,train,ont_Etica_Negativo,0.0,-0.06834085335022719,-0.06834085285663605
1netm0h,train,ont_Tecnologia_Neutro,0.0,-0.27668578554642986,-0.27668577432632446
1neer1i,train,ont_domain_density,0.08333333333333333,0.3485731979436447,0.3485732078552246
1neer1i,train,ont_total_negativo_mentions,0.0,-0.21001172000820306,-0.21001172065734863
1neer1i,train,ont_InteligenciaArtificial_Negativo,0.0,-0.19168298382244495,-0.19168297946453094
1neer1i,train,ont_Innovacion_Neutro,0.0,-0.16443598256119465,-0.1644359827041626
1neer1i,train,ont_Etica_Negativo,0.0,-0.06834085335022719,-0.06834085285663605
1neer1i,train,ont_Tecnologia_Neutro,0.0,-0.27668578554642986,-0.27668577432632446
1nesabq,train,ont_domain_density,0.2,2.44118130826439,2.4411814212799072
1nesabq,train,ont_total_negativo_mentions,0.0,-0.21001172000820306,-0.21001172065734863
1nesabq,train,ont_InteligenciaArtificial_Negativo,0.0,-0.19168298382244495,-0.19168297946453094
1nesabq,train,ont_Innovacion_Neutro,0.0,-0.16443598256119465,-0.1644359827041626
1nesabq,train,ont_Etica_Negativo,0.0,-0.06834085335022719,-0.06834085285663605
1nesabq,train,ont_Tecnologia_Neutro,0.0,-0.27668578554642986,-0.27668577432632446
1nedc4s,train,ont_domain_density,0.014084507042253521,-0.8935181351441212,-0.8935181498527527
1nedc4s,train,ont_total_negativo_mentions,0.0,-0.21001172000820306,-0.21001172065734863
1nedc4s,train,ont_InteligenciaArtificial_Negativo,0.0,-0.19168298382244495,-0.19168297946453094
1nedc4s,train,ont_Innovacion_Neutro,0.0,-0.16443598256119465,-0.1644359827041626
1nedc4s,train,ont_Etica_Negativo,0.0,-0.06834085335022719,-0.06834085285663605
1nedc4s,train,ont_Tecnologia_Neutro,0.0,-0.27668578554642986,-0.27668577432632446
1neewu3,train,ont_domain_density,0.1111111111111111,0.8468132242104887,0.8468132019042969
1neewu3,train,ont_total_negativo_mentions,0.0,-0.21001172000820306,-0.21001172065734863
1neewu3,train,ont_InteligenciaArtificial_Negativo,0.0,-0.19168298382244495,-0.19168297946453094
1neewu3,train,ont_Innovacion_Neutro,0.0,-0.16443598256119465,-0.1644359827041626
1neewu3,train,ont_Etica_Negativo,0.0,-0.06834085335022719,-0.06834085285663605
1neewu3,train,ont_Tecnologia_Neutro,0.0,-0.27668578554642986,-0.27668577432632446
1nemzvd,train,ont_domain_density,0.02702702702702703,-0.6613728012459038,-0.6613727807998657
1nemzvd,train,ont_total_negativo_mentions,0.0,-0.21001172000820306,-0.21001172065734863
1nemzvd,train,ont_InteligenciaArtificial_Negativo,0.0,-0.19168298382244495,-0.19168297946453094
1nemzvd,train,ont_Innovacion_Neutro,0.0,-0.16443598256119465,-0.1644359827041626
1nemzvd,train,ont_Etica_Negativo,0.0,-0.06834085335022719,-0.06834085285663605
1nemzvd,train,ont_Tecnologia_Neutro,0.0,-0.27668578554642986,-0.27668577432632446
1ne8sov,train,ont_domain_density,0.0036496350364963502,-1.0806846876247471,-1.0806846618652344
1ne8sov,train,ont_total_negativo_mentions,0.0,-0.21001172000820306,-0.21001172065734863
1ne8sov,train,ont_InteligenciaArtificial_Negativo,0.0,-0.19168298382244495,-0.19168297946453094
1ne8sov,train,ont_Innovacion_Neutro,0.0,-0.16443598256119465,-0.1644359827041626
1ne8sov,train,ont_Etica_Negativo,0.0,-0.06834085335022719,-0.06834085285663605
1ne8sov,train,ont_Tecnologia_Neutro,0.0,-0.27668578554642986,-0.27668577432632446
1neu4r9,train,ont_domain_density,0.05970149253731343,-0.07530264529829712,-0.07530264556407928
1neu4r9,train,ont_total_negativo_mentions,0.0,-0.21001172000820306,-0.21001172065734863
1neu4r9,train,ont_InteligenciaArtificial_Negativo,0.0,-0.19168298382244495,-0.19168297946453094
1neu4r9,train,ont_Innovacion_Neutro,0.0,-0.16443598256119465,-0.1644359827041626
1neu4r9,train,ont_Etica_Negativo,0.0,-0.06834085335022719,-0.06834085285663605
1neu4r9,train,ont_Tecnologia_Neutro,6.0,8.853945137485756,8.853944778442383
1nedj4p,train,ont_domain_density,0.0625,-0.025106821756488196,-0.025106821209192276
1nedj4p,train,ont_total_negativo_mentions,0.0,-0.21001172000820306,-0.21001172065734863
1nedj4p,train,ont_InteligenciaArtificial_Negativo,0.0,-0.19168298382244495,-0.19168297946453094
1nedj4p,train,ont_Innovacion_Neutro,0.0,-0.16443598256119465,-0.1644359827041626
1nedj4p,train,ont_Etica_Negativo,0.0,-0.06834085335022719,-0.06834085285663605
1nedj4p,train,ont_Tecnologia_Neutro,0.0,-0.27668578554642986,-0.27668577432632446
1nipc4n,train,ont_domain_density,0.056179775280898875,-0.13847042323855105,-0.13847042620182037
1nipc4n,train,ont_total_negativo_mentions,1.0,3.1226332794662324,3.122633218765259
1nipc4n,train,ont_InteligenciaArtificial_Negativo,0.0,-0.19168298382244495,-0.19168297946453094
1nipc4n,train,ont_Innovacion_Neutro,0.0,-0.16443598256119465,-0.1644359827041626
1nipc4n,train,ont_Etica_Negativo,1.0,10.957316820486426,10.957316398620605
1nipc4n,train,ont_Tecnologia_Neutro,0.0,-0.27668578554642986,-0.27668577432632446
1nic1p7,train,ont_domain_density,0.05128205128205128,-0.22631914005655984,-0.22631913423538208
1nic1p7,train,ont_total_negativo_mentions,0.0,-0.21001172000820306,-0.21001172065734863
1nic1p7,train,ont_InteligenciaArtificial_Negativo,0.0,-0.19168298382244495,-0.19168297946453094
1nic1p7,train,ont_Innovacion_Neutro,0.0,-0.16443598256119465,-0.1644359827041626
1nic1p7,train,ont_Etica_Negativo,0.0,-0.06834085335022719,-0.06834085285663605
1nic1p7,train,ont_Tecnologia_Neutro,0.0,-0.27668578554642986,-0.27668577432632446
1nil1oj,train,ont_domain_density,0.09090909090909091,0.4844568414709659,0.4844568371772766
1nil1oj,train,ont_total_negativo_mentions,0.0,-0.21001172000820306,-0.21001172065734863
1nil1oj,train,ont_InteligenciaArtificial_Negativo,0.0,-0.19168298382244495,-0.19168297946453094
1nil1oj,train,ont_Innovacion_Neutro,0.0,-0.16443598256119465,-0.1644359827041626
1nil1oj,train,ont_Etica_Negativo,0.0,-0.06834085335022719,-0.06834085285663605
1nil1oj,train,ont_Tecnologia_Neutro,0.0,-0.27668578554642986,-0.27668577432632446
1nj15sh,train,ont_domain_density,0.03614457831325301,-0.4978345575217167,-0.49783456325531006
1nj15sh,train,ont_total_negativo_mentions,0.0,-0.21001172000820306,-0.21001172065734863
1nj15sh,train,ont_InteligenciaArtificial_Negativo,0.0,-0.19168298382244495,-0.19168297946453094
1nj15sh,train,ont_Innovacion_Neutro,0.0,-0.16443598256119465,-0.1644359827041626
1nj15sh,train,ont_Etica_Negativo,0.0,-0.06834085335022719,-0.06834085285663605
1nj15sh,train,ont_Tecnologia_Neutro,0.0,-0.27668578554642986,-0.27668577432632446
1nj3r76,train,ont_domain_density,0.04411764705882353,-0.35482448619778195,-0.3548244833946228
1nj3r76,train,ont_total_negativo_mentions,0.0,-0.21001172000820306,-0.21001172065734863
1nj3r76,train,ont_InteligenciaArtificial_Negativo,0.0,-0.19168298382244495,-0.19168297946453094
1nj3r76,train,ont_Innovacion_Neutro,0.0,-0.16443598256119465,-0.1644359827041626
1nj3r76,train,ont_Etica_Negativo,0.0,-0.06834085335022719,-0.06834085285663605
1nj3r76,train,ont_Tecnologia_Neutro,11.0,16.462804240012577,16.462804794311523
1nicdse,train,ont_domain_density,0.1111111111111111,0.8468132242104887,0.8468132019042969
1nicdse,train,ont_total_negativo_mentions,0.0,-0.21001172000820306,-0.21001172065734863
1nicdse,train,ont_InteligenciaArtificial_Negativo,0.0,-0.19168298382244495,-0.19168297946453094
1nicdse,train,ont_Innovacion_Neutro,0.0,-0.16443598256119465,-0.1644359827041626
1nicdse,train,ont_Etica_Negativo,0.0,-0.06834085335022719,-0.06834085285663605
1nicdse,train,ont_Tecnologia_Neutro,0.0,-0.27668578554642986,-0.27668577432632446
1nifd7f,train,ont_domain_density,0.010471204188481676,-0.9583286510599617,-0.9583286643028259
1nifd7f,train,ont_total_negativo_mentions,0.0,-0.21001172000820306,-0.21001172065734863
1nifd7f,train,ont_InteligenciaArtificial_Negativo,0.0,-0.19168298382244495,-0.19168297946453094
1nifd7f,train,ont_Innovacion_Neutro,0.0,-0.16443598256119465,-0.1644359827041626
1nifd7f,train,ont_Etica_Negativo,0.0,-0.06834085335022719,-0.06834085285663605
1nifd7f,train,ont_Tecnologia_Neutro,0.0,-0.27668578554642986,-0.27668577432632446
1niibtk,train,ont_domain_density,0.00684931506849315,-1.0232931757499941,-1.023293137550354
1niibtk,train,ont_total_negativo_mentions,0.0,-0.21001172000820306,-0.21001172065734863
1niibtk,train,ont_InteligenciaArtificial_Negativo,0.0,-0.19168298382244495,-0.19168297946453094
1niibtk,train,ont_Innovacion_Neutro,0.0,-0.16443598256119465,-0.1644359827041626
1niibtk,train,ont_Etica_Negativo,0.0,-0.06834085335022719,-0.06834085285663605
1niibtk,train,ont_Tecnologia_Neutro,0.0,-0.27668578554642986,-0.27668577432632446
1ni9pn9,train,ont_domain_density,0.007079646017699115,-1.019161812215426,-1.0191618204116821
1ni9pn9,train,ont_total_negativo_mentions,0.0,-0.21001172000820306,-0.21001172065734863
1ni9pn9,train,ont_InteligenciaArtificial_Negativo,0.0,-0.19168298382244495,-0.19168297946453094
1ni9pn9,train,ont_Innovacion_Neutro,0.0,-0.16443598256119465,-0.1644359827041626
1ni9pn9,train,ont_Etica_Negativo,0.0,-0.06834085335022719,-0.06834085285663605
1ni9pn9,train,ont_Tecnologia_Neutro,0.0,-0.27668578554642986,-0.27668577432632446
1nij9up,train,ont_domain_density,0.09090909090909091,0.4844568414709659,0.4844568371772766
1nij9up,train,ont_total_negativo_mentions,0.0,-0.21001172000820306,-0.21001172065734863
1nij9up,train,ont_InteligenciaArtificial_Negativo,0.0,-0.19168298382244495,-0.19168297946453094
1nij9up,train,ont_Innovacion_Neutro,0.0,-0.16443598256119465,-0.1644359827041626
1nij9up,train,ont_Etica_Negativo,0.0,-0.06834085335022719,-0.06834085285663605
1nij9up,train,ont_Tecnologia_Neutro,0.0,-0.27668578554642986,-0.27668577432632446
1nickn8,train,ont_domain_density,0.03125,-0.5856268513066877,-0.5856268405914307
1nickn8,train,ont_total_negativo_mentions,0.0,-0.21001172000820306,-0.21001172065734863
1nickn8,train,ont_InteligenciaArtificial_Negativo,0.0,-0.19168298382244495,-0.19168297946453094
1nickn8,train,ont_Innovacion_Neutro,0.0,-0.16443598256119465,-0.1644359827041626
1nickn8,train,ont_Etica_Negativo,0.0,-0.06834085335022719,-0.06834085285663605
1nickn8,train,ont_Tecnologia_Neutro,1.0,1.2450860349589343,1.2450860738754272
1nj5p3m,train,ont_domain_density,0.05263157894736842,-0.20211314687760387,-0.20211315155029297
1nj5p3m,train,ont_total_negativo_mentions,0.0,-0.21001172000820306,-0.21001172065734863
1nj5p3m,train,ont_InteligenciaArtificial_Negativo,0.0,-0.19168298382244495,-0.19168297946453094
1nj5p3m,train,ont_Innovacion_Neutro,0.0,-0.16443598256119465,-0.1644359827041626
1nj5p3m,train,ont_Etica_Negativo,0.0,-0.06834085335022719,-0.06834085285663605
1nj5p3m,train,ont_Tecnologia_Neutro,0.0,-0.27668578554642986,-0.27668577432632446
1njfwj4,train,ont_domain_density,0.09090909090909091,0.4844568414709659,0.4844568371772766
1njfwj4,train,ont_total_negativo_mentions,0.0,-0.21001172000820306,-0.21001172065734863
1njfwj4,train,ont_InteligenciaArtificial_Negativo,0.0,-0.19168298382244495,-0.19168297946453094
1njfwj4,train,ont_Innovacion_Neutro,0.0,-0.16443598256119465,-0.1644359827041626
1njfwj4,train,ont_Etica_Negativo,0.0,-0.06834085335022719,-0.06834085285663605
1njfwj4,train,ont_Tecnologia_Neutro,0.0,-0.27668578554642986,-0.27668577432632446
1njkza8,train,ont_domain_density,0.045454545454545456,-0.3308450196929606,-0.33084502816200256
1njkza8,train,ont_total_negativo_mentions,0.0,-0.21001172000820306,-0.21001172065734863
1njkza8,train,ont_InteligenciaArtificial_Negativo,0.0,-0.19168298382244495,-0.19168297946453094
1njkza8,train,ont_Innovacion_Neutro,0.0,-0.16443598256119465,-0.1644359827041626
1njkza8,train,ont_Etica_Negativo,0.0,-0.06834085335022719,-0.06834085285663605
1njkza8,train,ont_Tecnologia_Neutro,0.0,-0.27668578554642986,-0.27668577432632446
1njb5ya,train,ont_domain_density,0.018018018018018018,-0.8229641611162316,-0.8229641318321228
1njb5ya,train,ont_total_negativo_mentions,0.0,-0.21001172000820306,-0.21001172065734863
1njb5ya,train,ont_InteligenciaArtificial_Negativo,0.0,-0.19168298382244495,-0.19168297946453094
1njb5ya,train,ont_Innovacion_Neutro,0.0,-0.16443598256119465,-0.1644359827041626
1njb5ya,train,ont_Etica_Negativo,0.0,-0.06834085335022719,-0.06834085285663605
1njb5ya,train,ont_Tecnologia_Neutro,0.0,-0.27668578554642986,-0.27668577432632446
1njjldd,train,ont_domain_density,0.018404907975460124,-0.8160246548641316,-0.816024661064148
1njjldd,train,ont_total_negativo_mentions,0.0,-0.21001172000820306,-0.21001172065734863
1njjldd,train,ont_InteligenciaArtificial_Negativo,0.0,-0.19168298382244495,-0.19168297946453094
1njjldd,train,ont_Innovacion_Neutro,0.0,-0.16443598256119465,-0.1644359827041626
1njjldd,train,ont_Etica_Negativo,0.0,-0.06834085335022719,-0.06834085285663605
1njjldd,train,ont_Tecnologia_Neutro,4.0,5.810401496475027,5.810401439666748
1njblno,train,ont_domain_density,0.006578947368421052,-1.0281426641094766,-1.0281426906585693
1njblno,train,ont_total_negativo_mentions,1.0,3.1226332794662324,3.122633218765259
1njblno,train,ont_InteligenciaArtificial_Negativo,1.0,4.333905512278206,4.3339056968688965
1njblno,train,ont_Innovacion_Neutro,0.0,-0.16443598256119465,-0.1644359827041626
1njblno,train,ont_Etica_Negativo,0.0,-0.06834085335022719,-0.06834085285663605
1njblno,train,ont_Tecnologia_Neutro,0.0,-0.27668578554642986,-0.27668577432632446
1njf1ag,train,ont_domain_density,0.14285714285714285,1.4162303970868817,1.4162304401397705
1njf1ag,train,ont_total_negativo_mentions,0.0,-0.21001172000820306,-0.21001172065734863
1njf1ag,train,ont_InteligenciaArtificial_Negativo,0.0,-0.19168298382244495,-0.19168297946453094
1njf1ag,train,ont_Innovacion_Neutro,0.0,-0.16443598256119465,-0.1644359827041626
1njf1ag,train,ont_Etica_Negativo,0.0,-0.06834085335022719,-0.06834085285663605
1njf1ag,train,ont_Tecnologia_Neutro,0.0,-0.27668578554642986,-0.27668577432632446
1nda6x4,train,ont_domain_density,0.038461538461538464,-0.4562760752566416,-0.4562760889530182
1nda6x4,train,ont_total_negativo_mentions,0.0,-0.21001172000820306,-0.21001172065734863
1nda6x4,train,ont_InteligenciaArtificial_Negativo,0.0,-0.19168298382244495,-0.19168297946453094
1nda6x4,train,ont_Innovacion_Neutro,0.0,-0.16443598256119465,-0.1644359827041626
1nda6x4,train,ont_Etica_Negativo,0.0,-0.06834085335022719,-0.06834085285663605
1nda6x4,train,ont_Tecnologia_Neutro,0.0,-0.27668578554642986,-0.27668577432632446
1ndwdj1,train,ont_domain_density,0.01694915254237288,-0.8421360173720333,-0.842136025428772
1ndwdj1,train,ont_total_negativo_mentions,0.0,-0.21001172000820306,-0.21001172065734863
1ndwdj1,train,ont_InteligenciaArtificial_Negativo,0.0,-0.19168298382244495,-0.19168297946453094
1ndwdj1,train,ont_Innovacion_Neutro,0.0,-0.16443598256119465,-0.1644359827041626
1ndwdj1,train,ont_Etica_Negativo,0.0,-0.06834085335022719,-0.06834085285663605
1ndwdj1,train,ont_Tecnologia_Neutro,0.0,-0.27668578554642986,-0.27668577432632446
1nddslu,train,ont_domain_density,0.03225806451612903,-0.5675455600308748,-0.5675455331802368
1nddslu,train,ont_total_negativo_mentions,0.0,-0.21001172000820306,-0.21001172065734863
1nddslu,train,ont_InteligenciaArtificial_Negativo,0.0,-0.19168298382244495,-0.19168297946453094
1nddslu,train,ont_Innovacion_Neutro,0.0,-0.16443598256119465,-0.1644359827041626
1nddslu,train,ont_Etica_Negativo,0.0,-0.06834085335022719,-0.06834085285663605
1nddslu,train,ont_Tecnologia_Neutro,0.0,-0.27668578554642986,-0.27668577432632446
1ndczym,train,ont_domain_density,0.14285714285714285,1.4162303970868817,1.4162304401397705
1ndczym,train,ont_total_negativo_mentions,0.0,-0.21001172000820306,-0.21001172065734863
1ndczym,train,ont_InteligenciaArtificial_Negativo,0.0,-0.19168298382244495,-0.19168297946453094
1ndczym,train,ont_Innovacion_Neutro,0.0,-0.16443598256119465,-0.1644359827041626
1ndczym,train,ont_Etica_Negativo,0.0,-0.06834085335022719,-0.06834085285663605
1ndczym,train,ont_Tecnologia_Neutro,0.0,-0.27668578554642986,-0.27668577432632446
1nan5mc,train,ont_domain_density,0.1,0.6475172137037513,0.647517204284668
1nan5mc,train,ont_total_negativo_mentions,1.0,3.1226332794662324,3.122633218765259
1nan5mc,train,ont_InteligenciaArtificial_Negativo,1.0,4.333905512278206,4.3339056968688965
1nan5mc,train,ont_Innovacion_Neutro,0.0,-0.16443598256119465,-0.1644359827041626
1nan5mc,train,ont_Etica_Negativo,0.0,-0.06834085335022719,-0.06834085285663605
1nan5mc,train,ont_Tecnologia_Neutro,0.0,-0.27668578554642986,-0.27668577432632446
1naob47,train,ont_domain_density,0.058823529411764705,-0.09105035464474698,-0.09105035662651062
1naob47,train,ont_total_negativo_mentions,0.0,-0.21001172000820306,-0.21001172065734863
1naob47,train,ont_InteligenciaArtificial_Negativo,0.0,-0.19168298382244495,-0.19168297946453094
1naob47,train,ont_Innovacion_Neutro,0.0,-0.16443598256119465,-0.1644359827041626
1naob47,train,ont_Etica_Negativo,0.0,-0.06834085335022719,-0.06834085285663605
1naob47,train,ont_Tecnologia_Neutro,0.0,-0.27668578554642986,-0.27668577432632446
1ncsu6k,train,ont_domain_density,0.0057553956834532375,-1.0429144149828937,-1.0429143905639648
1ncsu6k,train,ont_total_negativo_mentions,0.0,-0.21001172000820306,-0.21001172065734863
1ncsu6k,train,ont_InteligenciaArtificial_Negativo,0.0,-0.19168298382244495,-0.19168297946453094
1ncsu6k,train,ont_Innovacion_Neutro,0.0,-0.16443598256119465,-0.1644359827041626
1ncsu6k,train,ont_Etica_Negativo,0.0,-0.06834085335022719,-0.06834085285663605
1ncsu6k,train,ont_Tecnologia_Neutro,5.0,7.332173316980391,7.3321733474731445
1nb22ll,train,ont_domain_density,0.021739130434782608,-0.7562199037784875,-0.7562199234962463
1nb22ll,train,ont_total_negativo_mentions,0.0,-0.21001172000820306,-0.21001172065734863
1nb22ll,train,ont_InteligenciaArtificial_Negativo,0.0,-0.19168298382244495,-0.19168297946453094
1nb22ll,train,ont_Innovacion_Neutro,0.0,-0.16443598256119465,-0.1644359827041626
1nb22ll,train,ont_Etica_Negativo,0.0,-0.06834085335022719,-0.06834085285663605
1nb22ll,train,ont_Tecnologia_Neutro,0.0,-0.27668578554642986,-0.27668577432632446
1ncdjhy,train,ont_domain_density,0.07692307692307693,0.23359473034360395,0.23359473049640656
1ncdjhy,train,ont_total_negativo_mentions,0.0,-0.21001172000820306,-0.21001172065734863
1ncdjhy,train,ont_InteligenciaArtificial_Negativo,0.0,-0.19168298382244495,-0.19168297946453094
1ncdjhy,train,ont_Innovacion_Neutro,0.0,-0.16443598256119465,-0.1644359827041626
1ncdjhy,train,ont_Etica_Negativo,0.0,-0.06834085335022719,-0.06834085285663605
1ncdjhy,train,ont_Tecnologia_Neutro,0.0,-0.27668578554642986,-0.27668577432632446
1ncm8tt,train,ont_domain_density,0.017094017094017096,-0.8395376339234447,-0.8395376205444336
1ncm8tt,train,ont_total_negativo_mentions,0.0,-0.21001172000820306,-0.21001172065734863
1ncm8tt,train,ont_InteligenciaArtificial_Negativo,0.0,-0.19168298382244495,-0.19168297946453094
1ncm8tt,train,ont_Innovacion_Neutro,0.0,-0.16443598256119465,-0.1644359827041626
1ncm8tt,train,ont_Etica_Negativo,0.0,-0.06834085335022719,-0.06834085285663605
1ncm8tt,train,ont_Tecnologia_Neutro,2.0,2.7668578554642984,2.766857862472534
1nb8rrb,train,ont_domain_density,0.007751937984496124,-1.0071031525963725,-1.0071032047271729
1nb8rrb,train,ont_total_negativo_mentions,0.0,-0.21001172000820306,-0.21001172065734863
1nb8rrb,train,ont_InteligenciaArtificial_Negativo,0.0,-0.19168298382244495,-0.19168297946453094
1nb8rrb,train,ont_Innovacion_Neutro,0.0,-0.16443598256119465,-0.1644359827041626
1nb8rrb,train,ont_Etica_Negativo,0.0,-0.06834085335022719,-0.06834085285663605
1nb8rrb,train,ont_Tecnologia_Neutro,0.0,-0.27668578554642986,-0.27668577432632446
1nctj8s,train,ont_domain_density,0.009157509157509158,-0.9818919271425429,-0.981891930103302
1nctj8s,train,ont_total_negativo_mentions,0.0,-0.21001172000820306,-0.21001172065734863
1nctj8s,train,ont_InteligenciaArtificial_Negativo,0.0,-0.19168298382244495,-0.19168297946453094
1nctj8s,train,ont_Innovacion_Neutro,0.0,-0.16443598256119465,-0.1644359827041626
1nctj8s,train,ont_Etica_Negativo,0.0,-0.06834085335022719,-0.06834085285663605
1nctj8s,train,ont_Tecnologia_Neutro,0.0,-0.27668578554642986,-0.27668577432632446
1ncpbhw,train,ont_domain_density,0.125,1.0959332373439108,1.095933198928833
1ncpbhw,train,ont_total_negativo_mentions,0.0,-0.21001172000820306,-0.21001172065734863
1ncpbhw,train,ont_InteligenciaArtificial_Negativo,0.0,-0.19168298382244495,-0.19168297946453094
1ncpbhw,train,ont_Innovacion_Neutro,0.0,-0.16443598256119465,-0.1644359827041626
1ncpbhw,train,ont_Etica_Negativo,0.0,-0.06834085335022719,-0.06834085285663605
1ncpbhw,train,ont_Tecnologia_Neutro,0.0,-0.27668578554642986,-0.27668577432632446
1ncr4kq,train,ont_domain_density,0.02027027027027027,-0.7825663211486497,-0.7825663089752197
1ncr4kq,train,ont_total_negativo_mentions,0.0,-0.21001172000820306,-0.21001172065734863
1ncr4kq,train,ont_InteligenciaArtificial_Negativo,0.0,-0.19168298382244495,-0.19168297946453094
1ncr4kq,train,ont_Innovacion_Neutro,0.0,-0.16443598256119465,-0.1644359827041626
1ncr4kq,train,ont_Etica_Negativo,0.0,-0.06834085335022719,-0.06834085285663605
1ncr4kq,train,ont_Tecnologia_Neutro,0.0,-0.27668578554642986,-0.27668577432632446
1ncmfug,train,ont_domain_density,0.057692307692307696,-0.11134067245651882,-0.11134067177772522
1ncmfug,train,ont_total_negativo_mentions,0.0,-0.21001172000820306,-0.21001172065734863
1ncmfug,train,ont_InteligenciaArtificial_Negativo,0.0,-0.19168298382244495,-0.19168297946453094
1ncmfug,train,ont_Innovacion_Neutro,0.0,-0.16443598256119465,-0.1644359827041626
1ncmfug,train,ont_Etica_Negativo,0.0,-0.06834085335022719,-0.06834085285663605
1ncmfug,train,ont_Tecnologia_Neutro,1.0,1.2450860349589343,1.2450860738754272
1ncl9jm,train,ont_domain_density,0.0121580547112462,-0.928072218904226,-0.9280722141265869
1ncl9jm,train,ont_total_negativo_mentions,0.0,-0.21001172000820306,-0.21001172065734863
1ncl9jm,train,ont_InteligenciaArtificial_Negativo,0.0,-0.19168298382244495,-0.19168297946453094
1ncl9jm,train,ont_Innovacion_Neutro,0.0,-0.16443598256119465,-0.1644359827041626
1ncl9jm,train,ont_Etica_Negativo,0.0,-0.06834085335022719,-0.06834085285663605
1ncl9jm,train,ont_Tecnologia_Neutro,0.0,-0.27668578554642986,-0.27668577432632446
1nd0q8o,train,ont_domain_density,0.02631578947368421,-0.6741300138672455,-0.6741300225257874
1nd0q8o,train,ont_total_negativo_mentions,0.0,-0.21001172000820306,-0.21001172065734863
1nd0q8o,train,ont_InteligenciaArtificial_Negativo,0.0,-0.19168298382244495,-0.19168297946453094
1nd0q8o,train,ont_Innovacion_Neutro,0.0,-0.16443598256119465,-0.1644359827041626
1nd0q8o,train,ont_Etica_Negativo,0.0,-0.06834085335022719,-0.06834085285663605
1nd0q8o,train,ont_Tecnologia_Neutro,0.0,-0.27668578554642986,-0.27668577432632446
1nchcii,train,ont_domain_density,0.01845018450184502,-0.8152125460671015,-0.8152125477790833
1nchcii,train,ont_total_negativo_mentions,1.0,3.1226332794662324,3.122633218765259
1nchcii,train,ont_InteligenciaArtificial_Negativo,1.0,4.333905512278206,4.3339056968688965
1nchcii,train,ont_Innovacion_Neutro,0.0,-0.16443598256119465,-0.1644359827041626
1nchcii,train,ont_Etica_Negativo,0.0,-0.06834085335022719,-0.06834085285663605
1nchcii,train,ont_Tecnologia_Neutro,0.0,-0.27668578554642986,-0.27668577432632446
1ncmi94,train,ont_domain_density,0.039473684210526314,-0.4381215803724247,-0.43812158703804016
1ncmi94,train,ont_total_negativo_mentions,0.0,-0.21001172000820306,-0.21001172065734863
1ncmi94,train,ont_InteligenciaArtificial_Negativo,0.0,-0.19168298382244495,-0.19168297946453094
1ncmi94,train,ont_Innovacion_Neutro,0.0,-0.16443598256119465,-0.1644359827041626
1ncmi94,train,ont_Etica_Negativo,0.0,-0.06834085335022719,-0.06834085285663605
1ncmi94,train,ont_Tecnologia_Neutro,2.0,2.7668578554642984,2.766857862472534
1ncc69q,train,ont_domain_density,0.00936768149882904,-0.9781221413195909,-0.9781221151351929
1ncc69q,train,ont_total_negativo_mentions,0.0,-0.21001172000820306,-0.21001172065734863
1ncc69q,train,ont_InteligenciaArtificial_Negativo,0.0,-0.19168298382244495,-0.19168297946453094
1ncc69q,train,ont_Innovacion_Neutro,0.0,-0.16443598256119465,-0.1644359827041626
1ncc69q,train,ont_Etica_Negativo,0.0,-0.06834085335022719,-0.06834085285663605
1ncc69q,train,ont_Tecnologia_Neutro,6.0,8.853945137485756,8.853944778442383
1ncim6k,train,ont_domain_density,0.006896551724137931,-1.0224459088182225,-1.0224459171295166
1ncim6k,train,ont_total_negativo_mentions,0.0,-0.21001172000820306,-0.21001172065734863
1ncim6k,train,ont_InteligenciaArtificial_Negativo,0.0,-0.19168298382244495,-0.19168297946453094
1ncim6k,train,ont_Innovacion_Neutro,0.0,-0.16443598256119465,-0.1644359827041626
1ncim6k,train,ont_Etica_Negativo,0.0,-0.06834085335022719,-0.06834085285663605
1ncim6k,train,ont_Tecnologia_Neutro,0.0,-0.27668578554642986,-0.27668577432632446
1ncl81x,train,ont_domain_density,0.04,-0.4286812430326318,-0.42868125438690186
1ncl81x,train,ont_total_negativo_mentions,0.0,-0.21001172000820306,-0.21001172065734863
1ncl81x,train,ont_InteligenciaArtificial_Negativo,0.0,-0.19168298382244495,-0.19168297946453094
1ncl81x,train,ont_Innovacion_Neutro,0.0,-0.16443598256119465,-0.1644359827041626
1ncl81x,train,ont_Etica_Negativo,0.0,-0.06834085335022719,-0.06834085285663605
1ncl81x,train,ont_Tecnologia_Neutro,0.0,-0.27668578554642986,-0.27668577432632446
1nc04iw,train,ont_domain_density,0.012658227848101266,-0.919100792937819,-0.919100821018219
1nc04iw,train,ont_total_negativo_mentions,0.0,-0.21001172000820306,-0.21001172065734863
1nc04iw,train,ont_InteligenciaArtificial_Negativo,0.0,-0.19168298382244495,-0.19168297946453094
1nc04iw,train,ont_Innovacion_Neutro,0.0,-0.16443598256119465,-0.1644359827041626
1nc04iw,train,ont_Etica_Negativo,0.0,-0.06834085335022719,-0.06834085285663605
1nc04iw,train,ont_Tecnologia_Neutro,0.0,-0.27668578554642986,-0.27668577432632446
1nbqkj7,train,ont_domain_density,0.012903225806451613,-0.9147063525264822,-0.9147063493728638
1nbqkj7,train,ont_total_negativo_mentions,0.0,-0.21001172000820306,-0.21001172065734863
1nbqkj7,train,ont_InteligenciaArtificial_Negativo,0.0,-0.19168298382244495,-0.19168297946453094
1nbqkj7,train,ont_Innovacion_Neutro,0.0,-0.16443598256119465,-0.1644359827041626
1nbqkj7,train,ont_Etica_Negativo,0.0,-0.06834085335022719,-0.06834085285663605
1nbqkj7,train,ont_Tecnologia_Neutro,0.0,-0.27668578554642986,-0.27668577432632446
1nbzb9f,train,ont_domain_density,0.045454545454545456,-0.3308450196929606,-0.33084502816200256
1nbzb9f,train,ont_total_negativo_mentions,0.0,-0.21001172000820306,-0.21001172065734863
1nbzb9f,train,ont_InteligenciaArtificial_Negativo,0.0,-0.19168298382244495,-0.19168297946453094
1nbzb9f,train,ont_Innovacion_Neutro,0.0,-0.16443598256119465,-0.1644359827041626
1nbzb9f,train,ont_Etica_Negativo,0.0,-0.06834085335022719,-0.06834085285663605
1nbzb9f,train,ont_Tecnologia_Neutro,0.0,-0.27668578554642986,-0.27668577432632446
1nc9ej4,train,ont_domain_density,0.03614457831325301,-0.4978345575217167,-0.49783456325531006
1nc9ej4,train,ont_total_negativo_mentions,0.0,-0.21001172000820306,-0.21001172065734863
1nc9ej4,train,ont_InteligenciaArtificial_Negativo,0.0,-0.19168298382244495,-0.19168297946453094
1nc9ej4,train,ont_Innovacion_Neutro,0.0,-0.16443598256119465,-0.1644359827041626
1nc9ej4,train,ont_Etica_Negativo,0.0,-0.06834085335022719,-0.06834085285663605
1nc9ej4,train,ont_Tecnologia_Neutro,0.0,-0.27668578554642986,-0.27668577432632446
1nburdo,train,ont_domain_density,0.017857142857142856,-0.8258497211139161,-0.825849711894989
1nburdo,train,ont_total_negativo_mentions,0.0,-0.21001172000820306,-0.21001172065734863
1nburdo,train,ont_InteligenciaArtificial_Negativo,0.0,-0.19168298382244495,-0.19168297946453094
1nburdo,train,ont_Innovacion_Neutro,0.0,-0.16443598256119465,-0.1644359827041626
1nburdo,train,ont_Etica_Negativo,0.0,-0.06834085335022719,-0.06834085285663605
1nburdo,train,ont_Tecnologia_Neutro,0.0,-0.27668578554642986,-0.27668577432632446
1nbpvjr,train,ont_domain_density,0.047619047619047616,-0.29202112154229753,-0.29202112555503845
1nbpvjr,train,ont_total_negativo_mentions,1.0,3.1226332794662324,3.122633218765259
1nbpvjr,train,ont_InteligenciaArtificial_Negativo,1.0,4.333905512278206,4.3339056968688965
1nbpvjr,train,ont_Innovacion_Neutro,0.0,-0.16443598256119465,-0.1644359827041626
1nbpvjr,train,ont_Etica_Negativo,0.0,-0.06834085335022719,-0.06834085285663605
1nbpvjr,train,ont_Tecnologia_Neutro,0.0,-0.27668578554642986,-0.27668577432632446
1na9dob,train,ont_domain_density,0.005454545454545455,-1.0483106575172159,-1.04831063747406
1na9dob,train,ont_total_negativo_mentions,0.0,-0.21001172000820306,-0.21001172065734863
1na9dob,train,ont_InteligenciaArtificial_Negativo,0.0,-0.19168298382244495,-0.19168297946453094
1na9dob,train,ont_Innovacion_Neutro,0.0,-0.16443598256119465,-0.1644359827041626
1na9dob,train,ont_Etica_Negativo,0.0,-0.06834085335022719,-0.06834085285663605
1na9dob,train,ont_Tecnologia_Neutro,0.0,-0.27668578554642986,-0.27668577432632446
1n9wabd,train,ont_domain_density,0.009302325581395349,-0.9792944069442696,-0.9792944192886353
1n9wabd,train,ont_total_negativo_mentions,0.0,-0.21001172000820306,-0.21001172065734863
1n9wabd,train,ont_InteligenciaArtificial_Negativo,0.0,-0.19168298382244495,-0.19168297946453094
1n9wabd,train,ont_Innovacion_Neutro,0.0,-0.16443598256119465,-0.1644359827041626
1n9wabd,train,ont_Etica_Negativo,0.0,-0.06834085335022719,-0.06834085285663605
1n9wabd,train,ont_Tecnologia_Neutro,1.0,1.2450860349589343,1.2450860738754272
1nc7reh,train,ont_domain_density,0.030303030303030304,-0.6026123067476028,-0.602612316608429
1nc7reh,train,ont_total_negativo_mentions,0.0,-0.21001172000820306,-0.21001172065734863
1nc7reh,train,ont_InteligenciaArtificial_Negativo,0.0,-0.19168298382244495,-0.19168297946453094
1nc7reh,train,ont_Innovacion_Neutro,0.0,-0.16443598256119465,-0.1644359827041626
1nc7reh,train,ont_Etica_Negativo,0.0,-0.06834085335022719,-0.06834085285663605
1nc7reh,train,ont_Tecnologia_Neutro,0.0,-0.27668578554642986,-0.27668577432632446
1nbrv27,train,ont_domain_density,0.006644518272425249,-1.0269665423478747,-1.0269665718078613
1nbrv27,train,ont_total_negativo_mentions,0.0,-0.21001172000820306,-0.21001172065734863
1nbrv27,train,ont_InteligenciaArtificial_Negativo,0.0,-0.19168298382244495,-0.19168297946453094
1nbrv27,train,ont_Innovacion_Neutro,0.0,-0.16443598256119465,-0.1644359827041626
1nbrv27,train,ont_Etica_Negativo,0.0,-0.06834085335022719,-0.06834085285663605
1nbrv27,train,ont_Tecnologia_Neutro,0.0,-0.27668578554642986,-0.27668577432632446
1na820q,train,ont_domain_density,0.004889975550122249,-1.0584371451815502,-1.0584371089935303
1na820q,train,ont_total_negativo_mentions,0.0,-0.21001172000820306,-0.21001172065734863
1na820q,train,ont_InteligenciaArtificial_Negativo,0.0,-0.19168298382244495,-0.19168297946453094
1na820q,train,ont_Innovacion_Neutro,0.0,-0.16443598256119465,-0.1644359827041626
1na820q,train,ont_Etica_Negativo,0.0,-0.06834085335022719,-0.06834085285663605
1na820q,train,ont_Tecnologia_Neutro,0.0,-0.27668578554642986,-0.27668577432632446
1nc0uea,train,ont_domain_density,0.02531645569620253,-0.6920547050187509,-0.6920546889305115
1nc0uea,train,ont_total_negativo_mentions,0.0,-0.21001172000820306,-0.21001172065734863
1nc0uea,train,ont_InteligenciaArtificial_Negativo,0.0,-0.19168298382244495,-0.19168297946453094
1nc0uea,train,ont_Innovacion_Neutro,0.0,-0.16443598256119465,-0.1644359827041626
1nc0uea,train,ont_Etica_Negativo,0.0,-0.06834085335022719,-0.06834085285663605
1nc0uea,train,ont_Tecnologia_Neutro,0.0,-0.27668578554642986,-0.27668577432632446
1ni0no3,train,ont_domain_density,0.045454545454545456,-0.3308450196929606,-0.33084502816200256
1ni0no3,train,ont_total_negativo_mentions,0.0,-0.21001172000820306,-0.21001172065734863
1ni0no3,train,ont_InteligenciaArtificial_Negativo,0.0,-0.19168298382244495,-0.19168297946453094
1ni0no3,train,ont_Innovacion_Neutro,0.0,-0.16443598256119465,-0.1644359827041626
1ni0no3,train,ont_Etica_Negativo,0.0,-0.06834085335022719,-0.06834085285663605
1ni0no3,train,ont_Tecnologia_Neutro,0.0,-0.27668578554642986,-0.27668577432632446
1nho6l6,train,ont_domain_density,0.07142857142857142,0.1350417581149973,0.1350417584180832
1nho6l6,train,ont_total_negativo_mentions,0.0,-0.21001172000820306,-0.21001172065734863
1nho6l6,train,ont_InteligenciaArtificial_Negativo,0.0,-0.19168298382244495,-0.19168297946453094
1nho6l6,train,ont_Innovacion_Neutro,0.0,-0.16443598256119465,-0.1644359827041626
1nho6l6,train,ont_Etica_Negativo,0.0,-0.06834085335022719,-0.06834085285663605
1nho6l6,train,ont_Tecnologia_Neutro,0.0,-0.27668578554642986,-0.27668577432632446
1nfenka,train,ont_domain_density,0.07407407407407407,0.18249318918803006,0.182493194937706
1nfenka,train,ont_total_negativo_mentions,0.0,-0.21001172000820306,-0.21001172065734863
1nfenka,train,ont_InteligenciaArtificial_Negativo,0.0,-0.19168298382244495,-0.19168297946453094
1nfenka,train,ont_Innovacion_Neutro,0.0,-0.16443598256119465,-0.1644359827041626
1nfenka,train,ont_Etica_Negativo,0.0,-0.06834085335022719,-0.06834085285663605
1nfenka,train,ont_Tecnologia_Neutro,0.0,-0.27668578554642986,-0.27668577432632446
1nhn1zp,train,ont_domain_density,0.02702702702702703,-0.6613728012459038,-0.6613727807998657
1nhn1zp,train,ont_total_negativo_mentions,0.0,-0.21001172000820306,-0.21001172065734863
1nhn1zp,train,ont_InteligenciaArtificial_Negativo,0.0,-0.19168298382244495,-0.19168297946453094
1nhn1zp,train,ont_Innovacion_Neutro,0.0,-0.16443598256119465,-0.1644359827041626
1nhn1zp,train,ont_Etica_Negativo,0.0,-0.06834085335022719,-0.06834085285663605
1nhn1zp,train,ont_Tecnologia_Neutro,0.0,-0.27668578554642986,-0.27668577432632446
1nf3ub3,train,ont_domain_density,0.02,-0.7874140619447594,-0.7874140739440918
1nf3ub3,train,ont_total_negativo_mentions,0.0,-0.21001172000820306,-0.21001172065734863
1nf3ub3,train,ont_InteligenciaArtificial_Negativo,0.0,-0.19168298382244495,-0.19168297946453094
1nf3ub3,train,ont_Innovacion_Neutro,0.0,-0.16443598256119465,-0.1644359827041626
1nf3ub3,train,ont_Etica_Negativo,0.0,-0.06834085335022719,-0.06834085285663605
1nf3ub3,train,ont_Tecnologia_Neutro,0.0,-0.27668578554642986,-0.27668577432632446
1nf0ifw,train,ont_domain_density,0.02252252252252252,-0.7421684811810677,-0.7421684861183167
1nf0ifw,train,ont_total_negativo_mentions,0.0,-0.21001172000820306,-0.21001172065734863
1nf0ifw,train,ont_InteligenciaArtificial_Negativo,0.0,-0.19168298382244495,-0.19168297946453094
1nf0ifw,train,ont_Innovacion_Neutro,0.0,-0.16443598256119465,-0.1644359827041626
1nf0ifw,train,ont_Etica_Negativo,0.0,-0.06834085335022719,-0.06834085285663605
1nf0ifw,train,ont_Tecnologia_Neutro,0.0,-0.27668578554642986,-0.27668577432632446
1nezlum,train,ont_domain_density,0.02857142857142857,-0.6336714252681335,-0.6336714029312134
1nezlum,train,ont_total_negativo_mentions,1.0,3.1226332794662324,3.122633218765259
1nezlum,train,ont_InteligenciaArtificial_Negativo,0.0,-0.19168298382244495,-0.19168297946453094
1nezlum,train,ont_Innovacion_Neutro,0.0,-0.16443598256119465,-0.1644359827041626
1nezlum,train,ont_Etica_Negativo,1.0,10.957316820486426,10.957316398620605
1nezlum,train,ont_Tecnologia_Neutro,0.0,-0.27668578554642986,-0.27668577432632446
1nf0nab,train,ont_domain_density,0.014705882352941176,-0.882372749303852,-0.8823727369308472
1nf0nab,train,ont_total_negativo_mentions,0.0,-0.21001172000820306,-0.21001172065734863
1nf0nab,train,ont_InteligenciaArtificial_Negativo,0.0,-0.19168298382244495,-0.19168297946453094
1nf0nab,train,ont_Innovacion_Neutro,0.0,-0.16443598256119465,-0.1644359827041626
1nf0nab,train,ont_Etica_Negativo,0.0,-0.06834085335022719,-0.06834085285663605
1nf0nab,train,ont_Tecnologia_Neutro,0.0,-0.27668578554642986,-0.27668577432632446
1nezg0p,train,ont_domain_density,0.006557377049180328,-1.0285295631807796,-1.0285295248031616
1nezg0p,train,ont_total_negativo_mentions,0.0,-0.21001172000820306,-0.21001172065734863
1nezg0p,train,ont_InteligenciaArtificial_Negativo,0.0,-0.19168298382244495,-0.19168297946453094
1nezg0p,train,ont_Innovacion_Neutro,0.0,-0.16443598256119465,-0.1644359827041626
1nezg0p,train,ont_Etica_Negativo,0.0,-0.06834085335022719,-0.06834085285663605
1nezg0p,train,ont_Tecnologia_Neutro,0.0,-0.27668578554642986,-0.27668577432632446
1nf6f9x,train,ont_domain_density,0.005813953488372093,-1.0418640846615013,-1.041864037513733
1nf6f9x,train,ont_total_negativo_mentions,0.0,-0.21001172000820306,-0.21001172065734863
1nf6f9x,train,ont_InteligenciaArtificial_Negativo,0.0,-0.19168298382244495,-0.19168297946453094
1nf6f9x,train,ont_Innovacion_Neutro,0.0,-0.16443598256119465,-0.1644359827041626
1nf6f9x,train,ont_Etica_Negativo,0.0,-0.06834085335022719,-0.06834085285663605
1nf6f9x,train,ont_Tecnologia_Neutro,0.0,-0.27668578554642986,-0.27668577432632446
1nfabgd,train,ont_domain_density,0.1,0.6475172137037513,0.647517204284668
1nfabgd,train,ont_total_negativo_mentions,0.0,-0.21001172000820306,-0.21001172065734863
1nfabgd,train,ont_InteligenciaArtificial_Negativo,0.0,-0.19168298382244495,-0.19168297946453094
1nfabgd,train,ont_Innovacion_Neutro,0.0,-0.16443598256119465,-0.1644359827041626
1nfabgd,train,ont_Etica_Negativo,0.0,-0.06834085335022719,-0.06834085285663605
1nfabgd,train,ont_Tecnologia_Neutro,0.0,-0.27668578554642986,-0.27668577432632446
1nezru6,train,ont_domain_density,0.006546644844517185,-1.0287220628823772,-1.0287220478057861
1nezru6,train,ont_total_negativo_mentions,0.0,-0.21001172000820306,-0.21001172065734863
1nezru6,train,ont_InteligenciaArtificial_Negativo,0.0,-0.19168298382244495,-0.19168297946453094
1nezru6,train,ont_Innovacion_Neutro,0.0,-0.16443598256119465,-0.1644359827041626
1nezru6,train,ont_Etica_Negativo,0.0,-0.06834085335022719,-0.06834085285663605
1nezru6,train,ont_Tecnologia_Neutro,0.0,-0.27668578554642986,-0.27668577432632446
1nf3d79,train,ont_domain_density,0.02702702702702703,-0.6613728012459038,-0.6613727807998657
1nf3d79,train,ont_total_negativo_mentions,0.0,-0.21001172000820306,-0.21001172065734863
1nf3d79,train,ont_InteligenciaArtificial_Negativo,0.0,-0.19168298382244495,-0.19168297946453094
1nf3d79,train,ont_Innovacion_Neutro,0.0,-0.16443598256119465,-0.1644359827041626
1nf3d79,train,ont_Etica_Negativo,0.0,-0.06834085335022719,-0.06834085285663605
1nf3d79,train,ont_Tecnologia_Neutro,0.0,-0.27668578554642986,-0.27668577432632446
1nfmr32,train,ont_domain_density,0.056338028169014086,-0.1356318980058233,-0.13563190400600433
1nfmr32,train,ont_total_negativo_mentions,0.0,-0.21001172000820306,-0.21001172065734863
1nfmr32,train,ont_InteligenciaArtificial_Negativo,0.0,-0.19168298382244495,-0.19168297946453094
1nfmr32,train,ont_Innovacion_Neutro,0.0,-0.16443598256119465,-0.1644359827041626
1nfmr32,train,ont_Etica_Negativo,0.0,-0.06834085335022719,-0.06834085285663605
1nfmr32,train,ont_Tecnologia_Neutro,3.0,4.288629675969663,4.288629531860352
1nf0eid,train,ont_domain_density,0.019230769230769232,-0.8012114780567644,-0.8012114763259888
1nf0eid,train,ont_total_negativo_mentions,1.0,3.1226332794662324,3.122633218765259
1nf0eid,train,ont_InteligenciaArtificial_Negativo,1.0,4.333905512278206,4.3339056968688965
1nf0eid,train,ont_Innovacion_Neutro,0.0,-0.16443598256119465,-0.1644359827041626
1nf0eid,train,ont_Etica_Negativo,0.0,-0.06834085335022719,-0.06834085285663605
1nf0eid,train,ont_Tecnologia_Neutro,0.0,-0.27668578554642986,-0.27668577432632446
1nfukao,train,ont_domain_density,0.02857142857142857,-0.6336714252681335,-0.6336714029312134
1nfukao,train,ont_total_negativo_mentions,0.0,-0.21001172000820306,-0.21001172065734863
1nfukao,train,ont_InteligenciaArtificial_Negativo,0.0,-0.19168298382244495,-0.19168297946453094
1nfukao,train,ont_Innovacion_Neutro,0.0,-0.16443598256119465,-0.1644359827041626
1nfukao,train,ont_Etica_Negativo,0.0,-0.06834085335022719,-0.06834085285663605
1nfukao,train,ont_Tecnologia_Neutro,0.0,-0.27668578554642986,-0.27668577432632446
1ngi8j1,train,ont_domain_density,0.0196078431372549,-0.7944480387861738,-0.7944480180740356
1ngi8j1,train,ont_total_negativo_mentions,0.0,-0.21001172000820306,-0.21001172065734863
1ngi8j1,train,ont_InteligenciaArtificial_Negativo,0.0,-0.19168298382244495,-0.19168297946453094
1ngi8j1,train,ont_Innovacion_Neutro,0.0,-0.16443598256119465,-0.1644359827041626
1ngi8j1,train,ont_Etica_Negativo,0.0,-0.06834085335022719,-0.06834085285663605
1ngi8j1,train,ont_Tecnologia_Neutro,0.0,-0.27668578554642986,-0.27668577432632446
1ngakf8,train,ont_domain_density,0.004545454545454545,-1.0646166947404945,-1.0646166801452637
1ngakf8,train,ont_total_negativo_mentions,0.0,-0.21001172000820306,-0.21001172065734863
1ngakf8,train,ont_InteligenciaArtificial_Negativo,0.0,-0.19168298382244495,-0.19168297946453094
1ngakf8,train,ont_Innovacion_Neutro,0.0,-0.16443598256119465,-0.1644359827041626
1ngakf8,train,ont_Etica_Negativo,0.0,-0.06834085335022719,-0.06834085285663605
1ngakf8,train,ont_Tecnologia_Neutro,1.0,1.2450860349589343,1.2450860738754272
1ngegd0,train,ont_domain_density,0.009900990099009901,-0.9685563764449427,-0.9685564041137695
1ngegd0,train,ont_total_negativo_mentions,0.0,-0.21001172000820306,-0.21001172065734863
1ngegd0,train,ont_InteligenciaArtificial_Negativo,0.0,-0.19168298382244495,-0.19168297946453094
1ngegd0,train,ont_Innovacion_Neutro,0.0,-0.16443598256119465,-0.1644359827041626
1ngegd0,train,ont_Etica_Negativo,0.0,-0.06834085335022719,-0.06834085285663605
1ngegd0,train,ont_Tecnologia_Neutro,0.0,-0.27668578554642986,-0.27668577432632446
1nh1az7,train,ont_domain_density,0.07692307692307693,0.23359473034360395,0.23359473049640656
1nh1az7,train,ont_total_negativo_mentions,0.0,-0.21001172000820306,-0.21001172065734863
1nh1az7,train,ont_InteligenciaArtificial_Negativo,0.0,-0.19168298382244495,-0.19168297946453094
1nh1az7,train,ont_Innovacion_Neutro,0.0,-0.16443598256119465,-0.1644359827041626
1nh1az7,train,ont_Etica_Negativo,0.0,-0.06834085335022719,-0.06834085285663605
1nh1az7,train,ont_Tecnologia_Neutro,0.0,-0.27668578554642986,-0.27668577432632446
1nh5tkp,train,ont_domain_density,0.008771929824561403,-0.9888079251936732,-0.9888079166412354
1nh5tkp,train,ont_total_negativo_mentions,0.0,-0.21001172000820306,-0.21001172065734863
1nh5tkp,train,ont_InteligenciaArtificial_Negativo,0.0,-0.19168298382244495,-0.19168297946453094
1nh5tkp,train,ont_Innovacion_Neutro,0.0,-0.16443598256119465,-0.1644359827041626
1nh5tkp,train,ont_Etica_Negativo,0.0,-0.06834085335022719,-0.06834085285663605
1nh5tkp,train,ont_Tecnologia_Neutro,0.0,-0.27668578554642986,-0.27668577432632446
1nfu2lk,train,ont_domain_density,0.018518518518518517,-0.8139868633456578,-0.8139868378639221
1nfu2lk,train,ont_total_negativo_mentions,0.0,-0.21001172000820306,-0.21001172065734863
1nfu2lk,train,ont_InteligenciaArtificial_Negativo,0.0,-0.19168298382244495,-0.19168297946453094
1nfu2lk,train,ont_Innovacion_Neutro,0.0,-0.16443598256119465,-0.1644359827041626
1nfu2lk,train,ont_Etica_Negativo,0.0,-0.06834085335022719,-0.06834085285663605
1nfu2lk,train,ont_Tecnologia_Neutro,0.0,-0.27668578554642986,-0.27668577432632446
1nh8vpo,train,ont_domain_density,0.010282776349614395,-0.9617084135498807,-0.9617084264755249
1nh8vpo,train,ont_total_negativo_mentions,0.0,-0.21001172000820306,-0.21001172065734863
1nh8vpo,train,ont_InteligenciaArtificial_Negativo,0.0,-0.19168298382244495,-0.19168297946453094
1nh8vpo,train,ont_Innovacion_Neutro,0.0,-0.16443598256119465,-0.1644359827041626
1nh8vpo,train,ont_Etica_Negativo,0.0,-0.06834085335022719,-0.06834085285663605
1nh8vpo,train,ont_Tecnologia_Neutro,0.0,-0.27668578554642986,-0.27668577432632446
1nhbn44,train,ont_domain_density,0.01694915254237288,-0.8421360173720333,-0.842136025428772
1nhbn44,train,ont_total_negativo_mentions,0.0,-0.21001172000820306,-0.21001172065734863
1nhbn44,train,ont_InteligenciaArtificial_Negativo,0.0,-0.19168298382244495,-0.19168297946453094
1nhbn44,train,ont_Innovacion_Neutro,0.0,-0.16443598256119465,-0.1644359827041626
1nhbn44,train,ont_Etica_Negativo,0.0,-0.06834085335022719,-0.06834085285663605
1nhbn44,train,ont_Tecnologia_Neutro,0.0,-0.27668578554642986,-0.27668577432632446
1ngiple,train,ont_domain_density,0.018867924528301886,-0.8077196932039366,-0.8077197074890137
1ngiple,train,ont_total_negativo_mentions,0.0,-0.21001172000820306,-0.21001172065734863
1ngiple,train,ont_InteligenciaArtificial_Negativo,0.0,-0.19168298382244495,-0.19168297946453094
1ngiple,train,ont_Innovacion_Neutro,0.0,-0.16443598256119465,-0.1644359827041626
1ngiple,train,ont_Etica_Negativo,0.0,-0.06834085335022719,-0.06834085285663605
1ngiple,train,ont_Tecnologia_Neutro,0.0,-0.27668578554642986,-0.27668577432632446
1nh6z8v,train,ont_domain_density,0.018867924528301886,-0.8077196932039366,-0.8077197074890137
1nh6z8v,train,ont_total_negativo_mentions,0.0,-0.21001172000820306,-0.21001172065734863
1nh6z8v,train,ont_InteligenciaArtificial_Negativo,0.0,-0.19168298382244495,-0.19168297946453094
1nh6z8v,train,ont_Innovacion_Neutro,0.0,-0.16443598256119465,-0.1644359827041626
1nh6z8v,train,ont_Etica_Negativo,0.0,-0.06834085335022719,-0.06834085285663605
1nh6z8v,train,ont_Tecnologia_Neutro,0.0,-0.27668578554642986,-0.27668577432632446
1ngym2n,train,ont_domain_density,0.007407407407407408,-1.0132828738523956,-1.0132828950881958
1ngym2n,train,ont_total_negativo_mentions,0.0,-0.21001172000820306,-0.21001172065734863
1ngym2n,train,ont_InteligenciaArtificial_Negativo,0.0,-0.19168298382244495,-0.19168297946453094
1ngym2n,train,ont_Innovacion_Neutro,0.0,-0.16443598256119465,-0.1644359827041626
1ngym2n,train,ont_Etica_Negativo,0.0,-0.06834085335022719,-0.06834085285663605
1ngym2n,train,ont_Tecnologia_Neutro,0.0,-0.27668578554642986,-0.27668577432632446
1nh7a82,train,ont_domain_density,0.0035561877667140826,-1.082360817750179,-1.082360863685608
1nh7a82,train,ont_total_negativo_mentions,1.0,3.1226332794662324,3.122633218765259
1nh7a82,train,ont_InteligenciaArtificial_Negativo,0.0,-0.19168298382244495,-0.19168297946453094
1nh7a82,train,ont_Innovacion_Neutro,0.0,-0.16443598256119465,-0.1644359827041626
1nh7a82,train,ont_Etica_Negativo,0.0,-0.06834085335022719,-0.06834085285663605
1nh7a82,train,ont_Tecnologia_Neutro,0.0,-0.27668578554642986,-0.27668577432632446
1nhrhfl,train,ont_domain_density,0.0070921985815602835,-1.0189366613845015,-1.0189366340637207
1nhrhfl,train,ont_total_negativo_mentions,0.0,-0.21001172000820306,-0.21001172065734863
1nhrhfl,train,ont_InteligenciaArtificial_Negativo,0.0,-0.19168298382244495,-0.19168297946453094
1nhrhfl,train,ont_Innovacion_Neutro,0.0,-0.16443598256119465,-0.1644359827041626
1nhrhfl,train,ont_Etica_Negativo,0.0,-0.06834085335022719,-0.06834085285663605
1nhrhfl,train,ont_Tecnologia_Neutro,0.0,-0.27668578554642986,-0.27668577432632446
1mtrxuo,train,ont_domain_density,0.013793103448275862,-0.8987449367795577,-0.8987449407577515
1mtrxuo,train,ont_total_negativo_mentions,0.0,-0.21001172000820306,-0.21001172065734863
1mtrxuo,train,ont_InteligenciaArtificial_Negativo,0.0,-0.19168298382244495,-0.19168297946453094
1mtrxuo,train,ont_Innovacion_Neutro,0.0,-0.16443598256119465,-0.1644359827041626
1mtrxuo,train,ont_Etica_Negativo,0.0,-0.06834085335022719,-0.06834085285663605
1mtrxuo,train,ont_Tecnologia_Neutro,0.0,-0.27668578554642986,-0.27668577432632446
1n5cmjp,train,ont_domain_density,0.08333333333333333,0.3485731979436447,0.3485732078552246
1n5cmjp,train,ont_total_negativo_mentions,0.0,-0.21001172000820306,-0.21001172065734863
1n5cmjp,train,ont_InteligenciaArtificial_Negativo,0.0,-0.19168298382244495,-0.19168297946453094
1n5cmjp,train,ont_Innovacion_Neutro,0.0,-0.16443598256119465,-0.1644359827041626
1n5cmjp,train,ont_Etica_Negativo,0.0,-0.06834085335022719,-0.06834085285663605
1n5cmjp,train,ont_Tecnologia_Neutro,0.0,-0.27668578554642986,-0.27668577432632446
1my6mf6,train,ont_domain_density,0.014218009478672985,-0.8911235498767016,-0.8911235332489014
1my6mf6,train,ont_total_negativo_mentions,0.0,-0.21001172000820306,-0.21001172065734863
1my6mf6,train,ont_InteligenciaArtificial_Negativo,0.0,-0.19168298382244495,-0.19168297946453094
1my6mf6,train,ont_Innovacion_Neutro,0.0,-0.16443598256119465,-0.1644359827041626
1my6mf6,train,ont_Etica_Negativo,0.0,-0.06834085335022719,-0.06834085285663605
1my6mf6,train,ont_Tecnologia_Neutro,1.0,1.2450860349589343,1.2450860738754272
1mosuvc,train,ont_domain_density,0.06666666666666667,0.04962918218353839,0.04962918162345886
1mosuvc,train,ont_total_negativo_mentions,0.0,-0.21001172000820306,-0.21001172065734863
1mosuvc,train,ont_InteligenciaArtificial_Negativo,0.0,-0.19168298382244495,-0.19168297946453094
1mosuvc,train,ont_Innovacion_Neutro,0.0,-0.16443598256119465,-0.1644359827041626
1mosuvc,train,ont_Etica_Negativo,0.0,-0.06834085335022719,-0.06834085285663605
1mosuvc,train,ont_Tecnologia_Neutro,0.0,-0.27668578554642986,-0.27668577432632446
1n6d2m8,train,ont_domain_density,0.0,-1.146146880856887,-1.1461468935012817
1n6d2m8,train,ont_total_negativo_mentions,0.0,-0.21001172000820306,-0.21001172065734863
1n6d2m8,train,ont_InteligenciaArtificial_Negativo,0.0,-0.19168298382244495,-0.19168297946453094
1n6d2m8,train,ont_Innovacion_Neutro,0.0,-0.16443598256119465,-0.1644359827041626
1n6d2m8,train,ont_Etica_Negativo,0.0,-0.06834085335022719,-0.06834085285663605
1n6d2m8,train,ont_Tecnologia_Neutro,0.0,-0.27668578554642986,-0.27668577432632446
1nbqabr,train,ont_domain_density,0.0,-1.146146880856887,-1.1461468935012817
1nbqabr,train,ont_total_negativo_mentions,0.0,-0.21001172000820306,-0.21001172065734863
1nbqabr,train,ont_InteligenciaArtificial_Negativo,0.0,-0.19168298382244495,-0.19168297946453094
1nbqabr,train,ont_Innovacion_Neutro,0.0,-0.16443598256119465,-0.1644359827041626
1nbqabr,train,ont_Etica_Negativo,0.0,-0.06834085335022719,-0.06834085285663605
1nbqabr,train,ont_Tecnologia_Neutro,0.0,-0.27668578554642986,-0.27668577432632446
1nhy2br,train,ont_domain_density,0.1,0.6475172137037513,0.647517204284668
1nhy2br,train,ont_total_negativo_mentions,0.0,-0.21001172000820306,-0.21001172065734863
1nhy2br,train,ont_InteligenciaArtificial_Negativo,0.0,-0.19168298382244495,-0.19168297946453094
1nhy2br,train,ont_Innovacion_Neutro,0.0,-0.16443598256119465,-0.1644359827041626
1nhy2br,train,ont_Etica_Negativo,0.0,-0.06834085335022719,-0.06834085285663605
1nhy2br,train,ont_Tecnologia_Neutro,0.0,-0.27668578554642986,-0.27668577432632446
1nfhaq6,train,ont_domain_density,0.0,-1.146146880856887,-1.1461468935012817
1nfhaq6,train,ont_total_negativo_mentions,0.0,-0.21001172000820306,-0.21001172065734863
1nfhaq6,train,ont_InteligenciaArtificial_Negativo,0.0,-0.19168298382244495,-0.19168297946453094
1nfhaq6,train,ont_Innovacion_Neutro,0.0,-0.16443598256119465,-0.1644359827041626
1nfhaq6,train,ont_Etica_Negativo,0.0,-0.06834085335022719,-0.06834085285663605
1nfhaq6,train,ont_Tecnologia_Neutro,0.0,-0.27668578554642986,-0.27668577432632446
1ngpl9s,train,ont_domain_density,0.08333333333333333,0.3485731979436447,0.3485732078552246
1ngpl9s,train,ont_total_negativo_mentions,0.0,-0.21001172000820306,-0.21001172065734863
1ngpl9s,train,ont_InteligenciaArtificial_Negativo,0.0,-0.19168298382244495,-0.19168297946453094
1ngpl9s,train,ont_Innovacion_Neutro,0.0,-0.16443598256119465,-0.1644359827041626
1ngpl9s,train,ont_Etica_Negativo,0.0,-0.06834085335022719,-0.06834085285663605
1ngpl9s,train,ont_Tecnologia_Neutro,0.0,-0.27668578554642986,-0.27668577432632446
1n4xzu4,train,ont_domain_density,0.0,-1.146146880856887,-1.1461468935012817
1n4xzu4,train,ont_total_negativo_mentions,0.0,-0.21001172000820306,-0.21001172065734863
1n4xzu4,train,ont_InteligenciaArtificial_Negativo,0.0,-0.19168298382244495,-0.19168297946453094
1n4xzu4,train,ont_Innovacion_Neutro,0.0,-0.16443598256119465,-0.1644359827041626
1n4xzu4,train,ont_Etica_Negativo,0.0,-0.06834085335022719,-0.06834085285663605
1n4xzu4,train,ont_Tecnologia_Neutro,0.0,-0.27668578554642986,-0.27668577432632446
1n7bpcg,train,ont_domain_density,0.019230769230769232,-0.8012114780567644,-0.8012114763259888
1n7bpcg,train,ont_total_negativo_mentions,0.0,-0.21001172000820306,-0.21001172065734863
1n7bpcg,train,ont_InteligenciaArtificial_Negativo,0.0,-0.19168298382244495,-0.19168297946453094
1n7bpcg,train,ont_Innovacion_Neutro,0.0,-0.16443598256119465,-0.1644359827041626
1n7bpcg,train,ont_Etica_Negativo,0.0,-0.06834085335022719,-0.06834085285663605
1n7bpcg,train,ont_Tecnologia_Neutro,0.0,-0.27668578554642986,-0.27668577432632446
1n7szn3,train,ont_domain_density,0.010101010101010102,-0.9649686894871257,-0.9649686813354492
1n7szn3,train,ont_total_negativo_mentions,0.0,-0.21001172000820306,-0.21001172065734863
1n7szn3,train,ont_InteligenciaArtificial_Negativo,0.0,-0.19168298382244495,-0.19168297946453094
1n7szn3,train,ont_Innovacion_Neutro,0.0,-0.16443598256119465,-0.1644359827041626
1n7szn3,train,ont_Etica_Negativo,0.0,-0.06834085335022719,-0.06834085285663605
1n7szn3,train,ont_Tecnologia_Neutro,0.0,-0.27668578554642986,-0.27668577432632446
1n7tn13,train,ont_domain_density,0.00392156862745098,-1.0758071124427444,-1.0758070945739746
1n7tn13,train,ont_total_negativo_mentions,0.0,-0.21001172000820306,-0.21001172065734863
1n7tn13,train,ont_InteligenciaArtificial_Negativo,0.0,-0.19168298382244495,-0.19168297946453094
1n7tn13,train,ont_Innovacion_Neutro,0.0,-0.16443598256119465,-0.1644359827041626
1n7tn13,train,ont_Etica_Negativo,0.0,-0.06834085335022719,-0.06834085285663605
1n7tn13,train,ont_Tecnologia_Neutro,0.0,-0.27668578554642986,-0.27668577432632446
1n80ryz,train,ont_domain_density,0.009523809523809525,-0.9753217289939692,-0.9753217101097107
1n80ryz,train,ont_total_negativo_mentions,0.0,-0.21001172000820306,-0.21001172065734863
1n80ryz,train,ont_InteligenciaArtificial_Negativo,0.0,-0.19168298382244495,-0.19168297946453094
1n80ryz,train,ont_Innovacion_Neutro,0.0,-0.16443598256119465,-0.1644359827041626
1n80ryz,train,ont_Etica_Negativo,0.0,-0.06834085335022719,-0.06834085285663605
1n80ryz,train,ont_Tecnologia_Neutro,0.0,-0.27668578554642986,-0.27668577432632446
1n82has,train,ont_domain_density,0.008733624454148471,-0.9894949948690585,-0.9894949793815613
1n82has,train,ont_total_negativo_mentions,0.0,-0.21001172000820306,-0.21001172065734863
1n82has,train,ont_InteligenciaArtificial_Negativo,0.0,-0.19168298382244495,-0.19168297946453094
1n82has,train,ont_Innovacion_Neutro,0.0,-0.16443598256119465,-0.1644359827041626
1n82has,train,ont_Etica_Negativo,0.0,-0.06834085335022719,-0.06834085285663605
1n82has,train,ont_Tecnologia_Neutro,1.0,1.2450860349589343,1.2450860738754272
1n84iud,train,ont_domain_density,0.005405405405405406,-1.0491920649346904,-1.0491920709609985
1n84iud,train,ont_total_negativo_mentions,0.0,-0.21001172000820306,-0.21001172065734863
1n84iud,train,ont_InteligenciaArtificial_Negativo,0.0,-0.19168298382244495,-0.19168297946453094
1n84iud,train,ont_Innovacion_Neutro,0.0,-0.16443598256119465,-0.1644359827041626
1n84iud,train,ont_Etica_Negativo,0.0,-0.06834085335022719,-0.06834085285663605
1n84iud,train,ont_Tecnologia_Neutro,0.0,-0.27668578554642986,-0.27668577432632446
1n8unq7,train,ont_domain_density,0.0,-1.146146880856887,-1.1461468935012817
1n8unq7,train,ont_total_negativo_mentions,0.0,-0.21001172000820306,-0.21001172065734863
1n8unq7,train,ont_InteligenciaArtificial_Negativo,0.0,-0.19168298382244495,-0.19168297946453094
1n8unq7,train,ont_Innovacion_Neutro,0.0,-0.16443598256119465,-0.1644359827041626
1n8unq7,train,ont_Etica_Negativo,0.0,-0.06834085335022719,-0.06834085285663605
1n8unq7,train,ont_Tecnologia_Neutro,0.0,-0.27668578554642986,-0.27668577432632446
1n8cn50,train,ont_domain_density,0.021052631578947368,-0.7685333872651738,-0.7685334086418152
1n8cn50,train,ont_total_negativo_mentions,0.0,-0.21001172000820306,-0.21001172065734863
1n8cn50,train,ont_InteligenciaArtificial_Negativo,0.0,-0.19168298382244495,-0.19168297946453094
1n8cn50,train,ont_Innovacion_Neutro,0.0,-0.16443598256119465,-0.1644359827041626
1n8cn50,train,ont_Etica_Negativo,0.0,-0.06834085335022719,-0.06834085285663605
1n8cn50,train,ont_Tecnologia_Neutro,0.0,-0.27668578554642986,-0.27668577432632446
1n9axi2,train,ont_domain_density,0.01639344262295082,-0.8521035866666185,-0.852103590965271
1n9axi2,train,ont_total_negativo_mentions,0.0,-0.21001172000820306,-0.21001172065734863
1n9axi2,train,ont_InteligenciaArtificial_Negativo,0.0,-0.19168298382244495,-0.19168297946453094
1n9axi2,train,ont_Innovacion_Neutro,0.0,-0.16443598256119465,-0.1644359827041626
1n9axi2,train,ont_Etica_Negativo,0.0,-0.06834085335022719,-0.06834085285663605
1n9axi2,train,ont_Tecnologia_Neutro,0.0,-0.27668578554642986,-0.27668577432632446
1n91imx,train,ont_domain_density,0.04081632653061224,-0.4140390871586675,-0.41403907537460327
1n91imx,train,ont_total_negativo_mentions,0.0,-0.21001172000820306,-0.21001172065734863
1n91imx,train,ont_InteligenciaArtificial_Negativo,0.0,-0.19168298382244495,-0.19168297946453094
1n91imx,train,ont_Innovacion_Neutro,0.0,-0.16443598256119465,-0.1644359827041626
1n91imx,train,ont_Etica_Negativo,0.0,-0.06834085335022719,-0.06834085285663605
1n91imx,train,ont_Tecnologia_Neutro,0.0,-0.27668578554642986,-0.27668577432632446
1n97p7q,train,ont_domain_density,0.04504504504504504,-0.3381900815052483,-0.33819007873535156
1n97p7q,train,ont_total_negativo_mentions,0.0,-0.21001172000820306,-0.21001172065734863
1n97p7q,train,ont_InteligenciaArtificial_Negativo,0.0,-0.19168298382244495,-0.19168297946453094
1n97p7q,train,ont_Innovacion_Neutro,0.0,-0.16443598256119465,-0.1644359827041626
1n97p7q,train,ont_Etica_Negativo,0.0,-0.06834085335022719,-0.06834085285663605
1n97p7q,train,ont_Tecnologia_Neutro,0.0,-0.27668578554642986,-0.27668577432632446
1n9c1b4,train,ont_domain_density,0.03125,-0.5856268513066877,-0.5856268405914307
1n9c1b4,train,ont_total_negativo_mentions,1.0,3.1226332794662324,3.122633218765259
1n9c1b4,train,ont_InteligenciaArtificial_Negativo,1.0,4.333905512278206,4.3339056968688965
1n9c1b4,train,ont_Innovacion_Neutro,0.0,-0.16443598256119465,-0.1644359827041626
1n9c1b4,train,ont_Etica_Negativo,0.0,-0.06834085335022719,-0.06834085285663605
1n9c1b4,train,ont_Tecnologia_Neutro,0.0,-0.27668578554642986,-0.27668577432632446
1n9e376,train,ont_domain_density,0.01098901098901099,-0.9490409363996741,-0.949040949344635
1n9e376,train,ont_total_negativo_mentions,0.0,-0.21001172000820306,-0.21001172065734863
1n9e376,train,ont_InteligenciaArtificial_Negativo,0.0,-0.19168298382244495,-0.19168297946453094
1n9e376,train,ont_Innovacion_Neutro,0.0,-0.16443598256119465,-0.1644359827041626
1n9e376,train,ont_Etica_Negativo,0.0,-0.06834085335022719,-0.06834085285663605
1n9e376,train,ont_Tecnologia_Neutro,0.0,-0.27668578554642986,-0.27668577432632446
1n9frmt,train,ont_domain_density,0.0196078431372549,-0.7944480387861738,-0.7944480180740356
1n9frmt,train,ont_total_negativo_mentions,0.0,-0.21001172000820306,-0.21001172065734863
1n9frmt,train,ont_InteligenciaArtificial_Negativo,0.0,-0.19168298382244495,-0.19168297946453094
1n9frmt,train,ont_Innovacion_Neutro,0.0,-0.16443598256119465,-0.1644359827041626
1n9frmt,train,ont_Etica_Negativo,0.0,-0.06834085335022719,-0.06834085285663605
1n9frmt,train,ont_Tecnologia_Neutro,0.0,-0.27668578554642986,-0.27668577432632446
1n94vm8,train,ont_domain_density,0.007017543859649123,-1.020275716326316,-1.0202757120132446
1n94vm8,train,ont_total_negativo_mentions,0.0,-0.21001172000820306,-0.21001172065734863
1n94vm8,train,ont_InteligenciaArtificial_Negativo,0.0,-0.19168298382244495,-0.19168297946453094
1n94vm8,train,ont_Innovacion_Neutro,0.0,-0.16443598256119465,-0.1644359827041626
1n94vm8,train,ont_Etica_Negativo,0.0,-0.06834085335022719,-0.06834085285663605
1n94vm8,train,ont_Tecnologia_Neutro,0.0,-0.27668578554642986,-0.27668577432632446
1n9h4hn,train,ont_domain_density,0.022727272727272728,-0.7384959502749239,-0.738495945930481
1n9h4hn,train,ont_total_negativo_mentions,0.0,-0.21001172000820306,-0.21001172065734863
1n9h4hn,train,ont_InteligenciaArtificial_Negativo,0.0,-0.19168298382244495,-0.19168297946453094
1n9h4hn,train,ont_Innovacion_Neutro,0.0,-0.16443598256119465,-0.1644359827041626
1n9h4hn,train,ont_Etica_Negativo,0.0,-0.06834085335022719,-0.06834085285663605
1n9h4hn,train,ont_Tecnologia_Neutro,0.0,-0.27668578554642986,-0.27668577432632446
1n6ckdl,train,ont_domain_density,0.008,-1.002653753292036,-1.00265371799469
1n6ckdl,train,ont_total_negativo_mentions,0.0,-0.21001172000820306,-0.21001172065734863
1n6ckdl,train,ont_InteligenciaArtificial_Negativo,0.0,-0.19168298382244495,-0.19168297946453094
1n6ckdl,train,ont_Innovacion_Neutro,0.0,-0.16443598256119465,-0.1644359827041626
1n6ckdl,train,ont_Etica_Negativo,0.0,-0.06834085335022719,-0.06834085285663605
1n6ckdl,train,ont_Tecnologia_Neutro,0.0,-0.27668578554642986,-0.27668577432632446
1n6f5tg,train,ont_domain_density,0.013605442176870748,-0.9021109496241472,-0.9021109342575073
1n6f5tg,train,ont_total_negativo_mentions,1.0,3.1226332794662324,3.122633218765259
1n6f5tg,train,ont_InteligenciaArtificial_Negativo,1.0,4.333905512278206,4.3339056968688965
1n6f5tg,train,ont_Innovacion_Neutro,0.0,-0.16443598256119465,-0.1644359827041626
1n6f5tg,train,ont_Etica_Negativo,0.0,-0.06834085335022719,-0.06834085285663605
1n6f5tg,train,ont_Tecnologia_Neutro,0.0,-0.27668578554642986,-0.27668577432632446
1n6ki2s,train,ont_domain_density,0.004694835680751174,-1.061937298952632,-1.0619373321533203
1n6ki2s,train,ont_total_negativo_mentions,0.0,-0.21001172000820306,-0.21001172065734863
1n6ki2s,train,ont_InteligenciaArtificial_Negativo,0.0,-0.19168298382244495,-0.19168297946453094
1n6ki2s,train,ont_Innovacion_Neutro,0.0,-0.16443598256119465,-0.1644359827041626
1n6ki2s,train,ont_Etica_Negativo,0.0,-0.06834085335022719,-0.06834085285663605
1n6ki2s,train,ont_Tecnologia_Neutro,0.0,-0.27668578554642986,-0.27668577432632446
1n6tqzz,train,ont_domain_density,0.07142857142857142,0.1350417581149973,0.1350417584180832
1n6tqzz,train,ont_total_negativo_mentions,0.0,-0.21001172000820306,-0.21001172065734863
1n6tqzz,train,ont_InteligenciaArtificial_Negativo,0.0,-0.19168298382244495,-0.19168297946453094
1n6tqzz,train,ont_Innovacion_Neutro,0.0,-0.16443598256119465,-0.1644359827041626
1n6tqzz,train,ont_Etica_Negativo,0.0,-0.06834085335022719,-0.06834085285663605
1n6tqzz,train,ont_Tecnologia_Neutro,0.0,-0.27668578554642986,-0.27668577432632446
1ne6824,train,ont_domain_density,0.0,-1.146146880856887,-1.1461468935012817
1ne6824,train,ont_total_negativo_mentions,0.0,-0.21001172000820306,-0.21001172065734863
1ne6824,train,ont_InteligenciaArtificial_Negativo,0.0,-0.19168298382244495,-0.19168297946453094
1ne6824,train,ont_Innovacion_Neutro,0.0,-0.16443598256119465,-0.1644359827041626
1ne6824,train,ont_Etica_Negativo,0.0,-0.06834085335022719,-0.06834085285663605
1ne6824,train,ont_Tecnologia_Neutro,0.0,-0.27668578554642986,-0.27668577432632446
1nifves,train,ont_domain_density,0.0196078431372549,-0.7944480387861738,-0.7944480180740356
1nifves,train,ont_total_negativo_mentions,1.0,3.1226332794662324,3.122633218765259
1nifves,train,ont_InteligenciaArtificial_Negativo,1.0,4.333905512278206,4.3339056968688965
1nifves,train,ont_Innovacion_Neutro,0.0,-0.16443598256119465,-0.1644359827041626
1nifves,train,ont_Etica_Negativo,0.0,-0.06834085335022719,-0.06834085285663605
1nifves,train,ont_Tecnologia_Neutro,0.0,-0.27668578554642986,-0.27668577432632446
1njprzp,train,ont_domain_density,0.011904761904761904,-0.9326154410282398,-0.9326154589653015
1njprzp,train,ont_total_negativo_mentions,0.0,-0.21001172000820306,-0.21001172065734863
1njprzp,train,ont_InteligenciaArtificial_Negativo,0.0,-0.19168298382244495,-0.19168297946453094
1njprzp,train,ont_Innovacion_Neutro,0.0,-0.16443598256119465,-0.1644359827041626
1njprzp,train,ont_Etica_Negativo,0.0,-0.06834085335022719,-0.06834085285663605
1njprzp,train,ont_Tecnologia_Neutro,2.0,2.7668578554642984,2.766857862472534
1ndfes1,train,ont_domain_density,0.07692307692307693,0.23359473034360395,0.23359473049640656
1ndfes1,train,ont_total_negativo_mentions,1.0,3.1226332794662324,3.122633218765259
1ndfes1,train,ont_InteligenciaArtificial_Negativo,1.0,4.333905512278206,4.3339056968688965
1ndfes1,train,ont_Innovacion_Neutro,0.0,-0.16443598256119465,-0.1644359827041626
1ndfes1,train,ont_Etica_Negativo,0.0,-0.06834085335022719,-0.06834085285663605
1ndfes1,train,ont_Tecnologia_Neutro,0.0,-0.27668578554642986,-0.27668577432632446
1ndx20g,train,ont_domain_density,0.029411764705882353,-0.618598617750817,-0.6185986399650574
1ndx20g,train,ont_total_negativo_mentions,0.0,-0.21001172000820306,-0.21001172065734863
1ndx20g,train,ont_InteligenciaArtificial_Negativo,0.0,-0.19168298382244495,-0.19168297946453094
1ndx20g,train,ont_Innovacion_Neutro,0.0,-0.16443598256119465,-0.1644359827041626
1ndx20g,train,ont_Etica_Negativo,0.0,-0.06834085335022719,-0.06834085285663605
1ndx20g,train,ont_Tecnologia_Neutro,0.0,-0.27668578554642986,-0.27668577432632446
1ndi0lc,train,ont_domain_density,0.008064516129032258,-1.0014965506503841,-1.0014965534210205
1ndi0lc,train,ont_total_negativo_mentions,0.0,-0.21001172000820306,-0.21001172065734863
1ndi0lc,train,ont_InteligenciaArtificial_Negativo,0.0,-0.19168298382244495,-0.19168297946453094
1ndi0lc,train,ont_Innovacion_Neutro,0.0,-0.16443598256119465,-0.1644359827041626
1ndi0lc,train,ont_Etica_Negativo,0.0,-0.06834085335022719,-0.06834085285663605
1ndi0lc,train,ont_Tecnologia_Neutro,1.0,1.2450860349589343,1.2450860738754272
1ncn9lx,train,ont_domain_density,0.014925373134328358,-0.8784358219672396,-0.8784358501434326
1ncn9lx,train,ont_total_negativo_mentions,0.0,-0.21001172000820306,-0.21001172065734863
1ncn9lx,train,ont_InteligenciaArtificial_Negativo,0.0,-0.19168298382244495,-0.19168297946453094
1ncn9lx,train,ont_Innovacion_Neutro,0.0,-0.16443598256119465,-0.1644359827041626
1ncn9lx,train,ont_Etica_Negativo,0.0,-0.06834085335022719,-0.06834085285663605
1ncn9lx,train,ont_Tecnologia_Neutro,0.0,-0.27668578554642986,-0.27668577432632446
1nc6ovu,train,ont_domain_density,0.0,-1.146146880856887,-1.1461468935012817
1nc6ovu,train,ont_total_negativo_mentions,0.0,-0.21001172000820306,-0.21001172065734863
1nc6ovu,train,ont_InteligenciaArtificial_Negativo,0.0,-0.19168298382244495,-0.19168297946453094
1nc6ovu,train,ont_Innovacion_Neutro,0.0,-0.16443598256119465,-0.1644359827041626
1nc6ovu,train,ont_Etica_Negativo,0.0,-0.06834085335022719,-0.06834085285663605
1nc6ovu,train,ont_Tecnologia_Neutro,0.0,-0.27668578554642986,-0.27668577432632446
1n5hzsl,train,ont_domain_density,0.011627906976744186,-0.9375812884661152,-0.9375813007354736
1n5hzsl,train,ont_total_negativo_mentions,0.0,-0.21001172000820306,-0.21001172065734863
1n5hzsl,train,ont_InteligenciaArtificial_Negativo,0.0,-0.19168298382244495,-0.19168297946453094
1n5hzsl,train,ont_Innovacion_Neutro,0.0,-0.16443598256119465,-0.1644359827041626
1n5hzsl,train,ont_Etica_Negativo,0.0,-0.06834085335022719,-0.06834085285663605
1n5hzsl,train,ont_Tecnologia_Neutro,3.0,4.288629675969663,4.288629531860352
1nbli5r,train,ont_domain_density,0.058823529411764705,-0.09105035464474698,-0.09105035662651062
1nbli5r,train,ont_total_negativo_mentions,0.0,-0.21001172000820306,-0.21001172065734863
1nbli5r,train,ont_InteligenciaArtificial_Negativo,0.0,-0.19168298382244495,-0.19168297946453094
1nbli5r,train,ont_Innovacion_Neutro,0.0,-0.16443598256119465,-0.1644359827041626
1nbli5r,train,ont_Etica_Negativo,0.0,-0.06834085335022719,-0.06834085285663605
1nbli5r,train,ont_Tecnologia_Neutro,0.0,-0.27668578554642986,-0.27668577432632446
1n61lzn,train,ont_domain_density,0.024,-0.715667498162334,-0.7156674861907959
1n61lzn,train,ont_total_negativo_mentions,0.0,-0.21001172000820306,-0.21001172065734863
1n61lzn,train,ont_InteligenciaArtificial_Negativo,0.0,-0.19168298382244495,-0.19168297946453094
1n61lzn,train,ont_Innovacion_Neutro,0.0,-0.16443598256119465,-0.1644359827041626
1n61lzn,train,ont_Etica_Negativo,0.0,-0.06834085335022719,-0.06834085285663605
1n61lzn,train,ont_Tecnologia_Neutro,0.0,-0.27668578554642986,-0.27668577432632446
1n5k4ol,train,ont_domain_density,0.007662835249042145,-1.0087013563694818,-1.0087013244628906
1n5k4ol,train,ont_total_negativo_mentions,0.0,-0.21001172000820306,-0.21001172065734863
1n5k4ol,train,ont_InteligenciaArtificial_Negativo,0.0,-0.19168298382244495,-0.19168297946453094
1n5k4ol,train,ont_Innovacion_Neutro,0.0,-0.16443598256119465,-0.1644359827041626
1n5k4ol,train,ont_Etica_Negativo,0.0,-0.06834085335022719,-0.06834085285663605
1n5k4ol,train,ont_Tecnologia_Neutro,0.0,-0.27668578554642986,-0.27668577432632446
1n65w6q,train,ont_domain_density,0.00816326530612245,-0.9997253221172432,-0.999725341796875
1n65w6q,train,ont_total_negativo_mentions,0.0,-0.21001172000820306,-0.21001172065734863
1n65w6q,train,ont_InteligenciaArtificial_Negativo,0.0,-0.19168298382244495,-0.19168297946453094
1n65w6q,train,ont_Innovacion_Neutro,0.0,-0.16443598256119465,-0.1644359827041626
1n65w6q,train,ont_Etica_Negativo,0.0,-0.06834085335022719,-0.06834085285663605
1n65w6q,train,ont_Tecnologia_Neutro,0.0,-0.27668578554642986,-0.27668577432632446
1n5m4fg,train,ont_domain_density,0.011627906976744186,-0.9375812884661152,-0.9375813007354736
1n5m4fg,train,ont_total_negativo_mentions,1.0,3.1226332794662324,3.122633218765259
1n5m4fg,train,ont_InteligenciaArtificial_Negativo,1.0,4.333905512278206,4.3339056968688965
1n5m4fg,train,ont_Innovacion_Neutro,0.0,-0.16443598256119465,-0.1644359827041626
1n5m4fg,train,ont_Etica_Negativo,0.0,-0.06834085335022719,-0.06834085285663605
1n5m4fg,train,ont_Tecnologia_Neutro,0.0,-0.27668578554642986,-0.27668577432632446
1n5uqta,train,ont_domain_density,0.001670843776106934,-1.116177555968656,-1.1161775588989258
1n5uqta,train,ont_total_negativo_mentions,0.0,-0.21001172000820306,-0.21001172065734863
1n5uqta,train,ont_InteligenciaArtificial_Negativo,0.0,-0.19168298382244495,-0.19168297946453094
1n5uqta,train,ont_Innovacion_Neutro,1.0,5.324323711205579,5.324323654174805
1n5uqta,train,ont_Etica_Negativo,0.0,-0.06834085335022719,-0.06834085285663605
1n5uqta,train,ont_Tecnologia_Neutro,0.0,-0.27668578554642986,-0.27668577432632446
1n5ytjf,train,ont_domain_density,0.0044444444444444444,-1.066428476654192,-1.0664284229278564
1n5ytjf,train,ont_total_negativo_mentions,0.0,-0.21001172000820306,-0.21001172065734863
1n5ytjf,train,ont_InteligenciaArtificial_Negativo,0.0,-0.19168298382244495,-0.19168297946453094
1n5ytjf,train,ont_Innovacion_Neutro,0.0,-0.16443598256119465,-0.1644359827041626
1n5ytjf,train,ont_Etica_Negativo,0.0,-0.06834085335022719,-0.06834085285663605
1n5ytjf,train,ont_Tecnologia_Neutro,1.0,1.2450860349589343,1.2450860738754272
1n6af3u,train,ont_domain_density,0.017543859649122806,-0.8314689695304593,-0.831468939781189
1n6af3u,train,ont_total_negativo_mentions,1.0,3.1226332794662324,3.122633218765259
1n6af3u,train,ont_InteligenciaArtificial_Negativo,0.0,-0.19168298382244495,-0.19168297946453094
1n6af3u,train,ont_Innovacion_Neutro,0.0,-0.16443598256119465,-0.1644359827041626
1n6af3u,train,ont_Etica_Negativo,0.0,-0.06834085335022719,-0.06834085285663605
1n6af3u,train,ont_Tecnologia_Neutro,0.0,-0.27668578554642986,-0.27668577432632446
1n5pw2f,train,ont_domain_density,0.006944444444444444,-1.0215868742901761,-1.0215868949890137
1n5pw2f,train,ont_total_negativo_mentions,0.0,-0.21001172000820306,-0.21001172065734863
1n5pw2f,train,ont_InteligenciaArtificial_Negativo,0.0,-0.19168298382244495,-0.19168297946453094
1n5pw2f,train,ont_Innovacion_Neutro,0.0,-0.16443598256119465,-0.1644359827041626
1n5pw2f,train,ont_Etica_Negativo,0.0,-0.06834085335022719,-0.06834085285663605
1n5pw2f,train,ont_Tecnologia_Neutro,0.0,-0.27668578554642986,-0.27668577432632446
1n5svun,train,ont_domain_density,0.019417475728155338,-0.797862590650938,-0.7978625893592834
1n5svun,train,ont_total_negativo_mentions,0.0,-0.21001172000820306,-0.21001172065734863
1n5svun,train,ont_InteligenciaArtificial_Negativo,0.0,-0.19168298382244495,-0.19168297946453094
1n5svun,train,ont_Innovacion_Neutro,0.0,-0.16443598256119465,-0.1644359827041626
1n5svun,train,ont_Etica_Negativo,0.0,-0.06834085335022719,-0.06834085285663605
1n5svun,train,ont_Tecnologia_Neutro,0.0,-0.27668578554642986,-0.27668577432632446
1n60ge4,train,ont_domain_density,0.15384615384615385,1.613336341544095,1.6133363246917725
1n60ge4,train,ont_total_negativo_mentions,1.0,3.1226332794662324,3.122633218765259
1n60ge4,train,ont_InteligenciaArtificial_Negativo,1.0,4.333905512278206,4.3339056968688965
1n60ge4,train,ont_Innovacion_Neutro,0.0,-0.16443598256119465,-0.1644359827041626
1n60ge4,train,ont_Etica_Negativo,0.0,-0.06834085335022719,-0.06834085285663605
1n60ge4,train,ont_Tecnologia_Neutro,1.0,1.2450860349589343,1.2450860738754272
1na40hm,train,ont_domain_density,0.013888888888888888,-0.8970268677234652,-0.8970268964767456
1na40hm,train,ont_total_negativo_mentions,0.0,-0.21001172000820306,-0.21001172065734863
1na40hm,train,ont_InteligenciaArtificial_Negativo,0.0,-0.19168298382244495,-0.19168297946453094
1na40hm,train,ont_Innovacion_Neutro,0.0,-0.16443598256119465,-0.1644359827041626
1na40hm,train,ont_Etica_Negativo,0.0,-0.06834085335022719,-0.06834085285663605
1na40hm,train,ont_Tecnologia_Neutro,0.0,-0.27668578554642986,-0.27668577432632446
1n9s76f,train,ont_domain_density,0.0,-1.146146880856887,-1.1461468935012817
1n9s76f,train,ont_total_negativo_mentions,0.0,-0.21001172000820306,-0.21001172065734863
1n9s76f,train,ont_InteligenciaArtificial_Negativo,0.0,-0.19168298382244495,-0.19168297946453094
1n9s76f,train,ont_Innovacion_Neutro,0.0,-0.16443598256119465,-0.1644359827041626
1n9s76f,train,ont_Etica_Negativo,0.0,-0.06834085335022719,-0.06834085285663605
1n9s76f,train,ont_Tecnologia_Neutro,0.0,-0.27668578554642986,-0.27668577432632446
1nfupj3,train,ont_domain_density,0.012048192771084338,-0.930042773078497,-0.9300427436828613
1nfupj3,train,ont_total_negativo_mentions,0.0,-0.21001172000820306,-0.21001172065734863
1nfupj3,train,ont_InteligenciaArtificial_Negativo,0.0,-0.19168298382244495,-0.19168297946453094
1nfupj3,train,ont_Innovacion_Neutro,0.0,-0.16443598256119465,-0.1644359827041626
1nfupj3,train,ont_Etica_Negativo,0.0,-0.06834085335022719,-0.06834085285663605
1nfupj3,train,ont_Tecnologia_Neutro,0.0,-0.27668578554642986,-0.27668577432632446
1nfsuz4,train,ont_domain_density,0.125,1.0959332373439108,1.095933198928833
1nfsuz4,train,ont_total_negativo_mentions,0.0,-0.21001172000820306,-0.21001172065734863
1nfsuz4,train,ont_InteligenciaArtificial_Negativo,0.0,-0.19168298382244495,-0.19168297946453094
1nfsuz4,train,ont_Innovacion_Neutro,0.0,-0.16443598256119465,-0.1644359827041626
1nfsuz4,train,ont_Etica_Negativo,0.0,-0.06834085335022719,-0.06834085285663605
1nfsuz4,train,ont_Tecnologia_Neutro,0.0,-0.27668578554642986,-0.27668577432632446
1nfvc8u,train,ont_domain_density,0.019230769230769232,-0.8012114780567644,-0.8012114763259888
1nfvc8u,train,ont_total_negativo_mentions,0.0,-0.21001172000820306,-0.21001172065734863
1nfvc8u,train,ont_InteligenciaArtificial_Negativo,0.0,-0.19168298382244495,-0.19168297946453094
1nfvc8u,train,ont_Innovacion_Neutro,0.0,-0.16443598256119465,-0.1644359827041626
1nfvc8u,train,ont_Etica_Negativo,0.0,-0.06834085335022719,-0.06834085285663605
1nfvc8u,train,ont_Tecnologia_Neutro,0.0,-0.27668578554642986,-0.27668577432632446
1ngtxyu,train,ont_domain_density,0.07142857142857142,0.1350417581149973,0.1350417584180832
1ngtxyu,train,ont_total_negativo_mentions,0.0,-0.21001172000820306,-0.21001172065734863
1ngtxyu,train,ont_InteligenciaArtificial_Negativo,0.0,-0.19168298382244495,-0.19168297946453094
1ngtxyu,train,ont_Innovacion_Neutro,0.0,-0.16443598256119465,-0.1644359827041626
1ngtxyu,train,ont_Etica_Negativo,0.0,-0.06834085335022719,-0.06834085285663605
1ngtxyu,train,ont_Tecnologia_Neutro,0.0,-0.27668578554642986,-0.27668577432632446
1n4xufl,train,ont_domain_density,0.012121212121212121,-0.9287330512131734,-0.9287330508232117
1n4xufl,train,ont_total_negativo_mentions,0.0,-0.21001172000820306,-0.21001172065734863
1n4xufl,train,ont_InteligenciaArtificial_Negativo,0.0,-0.19168298382244495,-0.19168297946453094
1n4xufl,train,ont_Innovacion_Neutro,0.0,-0.16443598256119465,-0.1644359827041626
1n4xufl,train,ont_Etica_Negativo,0.0,-0.06834085335022719,-0.06834085285663605
1n4xufl,train,ont_Tecnologia_Neutro,0.0,-0.27668578554642986,-0.27668577432632446
1n4u9br,train,ont_domain_density,0.003816793893129771,-1.0776864192324354,-1.0776864290237427
1n4u9br,train,ont_total_negativo_mentions,0.0,-0.21001172000820306,-0.21001172065734863
1n4u9br,train,ont_InteligenciaArtificial_Negativo,0.0,-0.19168298382244495,-0.19168297946453094
1n4u9br,train,ont_Innovacion_Neutro,0.0,-0.16443598256119465,-0.1644359827041626
1n4u9br,train,ont_Etica_Negativo,0.0,-0.06834085335022719,-0.06834085285663605
1n4u9br,train,ont_Tecnologia_Neutro,0.0,-0.27668578554642986,-0.27668577432632446
1n4lfpg,train,ont_domain_density,0.1,0.6475172137037513,0.647517204284668
1n4lfpg,train,ont_total_negativo_mentions,0.0,-0.21001172000820306,-0.21001172065734863
1n4lfpg,train,ont_InteligenciaArtificial_Negativo,0.0,-0.19168298382244495,-0.19168297946453094
1n4lfpg,train,ont_Innovacion_Neutro,0.0,-0.16443598256119465,-0.1644359827041626
1n4lfpg,train,ont_Etica_Negativo,0.0,-0.06834085335022719,-0.06834085285663605
1n4lfpg,train,ont_Tecnologia_Neutro,0.0,-0.27668578554642986,-0.27668577432632446
1n4k5so,train,ont_domain_density,0.024691358024691357,-0.7032668575085814,-0.7032668590545654
1n4k5so,train,ont_total_negativo_mentions,0.0,-0.21001172000820306,-0.21001172065734863
1n4k5so,train,ont_InteligenciaArtificial_Negativo,0.0,-0.19168298382244495,-0.19168297946453094
1n4k5so,train,ont_Innovacion_Neutro,0.0,-0.16443598256119465,-0.1644359827041626
1n4k5so,train,ont_Etica_Negativo,0.0,-0.06834085335022719,-0.06834085285663605
1n4k5so,train,ont_Tecnologia_Neutro,0.0,-0.27668578554642986,-0.27668577432632446
1n43fx3,train,ont_domain_density,0.08,0.28878439479162354,0.288784384727478
1n43fx3,train,ont_total_negativo_mentions,0.0,-0.21001172000820306,-0.21001172065734863
1n43fx3,train,ont_InteligenciaArtificial_Negativo,0.0,-0.19168298382244495,-0.19168297946453094
1n43fx3,train,ont_Innovacion_Neutro,1.0,5.324323711205579,5.324323654174805
1n43fx3,train,ont_Etica_Negativo,0.0,-0.06834085335022719,-0.06834085285663605
1n43fx3,train,ont_Tecnologia_Neutro,1.0,1.2450860349589343,1.2450860738754272
1n45rlx,train,ont_domain_density,0.013986013986013986,-0.8952847697295252,-0.8952847719192505
1n45rlx,train,ont_total_negativo_mentions,1.0,3.1226332794662324,3.122633218765259
1n45rlx,train,ont_InteligenciaArtificial_Negativo,0.0,-0.19168298382244495,-0.19168297946453094
1n45rlx,train,ont_Innovacion_Neutro,0.0,-0.16443598256119465,-0.1644359827041626
1n45rlx,train,ont_Etica_Negativo,0.0,-0.06834085335022719,-0.06834085285663605
1n45rlx,train,ont_Tecnologia_Neutro,0.0,-0.27668578554642986,-0.27668577432632446
1n7kp63,train,ont_domain_density,0.0,-1.146146880856887,-1.1461468935012817
1n7kp63,train,ont_total_negativo_mentions,0.0,-0.21001172000820306,-0.21001172065734863
1n7kp63,train,ont_InteligenciaArtificial_Negativo,0.0,-0.19168298382244495,-0.19168297946453094
1n7kp63,train,ont_Innovacion_Neutro,0.0,-0.16443598256119465,-0.1644359827041626
1n7kp63,train,ont_Etica_Negativo,0.0,-0.06834085335022719,-0.06834085285663605
1n7kp63,train,ont_Tecnologia_Neutro,0.0,-0.27668578554642986,-0.27668577432632446
1n7setu,train,ont_domain_density,0.0,-1.146146880856887,-1.1461468935012817
1n7setu,train,ont_total_negativo_mentions,0.0,-0.21001172000820306,-0.21001172065734863
1n7setu,train,ont_InteligenciaArtificial_Negativo,0.0,-0.19168298382244495,-0.19168297946453094
1n7setu,train,ont_Innovacion_Neutro,0.0,-0.16443598256119465,-0.1644359827041626
1n7setu,train,ont_Etica_Negativo,0.0,-0.06834085335022719,-0.06834085285663605
1n7setu,train,ont_Tecnologia_Neutro,0.0,-0.27668578554642986,-0.27668577432632446
1n7albd,train,ont_domain_density,0.09090909090909091,0.4844568414709659,0.4844568371772766
1n7albd,train,ont_total_negativo_mentions,0.0,-0.21001172000820306,-0.21001172065734863
1n7albd,train,ont_InteligenciaArtificial_Negativo,0.0,-0.19168298382244495,-0.19168297946453094
1n7albd,train,ont_Innovacion_Neutro,0.0,-0.16443598256119465,-0.1644359827041626
1n7albd,train,ont_Etica_Negativo,0.0,-0.06834085335022719,-0.06834085285663605
1n7albd,train,ont_Tecnologia_Neutro,0.0,-0.27668578554642986,-0.27668577432632446
1n7bv9o,train,ont_domain_density,0.0,-1.146146880856887,-1.1461468935012817
1n7bv9o,train,ont_total_negativo_mentions,0.0,-0.21001172000820306,-0.21001172065734863
1n7bv9o,train,ont_InteligenciaArtificial_Negativo,0.0,-0.19168298382244495,-0.19168297946453094
1n7bv9o,train,ont_Innovacion_Neutro,0.0,-0.16443598256119465,-0.1644359827041626
1n7bv9o,train,ont_Etica_Negativo,0.0,-0.06834085335022719,-0.06834085285663605
1n7bv9o,train,ont_Tecnologia_Neutro,0.0,-0.27668578554642986,-0.27668577432632446
1n80bjb,train,ont_domain_density,0.1,0.6475172137037513,0.647517204284668
1n80bjb,train,ont_total_negativo_mentions,0.0,-0.21001172000820306,-0.21001172065734863
1n80bjb,train,ont_InteligenciaArtificial_Negativo,0.0,-0.19168298382244495,-0.19168297946453094
1n80bjb,train,ont_Innovacion_Neutro,0.0,-0.16443598256119465,-0.1644359827041626
1n80bjb,train,ont_Etica_Negativo,0.0,-0.06834085335022719,-0.06834085285663605
1n80bjb,train,ont_Tecnologia_Neutro,0.0,-0.27668578554642986,-0.27668577432632446
1n8ltt3,train,ont_domain_density,0.07692307692307693,0.23359473034360395,0.23359473049640656
1n8ltt3,train,ont_total_negativo_mentions,0.0,-0.21001172000820306,-0.21001172065734863
1n8ltt3,train,ont_InteligenciaArtificial_Negativo,0.0,-0.19168298382244495,-0.19168297946453094
1n8ltt3,train,ont_Innovacion_Neutro,0.0,-0.16443598256119465,-0.1644359827041626
1n8ltt3,train,ont_Etica_Negativo,0.0,-0.06834085335022719,-0.06834085285663605
1n8ltt3,train,ont_Tecnologia_Neutro,1.0,1.2450860349589343,1.2450860738754272
1n8gcjj,train,ont_domain_density,0.06666666666666667,0.04962918218353839,0.04962918162345886
1n8gcjj,train,ont_total_negativo_mentions,0.0,-0.21001172000820306,-0.21001172065734863
1n8gcjj,train,ont_InteligenciaArtificial_Negativo,0.0,-0.19168298382244495,-0.19168297946453094
1n8gcjj,train,ont_Innovacion_Neutro,0.0,-0.16443598256119465,-0.1644359827041626
1n8gcjj,train,ont_Etica_Negativo,0.0,-0.06834085335022719,-0.06834085285663605
1n8gcjj,train,ont_Tecnologia_Neutro,1.0,1.2450860349589343,1.2450860738754272
1n8te3e,train,ont_domain_density,0.1,0.6475172137037513,0.647517204284668
1n8te3e,train,ont_total_negativo_mentions,0.0,-0.21001172000820306,-0.21001172065734863
1n8te3e,train,ont_InteligenciaArtificial_Negativo,0.0,-0.19168298382244495,-0.19168297946453094
1n8te3e,train,ont_Innovacion_Neutro,0.0,-0.16443598256119465,-0.1644359827041626
1n8te3e,train,ont_Etica_Negativo,0.0,-0.06834085335022719,-0.06834085285663605
1n8te3e,train,ont_Tecnologia_Neutro,0.0,-0.27668578554642986,-0.27668577432632446
1n99eh8,train,ont_domain_density,0.0,-1.146146880856887,-1.1461468935012817
1n99eh8,train,ont_total_negativo_mentions,0.0,-0.21001172000820306,-0.21001172065734863
1n99eh8,train,ont_InteligenciaArtificial_Negativo,0.0,-0.19168298382244495,-0.19168297946453094
1n99eh8,train,ont_Innovacion_Neutro,0.0,-0.16443598256119465,-0.1644359827041626
1n99eh8,train,ont_Etica_Negativo,0.0,-0.06834085335022719,-0.06834085285663605
1n99eh8,train,ont_Tecnologia_Neutro,0.0,-0.27668578554642986,-0.27668577432632446
1n8zlpl,train,ont_domain_density,0.08333333333333333,0.3485731979436447,0.3485732078552246
1n8zlpl,train,ont_total_negativo_mentions,0.0,-0.21001172000820306,-0.21001172065734863
1n8zlpl,train,ont_InteligenciaArtificial_Negativo,0.0,-0.19168298382244495,-0.19168297946453094
1n8zlpl,train,ont_Innovacion_Neutro,0.0,-0.16443598256119465,-0.1644359827041626
1n8zlpl,train,ont_Etica_Negativo,0.0,-0.06834085335022719,-0.06834085285663605
1n8zlpl,train,ont_Tecnologia_Neutro,1.0,1.2450860349589343,1.2450860738754272
1n92hin,train,ont_domain_density,0.08333333333333333,0.3485731979436447,0.3485732078552246
1n92hin,train,ont_total_negativo_mentions,0.0,-0.21001172000820306,-0.21001172065734863
1n92hin,train,ont_InteligenciaArtificial_Negativo,0.0,-0.19168298382244495,-0.19168297946453094
1n92hin,train,ont_Innovacion_Neutro,0.0,-0.16443598256119465,-0.1644359827041626
1n92hin,train,ont_Etica_Negativo,0.0,-0.06834085335022719,-0.06834085285663605
1n92hin,train,ont_Tecnologia_Neutro,1.0,1.2450860349589343,1.2450860738754272
1n9f01t,train,ont_domain_density,0.045454545454545456,-0.3308450196929606,-0.33084502816200256
1n9f01t,train,ont_total_negativo_mentions,0.0,-0.21001172000820306,-0.21001172065734863
1n9f01t,train,ont_InteligenciaArtificial_Negativo,0.0,-0.19168298382244495,-0.19168297946453094
1n9f01t,train,ont_Innovacion_Neutro,0.0,-0.16443598256119465,-0.1644359827041626
1n9f01t,train,ont_Etica_Negativo,0.0,-0.06834085335022719,-0.06834085285663605
1n9f01t,train,ont_Tecnologia_Neutro,1.0,1.2450860349589343,1.2450860738754272
1n96uy1,train,ont_domain_density,0.07142857142857142,0.1350417581149973,0.1350417584180832
1n96uy1,train,ont_total_negativo_mentions,0.0,-0.21001172000820306,-0.21001172065734863
1n96uy1,train,ont_InteligenciaArtificial_Negativo,0.0,-0.19168298382244495,-0.19168297946453094
1n96uy1,train,ont_Innovacion_Neutro,0.0,-0.16443598256119465,-0.1644359827041626
1n96uy1,train,ont_Etica_Negativo,0.0,-0.06834085335022719,-0.06834085285663605
1n96uy1,train,ont_Tecnologia_Neutro,0.0,-0.27668578554642986,-0.27668577432632446
1n9jhvz,train,ont_domain_density,0.09090909090909091,0.4844568414709659,0.4844568371772766
1n9jhvz,train,ont_total_negativo_mentions,0.0,-0.21001172000820306,-0.21001172065734863
1n9jhvz,train,ont_InteligenciaArtificial_Negativo,0.0,-0.19168298382244495,-0.19168297946453094
1n9jhvz,train,ont_Innovacion_Neutro,0.0,-0.16443598256119465,-0.1644359827041626
1n9jhvz,train,ont_Etica_Negativo,0.0,-0.06834085335022719,-0.06834085285663605
1n9jhvz,train,ont_Tecnologia_Neutro,0.0,-0.27668578554642986,-0.27668577432632446
1n6yi5h,train,ont_domain_density,0.09090909090909091,0.4844568414709659,0.4844568371772766
1n6yi5h,train,ont_total_negativo_mentions,1.0,3.1226332794662324,3.122633218765259
1n6yi5h,train,ont_InteligenciaArtificial_Negativo,1.0,4.333905512278206,4.3339056968688965
1n6yi5h,train,ont_Innovacion_Neutro,0.0,-0.16443598256119465,-0.1644359827041626
1n6yi5h,train,ont_Etica_Negativo,0.0,-0.06834085335022719,-0.06834085285663605
1n6yi5h,train,ont_Tecnologia_Neutro,0.0,-0.27668578554642986,-0.27668577432632446
1n6vkun,train,ont_domain_density,0.09090909090909091,0.4844568414709659,0.4844568371772766
1n6vkun,train,ont_total_negativo_mentions,0.0,-0.21001172000820306,-0.21001172065734863
1n6vkun,train,ont_InteligenciaArtificial_Negativo,0.0,-0.19168298382244495,-0.19168297946453094
1n6vkun,train,ont_Innovacion_Neutro,0.0,-0.16443598256119465,-0.1644359827041626
1n6vkun,train,ont_Etica_Negativo,0.0,-0.06834085335022719,-0.06834085285663605
1n6vkun,train,ont_Tecnologia_Neutro,0.0,-0.27668578554642986,-0.27668577432632446
1n6ft9j,train,ont_domain_density,0.08333333333333333,0.3485731979436447,0.3485732078552246
1n6ft9j,train,ont_total_negativo_mentions,0.0,-0.21001172000820306,-0.21001172065734863
1n6ft9j,train,ont_InteligenciaArtificial_Negativo,0.0,-0.19168298382244495,-0.19168297946453094
1n6ft9j,train,ont_Innovacion_Neutro,0.0,-0.16443598256119465,-0.1644359827041626
1n6ft9j,train,ont_Etica_Negativo,0.0,-0.06834085335022719,-0.06834085285663605
1n6ft9j,train,ont_Tecnologia_Neutro,1.0,1.2450860349589343,1.2450860738754272
1ne3pzz,train,ont_domain_density,0.08333333333333333,0.3485731979436447,0.3485732078552246
1ne3pzz,train,ont_total_negativo_mentions,0.0,-0.21001172000820306,-0.21001172065734863
1ne3pzz,train,ont_InteligenciaArtificial_Negativo,0.0,-0.19168298382244495,-0.19168297946453094
1ne3pzz,train,ont_Innovacion_Neutro,0.0,-0.16443598256119465,-0.1644359827041626
1ne3pzz,train,ont_Etica_Negativo,0.0,-0.06834085335022719,-0.06834085285663605
1ne3pzz,train,ont_Tecnologia_Neutro,1.0,1.2450860349589343,1.2450860738754272
1ne4lus,train,ont_domain_density,0.08333333333333333,0.3485731979436447,0.3485732078552246
1ne4lus,train,ont_total_negativo_mentions,1.0,3.1226332794662324,3.122633218765259
1ne4lus,train,ont_InteligenciaArtificial_Negativo,1.0,4.333905512278206,4.3339056968688965
1ne4lus,train,ont_Innovacion_Neutro,0.0,-0.16443598256119465,-0.1644359827041626
1ne4lus,train,ont_Etica_Negativo,0.0,-0.06834085335022719,-0.06834085285663605
1ne4lus,train,ont_Tecnologia_Neutro,1.0,1.2450860349589343,1.2450860738754272
1neqnbd,train,ont_domain_density,0.0,-1.146146880856887,-1.1461468935012817
1neqnbd,train,ont_total_negativo_mentions,0.0,-0.21001172000820306,-0.21001172065734863
1neqnbd,train,ont_InteligenciaArtificial_Negativo,0.0,-0.19168298382244495,-0.19168297946453094
1neqnbd,train,ont_Innovacion_Neutro,0.0,-0.16443598256119465,-0.1644359827041626
1neqnbd,train,ont_Etica_Negativo,0.0,-0.06834085335022719,-0.06834085285663605
1neqnbd,train,ont_Tecnologia_Neutro,0.0,-0.27668578554642986,-0.27668577432632446
1nee6v5,train,ont_domain_density,0.0,-1.146146880856887,-1.1461468935012817
1nee6v5,train,ont_total_negativo_mentions,0.0,-0.21001172000820306,-0.21001172065734863
1nee6v5,train,ont_InteligenciaArtificial_Negativo,0.0,-0.19168298382244495,-0.19168297946453094
1nee6v5,train,ont_Innovacion_Neutro,0.0,-0.16443598256119465,-0.1644359827041626
1nee6v5,train,ont_Etica_Negativo,0.0,-0.06834085335022719,-0.06834085285663605
1nee6v5,train,ont_Tecnologia_Neutro,0.0,-0.27668578554642986,-0.27668577432632446
1nea3yj,train,ont_domain_density,0.06451612903225806,0.011055760795137546,0.011055761016905308
1nea3yj,train,ont_total_negativo_mentions,0.0,-0.21001172000820306,-0.21001172065734863
1nea3yj,train,ont_InteligenciaArtificial_Negativo,0.0,-0.19168298382244495,-0.19168297946453094
1nea3yj,train,ont_Innovacion_Neutro,0.0,-0.16443598256119465,-0.1644359827041626
1nea3yj,train,ont_Etica_Negativo,0.0,-0.06834085335022719,-0.06834085285663605
1nea3yj,train,ont_Tecnologia_Neutro,0.0,-0.27668578554642986,-0.27668577432632446
1nik9nd,train,ont_domain_density,0.038461538461538464,-0.4562760752566416,-0.4562760889530182
1nik9nd,train,ont_total_negativo_mentions,0.0,-0.21001172000820306,-0.21001172065734863
1nik9nd,train,ont_InteligenciaArtificial_Negativo,0.0,-0.19168298382244495,-0.19168297946453094
1nik9nd,train,ont_Innovacion_Neutro,0.0,-0.16443598256119465,-0.1644359827041626
1nik9nd,train,ont_Etica_Negativo,0.0,-0.06834085335022719,-0.06834085285663605
1nik9nd,train,ont_Tecnologia_Neutro,0.0,-0.27668578554642986,-0.27668577432632446
1nigcuf,train,ont_domain_density,0.0,-1.146146880856887,-1.1461468935012817
1nigcuf,train,ont_total_negativo_mentions,0.0,-0.21001172000820306,-0.21001172065734863
1nigcuf,train,ont_InteligenciaArtificial_Negativo,0.0,-0.19168298382244495,-0.19168297946453094
1nigcuf,train,ont_Innovacion_Neutro,0.0,-0.16443598256119465,-0.1644359827041626
1nigcuf,train,ont_Etica_Negativo,0.0,-0.06834085335022719,-0.06834085285663605
1nigcuf,train,ont_Tecnologia_Neutro,0.0,-0.27668578554642986,-0.27668577432632446
1njbdfb,train,ont_domain_density,0.02127659574468085,-0.76451622243973,-0.7645162343978882
1njbdfb,train,ont_total_negativo_mentions,0.0,-0.21001172000820306,-0.21001172065734863
1njbdfb,train,ont_InteligenciaArtificial_Negativo,0.0,-0.19168298382244495,-0.19168297946453094
1njbdfb,train,ont_Innovacion_Neutro,0.0,-0.16443598256119465,-0.1644359827041626
1njbdfb,train,ont_Etica_Negativo,0.0,-0.06834085335022719,-0.06834085285663605
1njbdfb,train,ont_Tecnologia_Neutro,0.0,-0.27668578554642986,-0.27668577432632446
1ndlcnf,train,ont_domain_density,0.058823529411764705,-0.09105035464474698,-0.09105035662651062
1ndlcnf,train,ont_total_negativo_mentions,0.0,-0.21001172000820306,-0.21001172065734863
1ndlcnf,train,ont_InteligenciaArtificial_Negativo,0.0,-0.19168298382244495,-0.19168297946453094
1ndlcnf,train,ont_Innovacion_Neutro,0.0,-0.16443598256119465,-0.1644359827041626
1ndlcnf,train,ont_Etica_Negativo,0.0,-0.06834085335022719,-0.06834085285663605
1ndlcnf,train,ont_Tecnologia_Neutro,0.0,-0.27668578554642986,-0.27668577432632446
1ndgxfa,train,ont_domain_density,0.1,0.6475172137037513,0.647517204284668
1ndgxfa,train,ont_total_negativo_mentions,0.0,-0.21001172000820306,-0.21001172065734863
1ndgxfa,train,ont_InteligenciaArtificial_Negativo,0.0,-0.19168298382244495,-0.19168297946453094
1ndgxfa,train,ont_Innovacion_Neutro,0.0,-0.16443598256119465,-0.1644359827041626
1ndgxfa,train,ont_Etica_Negativo,0.0,-0.06834085335022719,-0.06834085285663605
1ndgxfa,train,ont_Tecnologia_Neutro,0.0,-0.27668578554642986,-0.27668577432632446
1ncpy89,train,ont_domain_density,0.09090909090909091,0.4844568414709659,0.4844568371772766
1ncpy89,train,ont_total_negativo_mentions,0.0,-0.21001172000820306,-0.21001172065734863
1ncpy89,train,ont_InteligenciaArtificial_Negativo,0.0,-0.19168298382244495,-0.19168297946453094
1ncpy89,train,ont_Innovacion_Neutro,0.0,-0.16443598256119465,-0.1644359827041626
1ncpy89,train,ont_Etica_Negativo,0.0,-0.06834085335022719,-0.06834085285663605
1ncpy89,train,ont_Tecnologia_Neutro,0.0,-0.27668578554642986,-0.27668577432632446
1ncyepz,train,ont_domain_density,0.07142857142857142,0.1350417581149973,0.1350417584180832
1ncyepz,train,ont_total_negativo_mentions,0.0,-0.21001172000820306,-0.21001172065734863
1ncyepz,train,ont_InteligenciaArtificial_Negativo,0.0,-0.19168298382244495,-0.19168297946453094
1ncyepz,train,ont_Innovacion_Neutro,0.0,-0.16443598256119465,-0.1644359827041626
1ncyepz,train,ont_Etica_Negativo,0.0,-0.06834085335022719,-0.06834085285663605
1ncyepz,train,ont_Tecnologia_Neutro,0.0,-0.27668578554642986,-0.27668577432632446
1ncp25f,train,ont_domain_density,0.09090909090909091,0.4844568414709659,0.4844568371772766
1ncp25f,train,ont_total_negativo_mentions,0.0,-0.21001172000820306,-0.21001172065734863
1ncp25f,train,ont_InteligenciaArtificial_Negativo,0.0,-0.19168298382244495,-0.19168297946453094
1ncp25f,train,ont_Innovacion_Neutro,0.0,-0.16443598256119465,-0.1644359827041626
1ncp25f,train,ont_Etica_Negativo,0.0,-0.06834085335022719,-0.06834085285663605
1ncp25f,train,ont_Tecnologia_Neutro,0.0,-0.27668578554642986,-0.27668577432632446
1ncvrr2,train,ont_domain_density,0.0,-1.146146880856887,-1.1461468935012817
1ncvrr2,train,ont_total_negativo_mentions,0.0,-0.21001172000820306,-0.21001172065734863
1ncvrr2,train,ont_InteligenciaArtificial_Negativo,0.0,-0.19168298382244495,-0.19168297946453094
1ncvrr2,train,ont_Innovacion_Neutro,0.0,-0.16443598256119465,-0.1644359827041626
1ncvrr2,train,ont_Etica_Negativo,0.0,-0.06834085335022719,-0.06834085285663605
1ncvrr2,train,ont_Tecnologia_Neutro,0.0,-0.27668578554642986,-0.27668577432632446
1nc1d99,train,ont_domain_density,0.05555555555555555,-0.14966682832319925,-0.14966683089733124
1nc1d99,train,ont_total_negativo_mentions,0.0,-0.21001172000820306,-0.21001172065734863
1nc1d99,train,ont_InteligenciaArtificial_Negativo,0.0,-0.19168298382244495,-0.19168297946453094
1nc1d99,train,ont_Innovacion_Neutro,0.0,-0.16443598256119465,-0.1644359827041626
1nc1d99,train,ont_Etica_Negativo,0.0,-0.06834085335022719,-0.06834085285663605
1nc1d99,train,ont_Tecnologia_Neutro,0.0,-0.27668578554642986,-0.27668577432632446
1nbto59,train,ont_domain_density,0.07692307692307693,0.23359473034360395,0.23359473049640656
1nbto59,train,ont_total_negativo_mentions,0.0,-0.21001172000820306,-0.21001172065734863
1nbto59,train,ont_InteligenciaArtificial_Negativo,0.0,-0.19168298382244495,-0.19168297946453094
1nbto59,train,ont_Innovacion_Neutro,0.0,-0.16443598256119465,-0.1644359827041626
1nbto59,train,ont_Etica_Negativo,0.0,-0.06834085335022719,-0.06834085285663605
1nbto59,train,ont_Tecnologia_Neutro,1.0,1.2450860349589343,1.2450860738754272
1n5yap8,train,ont_domain_density,0.043478260869565216,-0.3662929267000879,-0.36629292368888855
1n5yap8,train,ont_total_negativo_mentions,0.0,-0.21001172000820306,-0.21001172065734863
1n5yap8,train,ont_InteligenciaArtificial_Negativo,0.0,-0.19168298382244495,-0.19168297946453094
1n5yap8,train,ont_Innovacion_Neutro,0.0,-0.16443598256119465,-0.1644359827041626
1n5yap8,train,ont_Etica_Negativo,0.0,-0.06834085335022719,-0.06834085285663605
1n5yap8,train,ont_Tecnologia_Neutro,1.0,1.2450860349589343,1.2450860738754272
1nhtatt,train,ont_domain_density,0.2,2.44118130826439,2.4411814212799072
1nhtatt,train,ont_total_negativo_mentions,0.0,-0.21001172000820306,-0.21001172065734863
1nhtatt,train,ont_InteligenciaArtificial_Negativo,0.0,-0.19168298382244495,-0.19168297946453094
1nhtatt,train,ont_Innovacion_Neutro,0.0,-0.16443598256119465,-0.1644359827041626
1nhtatt,train,ont_Etica_Negativo,0.0,-0.06834085335022719,-0.06834085285663605
1nhtatt,train,ont_Tecnologia_Neutro,0.0,-0.27668578554642986,-0.27668577432632446
1nhzemi,train,ont_domain_density,0.3,4.2348454028250275,4.2348456382751465
1nhzemi,train,ont_total_negativo_mentions,0.0,-0.21001172000820306,-0.21001172065734863
1nhzemi,train,ont_InteligenciaArtificial_Negativo,0.0,-0.19168298382244495,-0.19168297946453094
1nhzemi,train,ont_Innovacion_Neutro,0.0,-0.16443598256119465,-0.1644359827041626
1nhzemi,train,ont_Etica_Negativo,0.0,-0.06834085335022719,-0.06834085285663605
1nhzemi,train,ont_Tecnologia_Neutro,1.0,1.2450860349589343,1.2450860738754272
1nhdvz5,train,ont_domain_density,0.09090909090909091,0.4844568414709659,0.4844568371772766
1nhdvz5,train,ont_total_negativo_mentions,0.0,-0.21001172000820306,-0.21001172065734863
1nhdvz5,train,ont_InteligenciaArtificial_Negativo,0.0,-0.19168298382244495,-0.19168297946453094
1nhdvz5,train,ont_Innovacion_Neutro,0.0,-0.16443598256119465,-0.1644359827041626
1nhdvz5,train,ont_Etica_Negativo,0.0,-0.06834085335022719,-0.06834085285663605
1nhdvz5,train,ont_Tecnologia_Neutro,0.0,-0.27668578554642986,-0.27668577432632446
1nhm82w,train,ont_domain_density,0.06666666666666667,0.04962918218353839,0.04962918162345886
1nhm82w,train,ont_total_negativo_mentions,0.0,-0.21001172000820306,-0.21001172065734863
1nhm82w,train,ont_InteligenciaArtificial_Negativo,0.0,-0.19168298382244495,-0.19168297946453094
1nhm82w,train,ont_Innovacion_Neutro,0.0,-0.16443598256119465,-0.1644359827041626
1nhm82w,train,ont_Etica_Negativo,0.0,-0.06834085335022719,-0.06834085285663605
1nhm82w,train,ont_Tecnologia_Neutro,0.0,-0.27668578554642986,-0.27668577432632446
1nhol85,train,ont_domain_density,0.1111111111111111,0.8468132242104887,0.8468132019042969
1nhol85,train,ont_total_negativo_mentions,0.0,-0.21001172000820306,-0.21001172065734863
1nhol85,train,ont_InteligenciaArtificial_Negativo,0.0,-0.19168298382244495,-0.19168297946453094
1nhol85,train,ont_Innovacion_Neutro,0.0,-0.16443598256119465,-0.1644359827041626
1nhol85,train,ont_Etica_Negativo,0.0,-0.06834085335022719,-0.06834085285663605
1nhol85,train,ont_Tecnologia_Neutro,0.0,-0.27668578554642986,-0.27668577432632446
1nf431y,train,ont_domain_density,0.07692307692307693,0.23359473034360395,0.23359473049640656
1nf431y,train,ont_total_negativo_mentions,0.0,-0.21001172000820306,-0.21001172065734863
1nf431y,train,ont_InteligenciaArtificial_Negativo,0.0,-0.19168298382244495,-0.19168297946453094
1nf431y,train,ont_Innovacion_Neutro,0.0,-0.16443598256119465,-0.1644359827041626
1nf431y,train,ont_Etica_Negativo,0.0,-0.06834085335022719,-0.06834085285663605
1nf431y,train,ont_Tecnologia_Neutro,0.0,-0.27668578554642986,-0.27668577432632446
1nfcqkq,train,ont_domain_density,0.125,1.0959332373439108,1.095933198928833
1nfcqkq,train,ont_total_negativo_mentions,1.0,3.1226332794662324,3.122633218765259
1nfcqkq,train,ont_InteligenciaArtificial_Negativo,0.0,-0.19168298382244495,-0.19168297946453094
1nfcqkq,train,ont_Innovacion_Neutro,0.0,-0.16443598256119465,-0.1644359827041626
1nfcqkq,train,ont_Etica_Negativo,0.0,-0.06834085335022719,-0.06834085285663605
1nfcqkq,train,ont_Tecnologia_Neutro,0.0,-0.27668578554642986,-0.27668577432632446
1nfdrer,train,ont_domain_density,0.07692307692307693,0.23359473034360395,0.23359473049640656
1nfdrer,train,ont_total_negativo_mentions,0.0,-0.21001172000820306,-0.21001172065734863
1nfdrer,train,ont_InteligenciaArtificial_Negativo,0.0,-0.19168298382244495,-0.19168297946453094
1nfdrer,train,ont_Innovacion_Neutro,0.0,-0.16443598256119465,-0.1644359827041626
1nfdrer,train,ont_Etica_Negativo,0.0,-0.06834085335022719,-0.06834085285663605
1nfdrer,train,ont_Tecnologia_Neutro,1.0,1.2450860349589343,1.2450860738754272
1nf36mt,train,ont_domain_density,0.0,-1.146146880856887,-1.1461468935012817
1nf36mt,train,ont_total_negativo_mentions,0.0,-0.21001172000820306,-0.21001172065734863
1nf36mt,train,ont_InteligenciaArtificial_Negativo,0.0,-0.19168298382244495,-0.19168297946453094
1nf36mt,train,ont_Innovacion_Neutro,0.0,-0.16443598256119465,-0.1644359827041626
1nf36mt,train,ont_Etica_Negativo,0.0,-0.06834085335022719,-0.06834085285663605
1nf36mt,train,ont_Tecnologia_Neutro,0.0,-0.27668578554642986,-0.27668577432632446
1nfg3lo,train,ont_domain_density,0.0,-1.146146880856887,-1.1461468935012817
1nfg3lo,train,ont_total_negativo_mentions,0.0,-0.21001172000820306,-0.21001172065734863
1nfg3lo,train,ont_InteligenciaArtificial_Negativo,0.0,-0.19168298382244495,-0.19168297946453094
1nfg3lo,train,ont_Innovacion_Neutro,0.0,-0.16443598256119465,-0.1644359827041626
1nfg3lo,train,ont_Etica_Negativo,0.0,-0.06834085335022719,-0.06834085285663605
1nfg3lo,train,ont_Tecnologia_Neutro,0.0,-0.27668578554642986,-0.27668577432632446
1nfupiv,train,ont_domain_density,0.09090909090909091,0.4844568414709659,0.4844568371772766
1nfupiv,train,ont_total_negativo_mentions,0.0,-0.21001172000820306,-0.21001172065734863
1nfupiv,train,ont_InteligenciaArtificial_Negativo,0.0,-0.19168298382244495,-0.19168297946453094
1nfupiv,train,ont_Innovacion_Neutro,0.0,-0.16443598256119465,-0.1644359827041626
1nfupiv,train,ont_Etica_Negativo,0.0,-0.06834085335022719,-0.06834085285663605
1nfupiv,train,ont_Tecnologia_Neutro,0.0,-0.27668578554642986,-0.27668577432632446
1ngmcyu,train,ont_domain_density,0.0625,-0.025106821756488196,-0.025106821209192276
1ngmcyu,train,ont_total_negativo_mentions,0.0,-0.21001172000820306,-0.21001172065734863
1ngmcyu,train,ont_InteligenciaArtificial_Negativo,0.0,-0.19168298382244495,-0.19168297946453094
1ngmcyu,train,ont_Innovacion_Neutro,0.0,-0.16443598256119465,-0.1644359827041626
1ngmcyu,train,ont_Etica_Negativo,0.0,-0.06834085335022719,-0.06834085285663605
1ngmcyu,train,ont_Tecnologia_Neutro,0.0,-0.27668578554642986,-0.27668577432632446
1n4x1nn,train,ont_domain_density,0.07142857142857142,0.1350417581149973,0.1350417584180832
1n4x1nn,train,ont_total_negativo_mentions,0.0,-0.21001172000820306,-0.21001172065734863
1n4x1nn,train,ont_InteligenciaArtificial_Negativo,0.0,-0.19168298382244495,-0.19168297946453094
1n4x1nn,train,ont_Innovacion_Neutro,0.0,-0.16443598256119465,-0.1644359827041626
1n4x1nn,train,ont_Etica_Negativo,0.0,-0.06834085335022719,-0.06834085285663605
1n4x1nn,train,ont_Tecnologia_Neutro,0.0,-0.27668578554642986,-0.27668577432632446
1n4u384,train,ont_domain_density,0.125,1.0959332373439108,1.095933198928833
1n4u384,train,ont_total_negativo_mentions,0.0,-0.21001172000820306,-0.21001172065734863
1n4u384,train,ont_InteligenciaArtificial_Negativo,0.0,-0.19168298382244495,-0.19168297946453094
1n4u384,train,ont_Innovacion_Neutro,0.0,-0.16443598256119465,-0.1644359827041626
1n4u384,train,ont_Etica_Negativo,0.0,-0.06834085335022719,-0.06834085285663605
1n4u384,train,ont_Tecnologia_Neutro,0.0,-0.27668578554642986,-0.27668577432632446
1n43wuz,train,ont_domain_density,0.0,-1.146146880856887,-1.1461468935012817
1n43wuz,train,ont_total_negativo_mentions,0.0,-0.21001172000820306,-0.21001172065734863
1n43wuz,train,ont_InteligenciaArtificial_Negativo,0.0,-0.19168298382244495,-0.19168297946453094
1n43wuz,train,ont_Innovacion_Neutro,0.0,-0.16443598256119465,-0.1644359827041626
1n43wuz,train,ont_Etica_Negativo,0.0,-0.06834085335022719,-0.06834085285663605
1n43wuz,train,ont_Tecnologia_Neutro,0.0,-0.27668578554642986,-0.27668577432632446
1n47r71,train,ont_domain_density,0.0625,-0.025106821756488196,-0.025106821209192276
1n47r71,train,ont_total_negativo_mentions,0.0,-0.21001172000820306,-0.21001172065734863
1n47r71,train,ont_InteligenciaArtificial_Negativo,0.0,-0.19168298382244495,-0.19168297946453094
1n47r71,train,ont_Innovacion_Neutro,0.0,-0.16443598256119465,-0.1644359827041626
1n47r71,train,ont_Etica_Negativo,0.0,-0.06834085335022719,-0.06834085285663605
1n47r71,train,ont_Tecnologia_Neutro,0.0,-0.27668578554642986,-0.27668577432632446
1kq4whd,train,ont_domain_density,0.07692307692307693,0.23359473034360395,0.23359473049640656
1kq4whd,train,ont_total_negativo_mentions,0.0,-0.21001172000820306,-0.21001172065734863
1kq4whd,train,ont_InteligenciaArtificial_Negativo,0.0,-0.19168298382244495,-0.19168297946453094
1kq4whd,train,ont_Innovacion_Neutro,0.0,-0.16443598256119465,-0.1644359827041626
1kq4whd,train,ont_Etica_Negativo,0.0,-0.06834085335022719,-0.06834085285663605
1kq4whd,train,ont_Tecnologia_Neutro,0.0,-0.27668578554642986,-0.27668577432632446
1kw3tnv,train,ont_domain_density,0.0,-1.146146880856887,-1.1461468935012817
1kw3tnv,train,ont_total_negativo_mentions,0.0,-0.21001172000820306,-0.21001172065734863
1kw3tnv,train,ont_InteligenciaArtificial_Negativo,0.0,-0.19168298382244495,-0.19168297946453094
1kw3tnv,train,ont_Innovacion_Neutro,0.0,-0.16443598256119465,-0.1644359827041626
1kw3tnv,train,ont_Etica_Negativo,0.0,-0.06834085335022719,-0.06834085285663605
1kw3tnv,train,ont_Tecnologia_Neutro,0.0,-0.27668578554642986,-0.27668577432632446
1ky4r8x,train,ont_domain_density,0.02564102564102564,-0.6862330104567235,-0.6862329840660095
1ky4r8x,train,ont_total_negativo_mentions,0.0,-0.21001172000820306,-0.21001172065734863
1ky4r8x,train,ont_InteligenciaArtificial_Negativo,0.0,-0.19168298382244495,-0.19168297946453094
1ky4r8x,train,ont_Innovacion_Neutro,0.0,-0.16443598256119465,-0.1644359827041626
1ky4r8x,train,ont_Etica_Negativo,0.0,-0.06834085335022719,-0.06834085285663605
1ky4r8x,train,ont_Tecnologia_Neutro,0.0,-0.27668578554642986,-0.27668577432632446
1kmsrff,train,ont_domain_density,0.0,-1.146146880856887,-1.1461468935012817
1kmsrff,train,ont_total_negativo_mentions,0.0,-0.21001172000820306,-0.21001172065734863
1kmsrff,train,ont_InteligenciaArtificial_Negativo,0.0,-0.19168298382244495,-0.19168297946453094
1kmsrff,train,ont_Innovacion_Neutro,0.0,-0.16443598256119465,-0.1644359827041626
1kmsrff,train,ont_Etica_Negativo,0.0,-0.06834085335022719,-0.06834085285663605
1kmsrff,train,ont_Tecnologia_Neutro,0.0,-0.27668578554642986,-0.27668577432632446
1lxd8nl,train,ont_domain_density,0.08333333333333333,0.3485731979436447,0.3485732078552246
1lxd8nl,train,ont_total_negativo_mentions,0.0,-0.21001172000820306,-0.21001172065734863
1lxd8nl,train,ont_InteligenciaArtificial_Negativo,0.0,-0.19168298382244495,-0.19168297946453094
1lxd8nl,train,ont_Innovacion_Neutro,0.0,-0.16443598256119465,-0.1644359827041626
1lxd8nl,train,ont_Etica_Negativo,0.0,-0.06834085335022719,-0.06834085285663605
1lxd8nl,train,ont_Tecnologia_Neutro,0.0,-0.27668578554642986,-0.27668577432632446
1mcb6gs,train,ont_domain_density,0.009708737864077669,-0.9720047357539127,-0.9720047116279602
1mcb6gs,train,ont_total_negativo_mentions,0.0,-0.21001172000820306,-0.21001172065734863
1mcb6gs,train,ont_InteligenciaArtificial_Negativo,0.0,-0.19168298382244495,-0.19168297946453094
1mcb6gs,train,ont_Innovacion_Neutro,0.0,-0.16443598256119465,-0.1644359827041626
1mcb6gs,train,ont_Etica_Negativo,0.0,-0.06834085335022719,-0.06834085285663605
1mcb6gs,train,ont_Tecnologia_Neutro,0.0,-0.27668578554642986,-0.27668577432632446
1mbjuzg,train,ont_domain_density,0.008298755186721992,-0.9972950887771661,-0.997295081615448
1mbjuzg,train,ont_total_negativo_mentions,0.0,-0.21001172000820306,-0.21001172065734863
1mbjuzg,train,ont_InteligenciaArtificial_Negativo,0.0,-0.19168298382244495,-0.19168297946453094
1mbjuzg,train,ont_Innovacion_Neutro,0.0,-0.16443598256119465,-0.1644359827041626
1mbjuzg,train,ont_Etica_Negativo,0.0,-0.06834085335022719,-0.06834085285663605
1mbjuzg,train,ont_Tecnologia_Neutro,0.0,-0.27668578554642986,-0.27668577432632446
1lu4kr1,train,ont_domain_density,0.0,-1.146146880856887,-1.1461468935012817
1lu4kr1,train,ont_total_negativo_mentions,0.0,-0.21001172000820306,-0.21001172065734863
1lu4kr1,train,ont_InteligenciaArtificial_Negativo,0.0,-0.19168298382244495,-0.19168297946453094
1lu4kr1,train,ont_Innovacion_Neutro,0.0,-0.16443598256119465,-0.1644359827041626
1lu4kr1,train,ont_Etica_Negativo,0.0,-0.06834085335022719,-0.06834085285663605
1lu4kr1,train,ont_Tecnologia_Neutro,0.0,-0.27668578554642986,-0.27668577432632446
1ltu1oh,train,ont_domain_density,0.05555555555555555,-0.14966682832319925,-0.14966683089733124
1ltu1oh,train,ont_total_negativo_mentions,0.0,-0.21001172000820306,-0.21001172065734863
1ltu1oh,train,ont_InteligenciaArtificial_Negativo,0.0,-0.19168298382244495,-0.19168297946453094
1ltu1oh,train,ont_Innovacion_Neutro,0.0,-0.16443598256119465,-0.1644359827041626
1ltu1oh,train,ont_Etica_Negativo,0.0,-0.06834085335022719,-0.06834085285663605
1ltu1oh,train,ont_Tecnologia_Neutro,0.0,-0.27668578554642986,-0.27668577432632446
1m0b804,train,ont_domain_density,0.2,2.44118130826439,2.4411814212799072
1m0b804,train,ont_total_negativo_mentions,0.0,-0.21001172000820306,-0.21001172065734863
1m0b804,train,ont_InteligenciaArtificial_Negativo,0.0,-0.19168298382244495,-0.19168297946453094
1m0b804,train,ont_Innovacion_Neutro,0.0,-0.16443598256119465,-0.1644359827041626
1m0b804,train,ont_Etica_Negativo,0.0,-0.06834085335022719,-0.06834085285663605
1m0b804,train,ont_Tecnologia_Neutro,0.0,-0.27668578554642986,-0.27668577432632446
1n74zkc,train,ont_domain_density,0.012658227848101266,-0.919100792937819,-0.919100821018219
1n74zkc,train,ont_total_negativo_mentions,0.0,-0.21001172000820306,-0.21001172065734863
1n74zkc,train,ont_InteligenciaArtificial_Negativo,0.0,-0.19168298382244495,-0.19168297946453094
1n74zkc,train,ont_Innovacion_Neutro,0.0,-0.16443598256119465,-0.1644359827041626
1n74zkc,train,ont_Etica_Negativo,0.0,-0.06834085335022719,-0.06834085285663605
1n74zkc,train,ont_Tecnologia_Neutro,0.0,-0.27668578554642986,-0.27668577432632446
1n8fb8f,train,ont_domain_density,0.01694915254237288,-0.8421360173720333,-0.842136025428772
1n8fb8f,train,ont_total_negativo_mentions,0.0,-0.21001172000820306,-0.21001172065734863
1n8fb8f,train,ont_InteligenciaArtificial_Negativo,0.0,-0.19168298382244495,-0.19168297946453094
1n8fb8f,train,ont_Innovacion_Neutro,0.0,-0.16443598256119465,-0.1644359827041626
1n8fb8f,train,ont_Etica_Negativo,0.0,-0.06834085335022719,-0.06834085285663605
1n8fb8f,train,ont_Tecnologia_Neutro,0.0,-0.27668578554642986,-0.27668577432632446
1mfgpmn,train,ont_domain_density,0.006127450980392157,-1.0362409927097893,-1.0362409353256226
1mfgpmn,train,ont_total_negativo_mentions,0.0,-0.21001172000820306,-0.21001172065734863
1mfgpmn,train,ont_InteligenciaArtificial_Negativo,0.0,-0.19168298382244495,-0.19168297946453094
1mfgpmn,train,ont_Innovacion_Neutro,2.0,10.813083404972351,10.81308364868164
1mfgpmn,train,ont_Etica_Negativo,0.0,-0.06834085335022719,-0.06834085285663605
1mfgpmn,train,ont_Tecnologia_Neutro,0.0,-0.27668578554642986,-0.27668577432632446
1n1fgw9,train,ont_domain_density,0.0,-1.146146880856887,-1.1461468935012817
1n1fgw9,train,ont_total_negativo_mentions,0.0,-0.21001172000820306,-0.21001172065734863
1n1fgw9,train,ont_InteligenciaArtificial_Negativo,0.0,-0.19168298382244495,-0.19168297946453094
1n1fgw9,train,ont_Innovacion_Neutro,0.0,-0.16443598256119465,-0.1644359827041626
1n1fgw9,train,ont_Etica_Negativo,0.0,-0.06834085335022719,-0.06834085285663605
1n1fgw9,train,ont_Tecnologia_Neutro,0.0,-0.27668578554642986,-0.27668577432632446
1n3lzqt,train,ont_domain_density,0.14285714285714285,1.4162303970868817,1.4162304401397705
1n3lzqt,train,ont_total_negativo_mentions,0.0,-0.21001172000820306,-0.21001172065734863
1n3lzqt,train,ont_InteligenciaArtificial_Negativo,0.0,-0.19168298382244495,-0.19168297946453094
1n3lzqt,train,ont_Innovacion_Neutro,0.0,-0.16443598256119465,-0.1644359827041626
1n3lzqt,train,ont_Etica_Negativo,0.0,-0.06834085335022719,-0.06834085285663605
1n3lzqt,train,ont_Tecnologia_Neutro,0.0,-0.27668578554642986,-0.27668577432632446
1n2r0uv,train,ont_domain_density,0.06666666666666667,0.04962918218353839,0.04962918162345886
1n2r0uv,train,ont_total_negativo_mentions,0.0,-0.21001172000820306,-0.21001172065734863
1n2r0uv,train,ont_InteligenciaArtificial_Negativo,0.0,-0.19168298382244495,-0.19168297946453094
1n2r0uv,train,ont_Innovacion_Neutro,0.0,-0.16443598256119465,-0.1644359827041626
1n2r0uv,train,ont_Etica_Negativo,0.0,-0.06834085335022719,-0.06834085285663605
1n2r0uv,train,ont_Tecnologia_Neutro,0.0,-0.27668578554642986,-0.27668577432632446
1mmji0b,train,ont_domain_density,0.05,-0.24931483357656795,-0.2493148297071457
1mmji0b,train,ont_total_negativo_mentions,0.0,-0.21001172000820306,-0.21001172065734863
1mmji0b,train,ont_InteligenciaArtificial_Negativo,0.0,-0.19168298382244495,-0.19168297946453094
1mmji0b,train,ont_Innovacion_Neutro,0.0,-0.16443598256119465,-0.1644359827041626
1mmji0b,train,ont_Etica_Negativo,0.0,-0.06834085335022719,-0.06834085285663605
1mmji0b,train,ont_Tecnologia_Neutro,0.0,-0.27668578554642986,-0.27668577432632446
1meyosn,train,ont_domain_density,0.03125,-0.5856268513066877,-0.5856268405914307
1meyosn,train,ont_total_negativo_mentions,0.0,-0.21001172000820306,-0.21001172065734863
1meyosn,train,ont_InteligenciaArtificial_Negativo,0.0,-0.19168298382244495,-0.19168297946453094
1meyosn,train,ont_Innovacion_Neutro,0.0,-0.16443598256119465,-0.1644359827041626
1meyosn,train,ont_Etica_Negativo,0.0,-0.06834085335022719,-0.06834085285663605
1meyosn,train,ont_Tecnologia_Neutro,0.0,-0.27668578554642986,-0.27668577432632446
1mf2zxd,train,ont_domain_density,0.008298755186721992,-0.9972950887771661,-0.997295081615448
1mf2zxd,train,ont_total_negativo_mentions,0.0,-0.21001172000820306,-0.21001172065734863
1mf2zxd,train,ont_InteligenciaArtificial_Negativo,0.0,-0.19168298382244495,-0.19168297946453094
1mf2zxd,train,ont_Innovacion_Neutro,0.0,-0.16443598256119465,-0.1644359827041626
1mf2zxd,train,ont_Etica_Negativo,0.0,-0.06834085335022719,-0.06834085285663605
1mf2zxd,train,ont_Tecnologia_Neutro,0.0,-0.27668578554642986,-0.27668577432632446
1mqhpcp,train,ont_domain_density,0.1111111111111111,0.8468132242104887,0.8468132019042969
1mqhpcp,train,ont_total_negativo_mentions,0.0,-0.21001172000820306,-0.21001172065734863
1mqhpcp,train,ont_InteligenciaArtificial_Negativo,0.0,-0.19168298382244495,-0.19168297946453094
1mqhpcp,train,ont_Innovacion_Neutro,0.0,-0.16443598256119465,-0.1644359827041626
1mqhpcp,train,ont_Etica_Negativo,0.0,-0.06834085335022719,-0.06834085285663605
1mqhpcp,train,ont_Tecnologia_Neutro,0.0,-0.27668578554642986,-0.27668577432632446
1lfw5th,train,ont_domain_density,0.041666666666666664,-0.39878684145662124,-0.39878684282302856
1lfw5th,train,ont_total_negativo_mentions,0.0,-0.21001172000820306,-0.21001172065734863
1lfw5th,train,ont_InteligenciaArtificial_Negativo,0.0,-0.19168298382244495,-0.19168297946453094
1lfw5th,train,ont_Innovacion_Neutro,0.0,-0.16443598256119465,-0.1644359827041626
1lfw5th,train,ont_Etica_Negativo,0.0,-0.06834085335022719,-0.06834085285663605
1lfw5th,train,ont_Tecnologia_Neutro,0.0,-0.27668578554642986,-0.27668577432632446
1les5d2,train,ont_domain_density,0.012987012987012988,-0.9132034919529081,-0.9132034778594971
1les5d2,train,ont_total_negativo_mentions,0.0,-0.21001172000820306,-0.21001172065734863
1les5d2,train,ont_InteligenciaArtificial_Negativo,0.0,-0.19168298382244495,-0.19168297946453094
1les5d2,train,ont_Innovacion_Neutro,0.0,-0.16443598256119465,-0.1644359827041626
1les5d2,train,ont_Etica_Negativo,0.0,-0.06834085335022719,-0.06834085285663605
1les5d2,train,ont_Tecnologia_Neutro,0.0,-0.27668578554642986,-0.27668577432632446
1ld0g7h,train,ont_domain_density,0.03896103896103896,-0.44731671414495017,-0.4473167061805725
1ld0g7h,train,ont_total_negativo_mentions,0.0,-0.21001172000820306,-0.21001172065734863
1ld0g7h,train,ont_InteligenciaArtificial_Negativo,0.0,-0.19168298382244495,-0.19168297946453094
1ld0g7h,train,ont_Innovacion_Neutro,0.0,-0.16443598256119465,-0.1644359827041626
1ld0g7h,train,ont_Etica_Negativo,0.0,-0.06834085335022719,-0.06834085285663605
1ld0g7h,train,ont_Tecnologia_Neutro,0.0,-0.27668578554642986,-0.27668577432632446
1ll4476,train,ont_domain_density,0.015267175572519083,-0.8723050343590798,-0.8723050355911255
1ll4476,train,ont_total_negativo_mentions,0.0,-0.21001172000820306,-0.21001172065734863
1ll4476,train,ont_InteligenciaArtificial_Negativo,0.0,-0.19168298382244495,-0.19168297946453094
1ll4476,train,ont_Innovacion_Neutro,0.0,-0.16443598256119465,-0.1644359827041626
1ll4476,train,ont_Etica_Negativo,0.0,-0.06834085335022719,-0.06834085285663605
1ll4476,train,ont_Tecnologia_Neutro,0.0,-0.27668578554642986,-0.27668577432632446
1l5hyoz,train,ont_domain_density,0.01818181818181818,-0.8200261363913166,-0.820026159286499
1l5hyoz,train,ont_total_negativo_mentions,0.0,-0.21001172000820306,-0.21001172065734863
1l5hyoz,train,ont_InteligenciaArtificial_Negativo,0.0,-0.19168298382244495,-0.19168297946453094
1l5hyoz,train,ont_Innovacion_Neutro,0.0,-0.16443598256119465,-0.1644359827041626
1l5hyoz,train,ont_Etica_Negativo,0.0,-0.06834085335022719,-0.06834085285663605
1l5hyoz,train,ont_Tecnologia_Neutro,0.0,-0.27668578554642986,-0.27668577432632446
1limy09,train,ont_domain_density,0.037383177570093455,-0.4756182473762747,-0.47561824321746826
1limy09,train,ont_total_negativo_mentions,0.0,-0.21001172000820306,-0.21001172065734863
1limy09,train,ont_InteligenciaArtificial_Negativo,0.0,-0.19168298382244495,-0.19168297946453094
1limy09,train,ont_Innovacion_Neutro,0.0,-0.16443598256119465,-0.1644359827041626
1limy09,train,ont_Etica_Negativo,0.0,-0.06834085335022719,-0.06834085285663605
1limy09,train,ont_Tecnologia_Neutro,0.0,-0.27668578554642986,-0.27668577432632446
1l4zjiq,train,ont_domain_density,0.07142857142857142,0.1350417581149973,0.1350417584180832
1l4zjiq,train,ont_total_negativo_mentions,0.0,-0.21001172000820306,-0.21001172065734863
1l4zjiq,train,ont_InteligenciaArtificial_Negativo,0.0,-0.19168298382244495,-0.19168297946453094
1l4zjiq,train,ont_Innovacion_Neutro,0.0,-0.16443598256119465,-0.1644359827041626
1l4zjiq,train,ont_Etica_Negativo,0.0,-0.06834085335022719,-0.06834085285663605
1l4zjiq,train,ont_Tecnologia_Neutro,0.0,-0.27668578554642986,-0.27668577432632446
1l7d2qw,train,ont_domain_density,0.02666666666666667,-0.6678364556407168,-0.6678364276885986
1l7d2qw,train,ont_total_negativo_mentions,0.0,-0.21001172000820306,-0.21001172065734863
1l7d2qw,train,ont_InteligenciaArtificial_Negativo,0.0,-0.19168298382244495,-0.19168297946453094
1l7d2qw,train,ont_Innovacion_Neutro,0.0,-0.16443598256119465,-0.1644359827041626
1l7d2qw,train,ont_Etica_Negativo,0.0,-0.06834085335022719,-0.06834085285663605
1l7d2qw,train,ont_Tecnologia_Neutro,0.0,-0.27668578554642986,-0.27668577432632446
1l7cul6,train,ont_domain_density,0.041666666666666664,-0.39878684145662124,-0.39878684282302856
1l7cul6,train,ont_total_negativo_mentions,0.0,-0.21001172000820306,-0.21001172065734863
1l7cul6,train,ont_InteligenciaArtificial_Negativo,0.0,-0.19168298382244495,-0.19168297946453094
1l7cul6,train,ont_Innovacion_Neutro,0.0,-0.16443598256119465,-0.1644359827041626
1l7cul6,train,ont_Etica_Negativo,0.0,-0.06834085335022719,-0.06834085285663605
1l7cul6,train,ont_Tecnologia_Neutro,1.0,1.2450860349589343,1.2450860738754272
1l7blns,train,ont_domain_density,0.0,-1.146146880856887,-1.1461468935012817
1l7blns,train,ont_total_negativo_mentions,0.0,-0.21001172000820306,-0.21001172065734863
1l7blns,train,ont_InteligenciaArtificial_Negativo,0.0,-0.19168298382244495,-0.19168297946453094
1l7blns,train,ont_Innovacion_Neutro,0.0,-0.16443598256119465,-0.1644359827041626
1l7blns,train,ont_Etica_Negativo,0.0,-0.06834085335022719,-0.06834085285663605
1l7blns,train,ont_Tecnologia_Neutro,0.0,-0.27668578554642986,-0.27668577432632446
1laevm1,train,ont_domain_density,0.07692307692307693,0.23359473034360395,0.23359473049640656
1laevm1,train,ont_total_negativo_mentions,0.0,-0.21001172000820306,-0.21001172065734863
1laevm1,train,ont_InteligenciaArtificial_Negativo,0.0,-0.19168298382244495,-0.19168297946453094
1laevm1,train,ont_Innovacion_Neutro,0.0,-0.16443598256119465,-0.1644359827041626
1laevm1,train,ont_Etica_Negativo,0.0,-0.06834085335022719,-0.06834085285663605
1laevm1,train,ont_Tecnologia_Neutro,0.0,-0.27668578554642986,-0.27668577432632446
1lc2zzf,train,ont_domain_density,0.00641025641025641,-1.0311684132568462,-1.0311684608459473
1lc2zzf,train,ont_total_negativo_mentions,0.0,-0.21001172000820306,-0.21001172065734863
1lc2zzf,train,ont_InteligenciaArtificial_Negativo,0.0,-0.19168298382244495,-0.19168297946453094
1lc2zzf,train,ont_Innovacion_Neutro,0.0,-0.16443598256119465,-0.1644359827041626
1lc2zzf,train,ont_Etica_Negativo,0.0,-0.06834085335022719,-0.06834085285663605
1lc2zzf,train,ont_Tecnologia_Neutro,0.0,-0.27668578554642986,-0.27668577432632446
1n83vuu,train,ont_domain_density,0.043478260869565216,-0.3662929267000879,-0.36629292368888855
1n83vuu,train,ont_total_negativo_mentions,0.0,-0.21001172000820306,-0.21001172065734863
1n83vuu,train,ont_InteligenciaArtificial_Negativo,0.0,-0.19168298382244495,-0.19168297946453094
1n83vuu,train,ont_Innovacion_Neutro,0.0,-0.16443598256119465,-0.1644359827041626
1n83vuu,train,ont_Etica_Negativo,0.0,-0.06834085335022719,-0.06834085285663605
1n83vuu,train,ont_Tecnologia_Neutro,0.0,-0.27668578554642986,-0.27668577432632446
1n8k312,train,ont_domain_density,0.03773584905660377,-0.4692925055509859,-0.4692924916744232
1n8k312,train,ont_total_negativo_mentions,0.0,-0.21001172000820306,-0.21001172065734863
1n8k312,train,ont_InteligenciaArtificial_Negativo,0.0,-0.19168298382244495,-0.19168297946453094
1n8k312,train,ont_Innovacion_Neutro,0.0,-0.16443598256119465,-0.1644359827041626
1n8k312,train,ont_Etica_Negativo,0.0,-0.06834085335022719,-0.06834085285663605
1n8k312,train,ont_Tecnologia_Neutro,1.0,1.2450860349589343,1.2450860738754272
1n9qb3b,train,ont_domain_density,0.03,-0.6080476524886956,-0.6080476641654968
1n9qb3b,train,ont_total_negativo_mentions,0.0,-0.21001172000820306,-0.21001172065734863
1n9qb3b,train,ont_InteligenciaArtificial_Negativo,0.0,-0.19168298382244495,-0.19168297946453094
1n9qb3b,train,ont_Innovacion_Neutro,1.0,5.324323711205579,5.324323654174805
1n9qb3b,train,ont_Etica_Negativo,0.0,-0.06834085335022719,-0.06834085285663605
1n9qb3b,train,ont_Tecnologia_Neutro,0.0,-0.27668578554642986,-0.27668577432632446
1n9b4rc,train,ont_domain_density,0.03225806451612903,-0.5675455600308748,-0.5675455331802368
1n9b4rc,train,ont_total_negativo_mentions,0.0,-0.21001172000820306,-0.21001172065734863
1n9b4rc,train,ont_InteligenciaArtificial_Negativo,0.0,-0.19168298382244495,-0.19168297946453094
1n9b4rc,train,ont_Innovacion_Neutro,1.0,5.324323711205579,5.324323654174805
1n9b4rc,train,ont_Etica_Negativo,0.0,-0.06834085335022719,-0.06834085285663605
1n9b4rc,train,ont_Tecnologia_Neutro,0.0,-0.27668578554642986,-0.27668577432632446
1nef6ub,train,ont_domain_density,0.0013513513513513514,-1.121908176876338,-1.121908187866211
1nef6ub,train,ont_total_negativo_mentions,0.0,-0.21001172000820306,-0.21001172065734863
1nef6ub,train,ont_InteligenciaArtificial_Negativo,0.0,-0.19168298382244495,-0.19168297946453094
1nef6ub,train,ont_Innovacion_Neutro,0.0,-0.16443598256119465,-0.1644359827041626
1nef6ub,train,ont_Etica_Negativo,0.0,-0.06834085335022719,-0.06834085285663605
1nef6ub,train,ont_Tecnologia_Neutro,0.0,-0.27668578554642986,-0.27668577432632446
1ne0hgf,train,ont_domain_density,0.009708737864077669,-0.9720047357539127,-0.9720047116279602
1ne0hgf,train,ont_total_negativo_mentions,0.0,-0.21001172000820306,-0.21001172065734863
1ne0hgf,train,ont_InteligenciaArtificial_Negativo,0.0,-0.19168298382244495,-0.19168297946453094
1ne0hgf,train,ont_Innovacion_Neutro,0.0,-0.16443598256119465,-0.1644359827041626
1ne0hgf,train,ont_Etica_Negativo,0.0,-0.06834085335022719,-0.06834085285663605
1ne0hgf,train,ont_Tecnologia_Neutro,0.0,-0.27668578554642986,-0.27668577432632446
1neqf0c,train,ont_domain_density,0.03333333333333333,-0.5482588493366743,-0.5482588410377502
1neqf0c,train,ont_total_negativo_mentions,0.0,-0.21001172000820306,-0.21001172065734863
1neqf0c,train,ont_InteligenciaArtificial_Negativo,0.0,-0.19168298382244495,-0.19168297946453094
1neqf0c,train,ont_Innovacion_Neutro,0.0,-0.16443598256119465,-0.1644359827041626
1neqf0c,train,ont_Etica_Negativo,0.0,-0.06834085335022719,-0.06834085285663605
1neqf0c,train,ont_Tecnologia_Neutro,0.0,-0.27668578554642986,-0.27668577432632446
1neksha,train,ont_domain_density,0.0234375,-0.7257568586942376,-0.7257568836212158
1neksha,train,ont_total_negativo_mentions,0.0,-0.21001172000820306,-0.21001172065734863
1neksha,train,ont_InteligenciaArtificial_Negativo,0.0,-0.19168298382244495,-0.19168297946453094
1neksha,train,ont_Innovacion_Neutro,0.0,-0.16443598256119465,-0.1644359827041626
1neksha,train,ont_Etica_Negativo,0.0,-0.06834085335022719,-0.06834085285663605
1neksha,train,ont_Tecnologia_Neutro,0.0,-0.27668578554642986,-0.27668577432632446
1nee9p5,train,ont_domain_density,0.011904761904761904,-0.9326154410282398,-0.9326154589653015
1nee9p5,train,ont_total_negativo_mentions,0.0,-0.21001172000820306,-0.21001172065734863
1nee9p5,train,ont_InteligenciaArtificial_Negativo,0.0,-0.19168298382244495,-0.19168297946453094
1nee9p5,train,ont_Innovacion_Neutro,0.0,-0.16443598256119465,-0.1644359827041626
1nee9p5,train,ont_Etica_Negativo,0.0,-0.06834085335022719,-0.06834085285663605
1nee9p5,train,ont_Tecnologia_Neutro,0.0,-0.27668578554642986,-0.27668577432632446
1nebfqm,train,ont_domain_density,0.058823529411764705,-0.09105035464474698,-0.09105035662651062
1nebfqm,train,ont_total_negativo_mentions,0.0,-0.21001172000820306,-0.21001172065734863
1nebfqm,train,ont_InteligenciaArtificial_Negativo,0.0,-0.19168298382244495,-0.19168297946453094
1nebfqm,train,ont_Innovacion_Neutro,0.0,-0.16443598256119465,-0.1644359827041626
1nebfqm,train,ont_Etica_Negativo,0.0,-0.06834085335022719,-0.06834085285663605
1nebfqm,train,ont_Tecnologia_Neutro,0.0,-0.27668578554642986,-0.27668577432632446
1netjga,train,ont_domain_density,0.008771929824561403,-0.9888079251936732,-0.9888079166412354
1netjga,train,ont_total_negativo_mentions,0.0,-0.21001172000820306,-0.21001172065734863
1netjga,train,ont_InteligenciaArtificial_Negativo,0.0,-0.19168298382244495,-0.19168297946453094
1netjga,train,ont_Innovacion_Neutro,0.0,-0.16443598256119465,-0.1644359827041626
1netjga,train,ont_Etica_Negativo,0.0,-0.06834085335022719,-0.06834085285663605
1netjga,train,ont_Tecnologia_Neutro,1.0,1.2450860349589343,1.2450860738754272
1nidm38,train,ont_domain_density,0.014084507042253521,-0.8935181351441212,-0.8935181498527527
1nidm38,train,ont_total_negativo_mentions,0.0,-0.21001172000820306,-0.21001172065734863
1nidm38,train,ont_InteligenciaArtificial_Negativo,0.0,-0.19168298382244495,-0.19168297946453094
1nidm38,train,ont_Innovacion_Neutro,1.0,5.324323711205579,5.324323654174805
1nidm38,train,ont_Etica_Negativo,0.0,-0.06834085335022719,-0.06834085285663605
1nidm38,train,ont_Tecnologia_Neutro,0.0,-0.27668578554642986,-0.27668577432632446
1nil7pg,train,ont_domain_density,0.015267175572519083,-0.8723050343590798,-0.8723050355911255
1nil7pg,train,ont_total_negativo_mentions,0.0,-0.21001172000820306,-0.21001172065734863
1nil7pg,train,ont_InteligenciaArtificial_Negativo,0.0,-0.19168298382244495,-0.19168297946453094
1nil7pg,train,ont_Innovacion_Neutro,0.0,-0.16443598256119465,-0.1644359827041626
1nil7pg,train,ont_Etica_Negativo,0.0,-0.06834085335022719,-0.06834085285663605
1nil7pg,train,ont_Tecnologia_Neutro,0.0,-0.27668578554642986,-0.27668577432632446
1nixbkf,train,ont_domain_density,0.017241379310344827,-0.8368944507602254,-0.8368944525718689
1nixbkf,train,ont_total_negativo_mentions,0.0,-0.21001172000820306,-0.21001172065734863
1nixbkf,train,ont_InteligenciaArtificial_Negativo,0.0,-0.19168298382244495,-0.19168297946453094
1nixbkf,train,ont_Innovacion_Neutro,0.0,-0.16443598256119465,-0.1644359827041626
1nixbkf,train,ont_Etica_Negativo,0.0,-0.06834085335022719,-0.06834085285663605
1nixbkf,train,ont_Tecnologia_Neutro,1.0,1.2450860349589343,1.2450860738754272
1nia4s3,train,ont_domain_density,0.013888888888888888,-0.8970268677234652,-0.8970268964767456
1nia4s3,train,ont_total_negativo_mentions,0.0,-0.21001172000820306,-0.21001172065734863
1nia4s3,train,ont_InteligenciaArtificial_Negativo,0.0,-0.19168298382244495,-0.19168297946453094
1nia4s3,train,ont_Innovacion_Neutro,0.0,-0.16443598256119465,-0.1644359827041626
1nia4s3,train,ont_Etica_Negativo,0.0,-0.06834085335022719,-0.06834085285663605
1nia4s3,train,ont_Tecnologia_Neutro,1.0,1.2450860349589343,1.2450860738754272
1njklab,train,ont_domain_density,0.0136986301369863,-0.900439470643101,-0.900439441204071
1njklab,train,ont_total_negativo_mentions,0.0,-0.21001172000820306,-0.21001172065734863
1njklab,train,ont_InteligenciaArtificial_Negativo,0.0,-0.19168298382244495,-0.19168297946453094
1njklab,train,ont_Innovacion_Neutro,0.0,-0.16443598256119465,-0.1644359827041626
1njklab,train,ont_Etica_Negativo,0.0,-0.06834085335022719,-0.06834085285663605
1njklab,train,ont_Tecnologia_Neutro,0.0,-0.27668578554642986,-0.27668577432632446
1njfpb9,train,ont_domain_density,0.0,-1.146146880856887,-1.1461468935012817
1njfpb9,train,ont_total_negativo_mentions,0.0,-0.21001172000820306,-0.21001172065734863
1njfpb9,train,ont_InteligenciaArtificial_Negativo,0.0,-0.19168298382244495,-0.19168297946453094
1njfpb9,train,ont_Innovacion_Neutro,0.0,-0.16443598256119465,-0.1644359827041626
1njfpb9,train,ont_Etica_Negativo,0.0,-0.06834085335022719,-0.06834085285663605
1njfpb9,train,ont_Tecnologia_Neutro,0.0,-0.27668578554642986,-0.27668577432632446
1njkkpr,train,ont_domain_density,0.013452914798206279,-0.9048467784496265,-0.9048467874526978
1njkkpr,train,ont_total_negativo_mentions,0.0,-0.21001172000820306,-0.21001172065734863
1njkkpr,train,ont_InteligenciaArtificial_Negativo,0.0,-0.19168298382244495,-0.19168297946453094
1njkkpr,train,ont_Innovacion_Neutro,0.0,-0.16443598256119465,-0.1644359827041626
1njkkpr,train,ont_Etica_Negativo,0.0,-0.06834085335022719,-0.06834085285663605
1njkkpr,train,ont_Tecnologia_Neutro,1.0,1.2450860349589343,1.2450860738754272
1njgmo8,train,ont_domain_density,0.010752688172043012,-0.9532797739148829,-0.9532797932624817
1njgmo8,train,ont_total_negativo_mentions,0.0,-0.21001172000820306,-0.21001172065734863
1njgmo8,train,ont_InteligenciaArtificial_Negativo,0.0,-0.19168298382244495,-0.19168297946453094
1njgmo8,train,ont_Innovacion_Neutro,0.0,-0.16443598256119465,-0.1644359827041626
1njgmo8,train,ont_Etica_Negativo,0.0,-0.06834085335022719,-0.06834085285663605
1njgmo8,train,ont_Tecnologia_Neutro,0.0,-0.27668578554642986,-0.27668577432632446
1nj9sys,train,ont_domain_density,0.0072992700729927005,-1.015222494392607,-1.0152225494384766
1nj9sys,train,ont_total_negativo_mentions,0.0,-0.21001172000820306,-0.21001172065734863
1nj9sys,train,ont_InteligenciaArtificial_Negativo,0.0,-0.19168298382244495,-0.19168297946453094
1nj9sys,train,ont_Innovacion_Neutro,0.0,-0.16443598256119465,-0.1644359827041626
1nj9sys,train,ont_Etica_Negativo,0.0,-0.06834085335022719,-0.06834085285663605
1nj9sys,train,ont_Tecnologia_Neutro,1.0,1.2450860349589343,1.2450860738754272
1ndl59d,train,ont_domain_density,0.002699055330634278,-1.0977348944989753,-1.0977349281311035
1ndl59d,train,ont_total_negativo_mentions,0.0,-0.21001172000820306,-0.21001172065734863
1ndl59d,train,ont_InteligenciaArtificial_Negativo,0.0,-0.19168298382244495,-0.19168297946453094
1ndl59d,train,ont_Innovacion_Neutro,1.0,5.324323711205579,5.324323654174805
1ndl59d,train,ont_Etica_Negativo,0.0,-0.06834085335022719,-0.06834085285663605
1ndl59d,train,ont_Tecnologia_Neutro,0.0,-0.27668578554642986,-0.27668577432632446
1nd8220,train,ont_domain_density,0.017857142857142856,-0.8258497211139161,-0.825849711894989
1nd8220,train,ont_total_negativo_mentions,0.0,-0.21001172000820306,-0.21001172065734863
1nd8220,train,ont_InteligenciaArtificial_Negativo,0.0,-0.19168298382244495,-0.19168297946453094
1nd8220,train,ont_Innovacion_Neutro,0.0,-0.16443598256119465,-0.1644359827041626
1nd8220,train,ont_Etica_Negativo,0.0,-0.06834085335022719,-0.06834085285663605
1nd8220,train,ont_Tecnologia_Neutro,0.0,-0.27668578554642986,-0.27668577432632446
1ndajm6,train,ont_domain_density,0.02564102564102564,-0.6862330104567235,-0.6862329840660095
1ndajm6,train,ont_total_negativo_mentions,0.0,-0.21001172000820306,-0.21001172065734863
1ndajm6,train,ont_InteligenciaArtificial_Negativo,0.0,-0.19168298382244495,-0.19168297946453094
1ndajm6,train,ont_Innovacion_Neutro,0.0,-0.16443598256119465,-0.1644359827041626
1ndajm6,train,ont_Etica_Negativo,0.0,-0.06834085335022719,-0.06834085285663605
1ndajm6,train,ont_Tecnologia_Neutro,1.0,1.2450860349589343,1.2450860738754272
1nd75q0,train,ont_domain_density,0.01818181818181818,-0.8200261363913166,-0.820026159286499
1nd75q0,train,ont_total_negativo_mentions,0.0,-0.21001172000820306,-0.21001172065734863
1nd75q0,train,ont_InteligenciaArtificial_Negativo,0.0,-0.19168298382244495,-0.19168297946453094
1nd75q0,train,ont_Innovacion_Neutro,0.0,-0.16443598256119465,-0.1644359827041626
1nd75q0,train,ont_Etica_Negativo,0.0,-0.06834085335022719,-0.06834085285663605
1nd75q0,train,ont_Tecnologia_Neutro,0.0,-0.27668578554642986,-0.27668577432632446
1nb0okk,train,ont_domain_density,0.02072538860103627,-0.7744030270619361,-0.7744030356407166
1nb0okk,train,ont_total_negativo_mentions,2.0,6.455278278940668,6.455278396606445
1nb0okk,train,ont_InteligenciaArtificial_Negativo,2.0,8.859494008378858,8.85949420928955
1nb0okk,train,ont_Innovacion_Neutro,0.0,-0.16443598256119465,-0.1644359827041626
1nb0okk,train,ont_Etica_Negativo,0.0,-0.06834085335022719,-0.06834085285663605
1nb0okk,train,ont_Tecnologia_Neutro,0.0,-0.27668578554642986,-0.27668577432632446
1nalsse,train,ont_domain_density,0.03409090909090909,-0.5346704849839423,-0.5346704721450806
1nalsse,train,ont_total_negativo_mentions,0.0,-0.21001172000820306,-0.21001172065734863
1nalsse,train,ont_InteligenciaArtificial_Negativo,0.0,-0.19168298382244495,-0.19168297946453094
1nalsse,train,ont_Innovacion_Neutro,0.0,-0.16443598256119465,-0.1644359827041626
1nalsse,train,ont_Etica_Negativo,0.0,-0.06834085335022719,-0.06834085285663605
1nalsse,train,ont_Tecnologia_Neutro,1.0,1.2450860349589343,1.2450860738754272
1ncep32,train,ont_domain_density,0.011904761904761904,-0.9326154410282398,-0.9326154589653015
1ncep32,train,ont_total_negativo_mentions,0.0,-0.21001172000820306,-0.21001172065734863
1ncep32,train,ont_InteligenciaArtificial_Negativo,0.0,-0.19168298382244495,-0.19168297946453094
1ncep32,train,ont_Innovacion_Neutro,0.0,-0.16443598256119465,-0.1644359827041626
1ncep32,train,ont_Etica_Negativo,0.0,-0.06834085335022719,-0.06834085285663605
1ncep32,train,ont_Tecnologia_Neutro,0.0,-0.27668578554642986,-0.27668577432632446
1ncvet1,train,ont_domain_density,0.010101010101010102,-0.9649686894871257,-0.9649686813354492
1ncvet1,train,ont_total_negativo_mentions,0.0,-0.21001172000820306,-0.21001172065734863
1ncvet1,train,ont_InteligenciaArtificial_Negativo,0.0,-0.19168298382244495,-0.19168297946453094
1ncvet1,train,ont_Innovacion_Neutro,0.0,-0.16443598256119465,-0.1644359827041626
1ncvet1,train,ont_Etica_Negativo,0.0,-0.06834085335022719,-0.06834085285663605
1ncvet1,train,ont_Tecnologia_Neutro,0.0,-0.27668578554642986,-0.27668577432632446
1nckark,train,ont_domain_density,0.024096385542168676,-0.7139386653001069,-0.7139386534690857
1nckark,train,ont_total_negativo_mentions,0.0,-0.21001172000820306,-0.21001172065734863
1nckark,train,ont_InteligenciaArtificial_Negativo,0.0,-0.19168298382244495,-0.19168297946453094
1nckark,train,ont_Innovacion_Neutro,0.0,-0.16443598256119465,-0.1644359827041626
1nckark,train,ont_Etica_Negativo,0.0,-0.06834085335022719,-0.06834085285663605
1nckark,train,ont_Tecnologia_Neutro,2.0,2.7668578554642984,2.766857862472534
1nd4rz0,train,ont_domain_density,0.07142857142857142,0.1350417581149973,0.1350417584180832
1nd4rz0,train,ont_total_negativo_mentions,0.0,-0.21001172000820306,-0.21001172065734863
1nd4rz0,train,ont_InteligenciaArtificial_Negativo,0.0,-0.19168298382244495,-0.19168297946453094
1nd4rz0,train,ont_Innovacion_Neutro,0.0,-0.16443598256119465,-0.1644359827041626
1nd4rz0,train,ont_Etica_Negativo,0.0,-0.06834085335022719,-0.06834085285663605
1nd4rz0,train,ont_Tecnologia_Neutro,0.0,-0.27668578554642986,-0.27668577432632446
1nced4o,train,ont_domain_density,0.007352941176470588,-1.0142598150803697,-1.0142598152160645
1nced4o,train,ont_total_negativo_mentions,0.0,-0.21001172000820306,-0.21001172065734863
1nced4o,train,ont_InteligenciaArtificial_Negativo,0.0,-0.19168298382244495,-0.19168297946453094
1nced4o,train,ont_Innovacion_Neutro,0.0,-0.16443598256119465,-0.1644359827041626
1nced4o,train,ont_Etica_Negativo,0.0,-0.06834085335022719,-0.06834085285663605
1nced4o,train,ont_Tecnologia_Neutro,0.0,-0.27668578554642986,-0.27668577432632446
1ncrcyv,train,ont_domain_density,0.02654867256637168,-0.669952873451408,-0.6699528694152832
1ncrcyv,train,ont_total_negativo_mentions,0.0,-0.21001172000820306,-0.21001172065734863
1ncrcyv,train,ont_InteligenciaArtificial_Negativo,0.0,-0.19168298382244495,-0.19168297946453094
1ncrcyv,train,ont_Innovacion_Neutro,0.0,-0.16443598256119465,-0.1644359827041626
1ncrcyv,train,ont_Etica_Negativo,0.0,-0.06834085335022719,-0.06834085285663605
1ncrcyv,train,ont_Tecnologia_Neutro,3.0,4.288629675969663,4.288629531860352
1ncnjae,train,ont_domain_density,0.016666666666666666,-0.8472028650967808,-0.8472028374671936
1ncnjae,train,ont_total_negativo_mentions,0.0,-0.21001172000820306,-0.21001172065734863
1ncnjae,train,ont_InteligenciaArtificial_Negativo,0.0,-0.19168298382244495,-0.19168297946453094
1ncnjae,train,ont_Innovacion_Neutro,0.0,-0.16443598256119465,-0.1644359827041626
1ncnjae,train,ont_Etica_Negativo,0.0,-0.06834085335022719,-0.06834085285663605
1ncnjae,train,ont_Tecnologia_Neutro,2.0,2.7668578554642984,2.766857862472534
1ncuv1q,train,ont_domain_density,0.011363636363636364,-0.9423214155659054,-0.9423214197158813
1ncuv1q,train,ont_total_negativo_mentions,0.0,-0.21001172000820306,-0.21001172065734863
1ncuv1q,train,ont_InteligenciaArtificial_Negativo,0.0,-0.19168298382244495,-0.19168297946453094
1ncuv1q,train,ont_Innovacion_Neutro,0.0,-0.16443598256119465,-0.1644359827041626
1ncuv1q,train,ont_Etica_Negativo,0.0,-0.06834085335022719,-0.06834085285663605
1ncuv1q,train,ont_Tecnologia_Neutro,0.0,-0.27668578554642986,-0.27668577432632446
1nckjx3,train,ont_domain_density,0.022222222222222223,-0.7475548598434119,-0.7475548386573792
1nckjx3,train,ont_total_negativo_mentions,0.0,-0.21001172000820306,-0.21001172065734863
1nckjx3,train,ont_InteligenciaArtificial_Negativo,0.0,-0.19168298382244495,-0.19168297946453094
1nckjx3,train,ont_Innovacion_Neutro,0.0,-0.16443598256119465,-0.1644359827041626
1nckjx3,train,ont_Etica_Negativo,0.0,-0.06834085335022719,-0.06834085285663605
1nckjx3,train,ont_Tecnologia_Neutro,0.0,-0.27668578554642986,-0.27668577432632446
1nbjehy,train,ont_domain_density,0.0024630541871921183,-1.1019679622716498,-1.1019679307937622
1nbjehy,train,ont_total_negativo_mentions,1.0,3.1226332794662324,3.122633218765259
1nbjehy,train,ont_InteligenciaArtificial_Negativo,0.0,-0.19168298382244495,-0.19168297946453094
1nbjehy,train,ont_Innovacion_Neutro,0.0,-0.16443598256119465,-0.1644359827041626
1nbjehy,train,ont_Etica_Negativo,0.0,-0.06834085335022719,-0.06834085285663605
1nbjehy,train,ont_Tecnologia_Neutro,5.0,7.332173316980391,7.3321733474731445
1nbwtno,train,ont_domain_density,0.043478260869565216,-0.3662929267000879,-0.36629292368888855
1nbwtno,train,ont_total_negativo_mentions,0.0,-0.21001172000820306,-0.21001172065734863
1nbwtno,train,ont_InteligenciaArtificial_Negativo,0.0,-0.19168298382244495,-0.19168297946453094
1nbwtno,train,ont_Innovacion_Neutro,0.0,-0.16443598256119465,-0.1644359827041626
1nbwtno,train,ont_Etica_Negativo,0.0,-0.06834085335022719,-0.06834085285663605
1nbwtno,train,ont_Tecnologia_Neutro,0.0,-0.27668578554642986,-0.27668577432632446
1naez1w,train,ont_domain_density,0.05,-0.24931483357656795,-0.2493148297071457
1naez1w,train,ont_total_negativo_mentions,0.0,-0.21001172000820306,-0.21001172065734863
1naez1w,train,ont_InteligenciaArtificial_Negativo,0.0,-0.19168298382244495,-0.19168297946453094
1naez1w,train,ont_Innovacion_Neutro,0.0,-0.16443598256119465,-0.1644359827041626
1naez1w,train,ont_Etica_Negativo,0.0,-0.06834085335022719,-0.06834085285663605
1naez1w,train,ont_Tecnologia_Neutro,0.0,-0.27668578554642986,-0.27668577432632446
1na4xd7,train,ont_domain_density,0.18181818181818182,2.115060563798819,2.115060567855835
1na4xd7,train,ont_total_negativo_mentions,0.0,-0.21001172000820306,-0.21001172065734863
1na4xd7,train,ont_InteligenciaArtificial_Negativo,0.0,-0.19168298382244495,-0.19168297946453094
1na4xd7,train,ont_Innovacion_Neutro,0.0,-0.16443598256119465,-0.1644359827041626
1na4xd7,train,ont_Etica_Negativo,0.0,-0.06834085335022719,-0.06834085285663605
1na4xd7,train,ont_Tecnologia_Neutro,0.0,-0.27668578554642986,-0.27668577432632446
1na71it,train,ont_domain_density,0.012145748987854251,-0.9282929422462832,-0.9282929301261902
1na71it,train,ont_total_negativo_mentions,1.0,3.1226332794662324,3.122633218765259
1na71it,train,ont_InteligenciaArtificial_Negativo,1.0,4.333905512278206,4.3339056968688965
1na71it,train,ont_Innovacion_Neutro,0.0,-0.16443598256119465,-0.1644359827041626
1na71it,train,ont_Etica_Negativo,0.0,-0.06834085335022719,-0.06834085285663605
1na71it,train,ont_Tecnologia_Neutro,0.0,-0.27668578554642986,-0.27668577432632446
1n9vd72,train,ont_domain_density,0.045454545454545456,-0.3308450196929606,-0.33084502816200256
1n9vd72,train,ont_total_negativo_mentions,0.0,-0.21001172000820306,-0.21001172065734863
1n9vd72,train,ont_InteligenciaArtificial_Negativo,0.0,-0.19168298382244495,-0.19168297946453094
1n9vd72,train,ont_Innovacion_Neutro,0.0,-0.16443598256119465,-0.1644359827041626
1n9vd72,train,ont_Etica_Negativo,0.0,-0.06834085335022719,-0.06834085285663605
1n9vd72,train,ont_Tecnologia_Neutro,0.0,-0.27668578554642986,-0.27668577432632446
1n9znkp,train,ont_domain_density,0.00267379679144385,-1.0981879478472445,-1.0981879234313965
1n9znkp,train,ont_total_negativo_mentions,0.0,-0.21001172000820306,-0.21001172065734863
1n9znkp,train,ont_InteligenciaArtificial_Negativo,0.0,-0.19168298382244495,-0.19168297946453094
1n9znkp,train,ont_Innovacion_Neutro,0.0,-0.16443598256119465,-0.1644359827041626
1n9znkp,train,ont_Etica_Negativo,0.0,-0.06834085335022719,-0.06834085285663605
1n9znkp,train,ont_Tecnologia_Neutro,0.0,-0.27668578554642986,-0.27668577432632446
1na8535,train,ont_domain_density,0.010526315789473684,-0.9573401340610305,-0.9573401212692261
1na8535,train,ont_total_negativo_mentions,0.0,-0.21001172000820306,-0.21001172065734863
1na8535,train,ont_InteligenciaArtificial_Negativo,0.0,-0.19168298382244495,-0.19168297946453094
1na8535,train,ont_Innovacion_Neutro,1.0,5.324323711205579,5.324323654174805
1na8535,train,ont_Etica_Negativo,0.0,-0.06834085335022719,-0.06834085285663605
1na8535,train,ont_Tecnologia_Neutro,0.0,-0.27668578554642986,-0.27668577432632446
1nahi9c,train,ont_domain_density,0.0051813471502590676,-1.0532109174081494,-1.053210973739624
1nahi9c,train,ont_total_negativo_mentions,0.0,-0.21001172000820306,-0.21001172065734863
1nahi9c,train,ont_InteligenciaArtificial_Negativo,0.0,-0.19168298382244495,-0.19168297946453094
1nahi9c,train,ont_Innovacion_Neutro,0.0,-0.16443598256119465,-0.1644359827041626
1nahi9c,train,ont_Etica_Negativo,0.0,-0.06834085335022719,-0.06834085285663605
1nahi9c,train,ont_Tecnologia_Neutro,0.0,-0.27668578554642986,-0.27668577432632446
1nac1ua,train,ont_domain_density,0.012578616352201259,-0.9205287557549201,-0.920528769493103
1nac1ua,train,ont_total_negativo_mentions,2.0,6.455278278940668,6.455278396606445
1nac1ua,train,ont_InteligenciaArtificial_Negativo,0.0,-0.19168298382244495,-0.19168297946453094
1nac1ua,train,ont_Innovacion_Neutro,0.0,-0.16443598256119465,-0.1644359827041626
1nac1ua,train,ont_Etica_Negativo,2.0,21.98297449432308,21.982975006103516
1nac1ua,train,ont_Tecnologia_Neutro,0.0,-0.27668578554642986,-0.27668577432632446
1nhvp01,train,ont_domain_density,0.007957559681697613,-1.0034149900430434,-1.0034149885177612
1nhvp01,train,ont_total_negativo_mentions,0.0,-0.21001172000820306,-0.21001172065734863
1nhvp01,train,ont_InteligenciaArtificial_Negativo,0.0,-0.19168298382244495,-0.19168297946453094
1nhvp01,train,ont_Innovacion_Neutro,0.0,-0.16443598256119465,-0.1644359827041626
1nhvp01,train,ont_Etica_Negativo,0.0,-0.06834085335022719,-0.06834085285663605
1nhvp01,train,ont_Tecnologia_Neutro,0.0,-0.27668578554642986,-0.27668577432632446
1ni4qku,train,ont_domain_density,0.008090614886731391,-1.0010284266044083,-1.0010284185409546
1ni4qku,train,ont_total_negativo_mentions,0.0,-0.21001172000820306,-0.21001172065734863
1ni4qku,train,ont_InteligenciaArtificial_Negativo,0.0,-0.19168298382244495,-0.19168297946453094
1ni4qku,train,ont_Innovacion_Neutro,0.0,-0.16443598256119465,-0.1644359827041626
1ni4qku,train,ont_Etica_Negativo,0.0,-0.06834085335022719,-0.06834085285663605
1ni4qku,train,ont_Tecnologia_Neutro,0.0,-0.27668578554642986,-0.27668577432632446
1nhes6x,train,ont_domain_density,0.0,-1.146146880856887,-1.1461468935012817
1nhes6x,train,ont_total_negativo_mentions,0.0,-0.21001172000820306,-0.21001172065734863
1nhes6x,train,ont_InteligenciaArtificial_Negativo,0.0,-0.19168298382244495,-0.19168297946453094
1nhes6x,train,ont_Innovacion_Neutro,0.0,-0.16443598256119465,-0.1644359827041626
1nhes6x,train,ont_Etica_Negativo,0.0,-0.06834085335022719,-0.06834085285663605
1nhes6x,train,ont_Tecnologia_Neutro,0.0,-0.27668578554642986,-0.27668577432632446
1nhelfu,train,ont_domain_density,0.022058823529411766,-0.7504856835273345,-0.7504856586456299
1nhelfu,train,ont_total_negativo_mentions,0.0,-0.21001172000820306,-0.21001172065734863
1nhelfu,train,ont_InteligenciaArtificial_Negativo,0.0,-0.19168298382244495,-0.19168297946453094
1nhelfu,train,ont_Innovacion_Neutro,0.0,-0.16443598256119465,-0.1644359827041626
1nhelfu,train,ont_Etica_Negativo,0.0,-0.06834085335022719,-0.06834085285663605
1nhelfu,train,ont_Tecnologia_Neutro,1.0,1.2450860349589343,1.2450860738754272
1nhe9zg,train,ont_domain_density,0.05454545454545454,-0.16778464746017538,-0.16778464615345
1nhe9zg,train,ont_total_negativo_mentions,0.0,-0.21001172000820306,-0.21001172065734863
1nhe9zg,train,ont_InteligenciaArtificial_Negativo,0.0,-0.19168298382244495,-0.19168297946453094
1nhe9zg,train,ont_Innovacion_Neutro,1.0,5.324323711205579,5.324323654174805
1nhe9zg,train,ont_Etica_Negativo,0.0,-0.06834085335022719,-0.06834085285663605
1nhe9zg,train,ont_Tecnologia_Neutro,1.0,1.2450860349589343,1.2450860738754272
1nf8xhs,train,ont_domain_density,0.04285714285714286,-0.37743369747375644,-0.3774336874485016
1nf8xhs,train,ont_total_negativo_mentions,0.0,-0.21001172000820306,-0.21001172065734863
1nf8xhs,train,ont_InteligenciaArtificial_Negativo,0.0,-0.19168298382244495,-0.19168297946453094
1nf8xhs,train,ont_Innovacion_Neutro,0.0,-0.16443598256119465,-0.1644359827041626
1nf8xhs,train,ont_Etica_Negativo,0.0,-0.06834085335022719,-0.06834085285663605
1nf8xhs,train,ont_Tecnologia_Neutro,1.0,1.2450860349589343,1.2450860738754272
1nfkmlc,train,ont_domain_density,0.010830324909747292,-0.9518872316264931,-0.9518872499465942
1nfkmlc,train,ont_total_negativo_mentions,0.0,-0.21001172000820306,-0.21001172065734863
1nfkmlc,train,ont_InteligenciaArtificial_Negativo,0.0,-0.19168298382244495,-0.19168297946453094
1nfkmlc,train,ont_Innovacion_Neutro,0.0,-0.16443598256119465,-0.1644359827041626
1nfkmlc,train,ont_Etica_Negativo,0.0,-0.06834085335022719,-0.06834085285663605
1nfkmlc,train,ont_Tecnologia_Neutro,1.0,1.2450860349589343,1.2450860738754272
1nf9szp,train,ont_domain_density,0.038461538461538464,-0.4562760752566416,-0.4562760889530182
1nf9szp,train,ont_total_negativo_mentions,0.0,-0.21001172000820306,-0.21001172065734863
1nf9szp,train,ont_InteligenciaArtificial_Negativo,0.0,-0.19168298382244495,-0.19168297946453094
1nf9szp,train,ont_Innovacion_Neutro,0.0,-0.16443598256119465,-0.1644359827041626
1nf9szp,train,ont_Etica_Negativo,0.0,-0.06834085335022719,-0.06834085285663605
1nf9szp,train,ont_Tecnologia_Neutro,0.0,-0.27668578554642986,-0.27668577432632446
1nf5cr0,train,ont_domain_density,0.09090909090909091,0.4844568414709659,0.4844568371772766
1nf5cr0,train,ont_total_negativo_mentions,0.0,-0.21001172000820306,-0.21001172065734863
1nf5cr0,train,ont_InteligenciaArtificial_Negativo,0.0,-0.19168298382244495,-0.19168297946453094
1nf5cr0,train,ont_Innovacion_Neutro,0.0,-0.16443598256119465,-0.1644359827041626
1nf5cr0,train,ont_Etica_Negativo,0.0,-0.06834085335022719,-0.06834085285663605
1nf5cr0,train,ont_Tecnologia_Neutro,0.0,-0.27668578554642986,-0.27668577432632446
1nfex6t,train,ont_domain_density,0.004545454545454545,-1.0646166947404945,-1.0646166801452637
1nfex6t,train,ont_total_negativo_mentions,0.0,-0.21001172000820306,-0.21001172065734863
1nfex6t,train,ont_InteligenciaArtificial_Negativo,0.0,-0.19168298382244495,-0.19168297946453094
1nfex6t,train,ont_Innovacion_Neutro,0.0,-0.16443598256119465,-0.1644359827041626
1nfex6t,train,ont_Etica_Negativo,0.0,-0.06834085335022719,-0.06834085285663605
1nfex6t,train,ont_Tecnologia_Neutro,0.0,-0.27668578554642986,-0.27668577432632446
1ng5azt,train,ont_domain_density,0.015748031496062992,-0.8636800943119047,-0.8636800646781921
1ng5azt,train,ont_total_negativo_mentions,0.0,-0.21001172000820306,-0.21001172065734863
1ng5azt,train,ont_InteligenciaArtificial_Negativo,0.0,-0.19168298382244495,-0.19168297946453094
1ng5azt,train,ont_Innovacion_Neutro,0.0,-0.16443598256119465,-0.1644359827041626
1ng5azt,train,ont_Etica_Negativo,0.0,-0.06834085335022719,-0.06834085285663605
1ng5azt,train,ont_Tecnologia_Neutro,0.0,-0.27668578554642986,-0.27668577432632446
1nftrrq,train,ont_domain_density,0.022727272727272728,-0.7384959502749239,-0.738495945930481
1nftrrq,train,ont_total_negativo_mentions,0.0,-0.21001172000820306,-0.21001172065734863
1nftrrq,train,ont_InteligenciaArtificial_Negativo,0.0,-0.19168298382244495,-0.19168297946453094
1nftrrq,train,ont_Innovacion_Neutro,0.0,-0.16443598256119465,-0.1644359827041626
1nftrrq,train,ont_Etica_Negativo,0.0,-0.06834085335022719,-0.06834085285663605
1nftrrq,train,ont_Tecnologia_Neutro,0.0,-0.27668578554642986,-0.27668577432632446
1nfqlm6,train,ont_domain_density,0.005714285714285714,-1.0436517897391364,-1.043651819229126
1nfqlm6,train,ont_total_negativo_mentions,0.0,-0.21001172000820306,-0.21001172065734863
1nfqlm6,train,ont_InteligenciaArtificial_Negativo,0.0,-0.19168298382244495,-0.19168297946453094
1nfqlm6,train,ont_Innovacion_Neutro,0.0,-0.16443598256119465,-0.1644359827041626
1nfqlm6,train,ont_Etica_Negativo,0.0,-0.06834085335022719,-0.06834085285663605
1nfqlm6,train,ont_Tecnologia_Neutro,0.0,-0.27668578554642986,-0.27668577432632446
1nfpfp4,train,ont_domain_density,0.05263157894736842,-0.20211314687760387,-0.20211315155029297
1nfpfp4,train,ont_total_negativo_mentions,0.0,-0.21001172000820306,-0.21001172065734863
1nfpfp4,train,ont_InteligenciaArtificial_Negativo,0.0,-0.19168298382244495,-0.19168297946453094
1nfpfp4,train,ont_Innovacion_Neutro,0.0,-0.16443598256119465,-0.1644359827041626
1nfpfp4,train,ont_Etica_Negativo,0.0,-0.06834085335022719,-0.06834085285663605
1nfpfp4,train,ont_Tecnologia_Neutro,0.0,-0.27668578554642986,-0.27668577432632446
1nfp373,train,ont_domain_density,0.006160164271047228,-1.0356542261611599,-1.0356541872024536
1nfp373,train,ont_total_negativo_mentions,0.0,-0.21001172000820306,-0.21001172065734863
1nfp373,train,ont_InteligenciaArtificial_Negativo,0.0,-0.19168298382244495,-0.19168297946453094
1nfp373,train,ont_Innovacion_Neutro,0.0,-0.16443598256119465,-0.1644359827041626
1nfp373,train,ont_Etica_Negativo,0.0,-0.06834085335022719,-0.06834085285663605
1nfp373,train,ont_Tecnologia_Neutro,0.0,-0.27668578554642986,-0.27668577432632446
1nfud9l,train,ont_domain_density,0.029850746268656716,-0.610724763077592,-0.6107247471809387
1nfud9l,train,ont_total_negativo_mentions,0.0,-0.21001172000820306,-0.21001172065734863
1nfud9l,train,ont_InteligenciaArtificial_Negativo,0.0,-0.19168298382244495,-0.19168297946453094
1nfud9l,train,ont_Innovacion_Neutro,0.0,-0.16443598256119465,-0.1644359827041626
1nfud9l,train,ont_Etica_Negativo,0.0,-0.06834085335022719,-0.06834085285663605
1nfud9l,train,ont_Tecnologia_Neutro,0.0,-0.27668578554642986,-0.27668577432632446
1ng4u4k,train,ont_domain_density,0.029850746268656716,-0.610724763077592,-0.6107247471809387
1ng4u4k,train,ont_total_negativo_mentions,0.0,-0.21001172000820306,-0.21001172065734863
1ng4u4k,train,ont_InteligenciaArtificial_Negativo,0.0,-0.19168298382244495,-0.19168297946453094
1ng4u4k,train,ont_Innovacion_Neutro,0.0,-0.16443598256119465,-0.1644359827041626
1ng4u4k,train,ont_Etica_Negativo,0.0,-0.06834085335022719,-0.06834085285663605
1ng4u4k,train,ont_Tecnologia_Neutro,0.0,-0.27668578554642986,-0.27668577432632446
1nfpoad,train,ont_domain_density,0.04,-0.4286812430326318,-0.42868125438690186
1nfpoad,train,ont_total_negativo_mentions,0.0,-0.21001172000820306,-0.21001172065734863
1nfpoad,train,ont_InteligenciaArtificial_Negativo,0.0,-0.19168298382244495,-0.19168297946453094
1nfpoad,train,ont_Innovacion_Neutro,0.0,-0.16443598256119465,-0.1644359827041626
1nfpoad,train,ont_Etica_Negativo,0.0,-0.06834085335022719,-0.06834085285663605
1nfpoad,train,ont_Tecnologia_Neutro,0.0,-0.27668578554642986,-0.27668577432632446
1ng0fx1,train,ont_domain_density,0.023622047244094488,-0.7224467010394136,-0.7224466800689697
1ng0fx1,train,ont_total_negativo_mentions,0.0,-0.21001172000820306,-0.21001172065734863
1ng0fx1,train,ont_InteligenciaArtificial_Negativo,0.0,-0.19168298382244495,-0.19168297946453094
1ng0fx1,train,ont_Innovacion_Neutro,1.0,5.324323711205579,5.324323654174805
1ng0fx1,train,ont_Etica_Negativo,0.0,-0.06834085335022719,-0.06834085285663605
1ng0fx1,train,ont_Tecnologia_Neutro,0.0,-0.27668578554642986,-0.27668577432632446
1ng9vuh,train,ont_domain_density,0.0047169811320754715,-1.0615400839436495,-1.061540126800537
1ng9vuh,train,ont_total_negativo_mentions,0.0,-0.21001172000820306,-0.21001172065734863
1ng9vuh,train,ont_InteligenciaArtificial_Negativo,0.0,-0.19168298382244495,-0.19168297946453094
1ng9vuh,train,ont_Innovacion_Neutro,0.0,-0.16443598256119465,-0.1644359827041626
1ng9vuh,train,ont_Etica_Negativo,0.0,-0.06834085335022719,-0.06834085285663605
1ng9vuh,train,ont_Tecnologia_Neutro,2.0,2.7668578554642984,2.766857862472534
1ng69y1,train,ont_domain_density,0.017241379310344827,-0.8368944507602254,-0.8368944525718689
1ng69y1,train,ont_total_negativo_mentions,0.0,-0.21001172000820306,-0.21001172065734863
1ng69y1,train,ont_InteligenciaArtificial_Negativo,0.0,-0.19168298382244495,-0.19168297946453094
1ng69y1,train,ont_Innovacion_Neutro,0.0,-0.16443598256119465,-0.1644359827041626
1ng69y1,train,ont_Etica_Negativo,0.0,-0.06834085335022719,-0.06834085285663605
1ng69y1,train,ont_Tecnologia_Neutro,3.0,4.288629675969663,4.288629531860352
1nfw8qm,train,ont_domain_density,0.014319809069212411,-0.8892976071727862,-0.889297604560852
1nfw8qm,train,ont_total_negativo_mentions,0.0,-0.21001172000820306,-0.21001172065734863
1nfw8qm,train,ont_InteligenciaArtificial_Negativo,0.0,-0.19168298382244495,-0.19168297946453094
1nfw8qm,train,ont_Innovacion_Neutro,0.0,-0.16443598256119465,-0.1644359827041626
1nfw8qm,train,ont_Etica_Negativo,0.0,-0.06834085335022719,-0.06834085285663605
1nfw8qm,train,ont_Tecnologia_Neutro,1.0,1.2450860349589343,1.2450860738754272
1ngjzuz,train,ont_domain_density,0.011494252873563218,-0.9399785941257793,-0.9399785995483398
1ngjzuz,train,ont_total_negativo_mentions,0.0,-0.21001172000820306,-0.21001172065734863
1ngjzuz,train,ont_InteligenciaArtificial_Negativo,0.0,-0.19168298382244495,-0.19168297946453094
1ngjzuz,train,ont_Innovacion_Neutro,0.0,-0.16443598256119465,-0.1644359827041626
1ngjzuz,train,ont_Etica_Negativo,0.0,-0.06834085335022719,-0.06834085285663605
1ngjzuz,train,ont_Tecnologia_Neutro,0.0,-0.27668578554642986,-0.27668577432632446
1ng2oyl,train,ont_domain_density,0.08333333333333333,0.3485731979436447,0.3485732078552246
1ng2oyl,train,ont_total_negativo_mentions,2.0,6.455278278940668,6.455278396606445
1ng2oyl,train,ont_InteligenciaArtificial_Negativo,2.0,8.859494008378858,8.85949420928955
1ng2oyl,train,ont_Innovacion_Neutro,0.0,-0.16443598256119465,-0.1644359827041626
1ng2oyl,train,ont_Etica_Negativo,0.0,-0.06834085335022719,-0.06834085285663605
1ng2oyl,train,ont_Tecnologia_Neutro,0.0,-0.27668578554642986,-0.27668577432632446
1nfwctv,train,ont_domain_density,0.028037383177570093,-0.6432504057464278,-0.6432504057884216
1nfwctv,train,ont_total_negativo_mentions,0.0,-0.21001172000820306,-0.21001172065734863
1nfwctv,train,ont_InteligenciaArtificial_Negativo,0.0,-0.19168298382244495,-0.19168297946453094
1nfwctv,train,ont_Innovacion_Neutro,0.0,-0.16443598256119465,-0.1644359827041626
1nfwctv,train,ont_Etica_Negativo,0.0,-0.06834085335022719,-0.06834085285663605
1nfwctv,train,ont_Tecnologia_Neutro,0.0,-0.27668578554642986,-0.27668577432632446
1ng378m,train,ont_domain_density,0.004098360655737705,-1.07263605730932,-1.0726360082626343
1ng378m,train,ont_total_negativo_mentions,0.0,-0.21001172000820306,-0.21001172065734863
1ng378m,train,ont_InteligenciaArtificial_Negativo,0.0,-0.19168298382244495,-0.19168297946453094
1ng378m,train,ont_Innovacion_Neutro,0.0,-0.16443598256119465,-0.1644359827041626
1ng378m,train,ont_Etica_Negativo,0.0,-0.06834085335022719,-0.06834085285663605
1ng378m,train,ont_Tecnologia_Neutro,0.0,-0.27668578554642986,-0.27668577432632446
1ngz5s2,train,ont_domain_density,0.013888888888888888,-0.8970268677234652,-0.8970268964767456
1ngz5s2,train,ont_total_negativo_mentions,0.0,-0.21001172000820306,-0.21001172065734863
1ngz5s2,train,ont_InteligenciaArtificial_Negativo,0.0,-0.19168298382244495,-0.19168297946453094
1ngz5s2,train,ont_Innovacion_Neutro,0.0,-0.16443598256119465,-0.1644359827041626
1ngz5s2,train,ont_Etica_Negativo,0.0,-0.06834085335022719,-0.06834085285663605
1ngz5s2,train,ont_Tecnologia_Neutro,2.0,2.7668578554642984,2.766857862472534
1ngxrus,train,ont_domain_density,0.014492753623188406,-0.8861955628046206,-0.8861955404281616
1ngxrus,train,ont_total_negativo_mentions,0.0,-0.21001172000820306,-0.21001172065734863
1ngxrus,train,ont_InteligenciaArtificial_Negativo,0.0,-0.19168298382244495,-0.19168297946453094
1ngxrus,train,ont_Innovacion_Neutro,0.0,-0.16443598256119465,-0.1644359827041626
1ngxrus,train,ont_Etica_Negativo,0.0,-0.06834085335022719,-0.06834085285663605
1ngxrus,train,ont_Tecnologia_Neutro,0.0,-0.27668578554642986,-0.27668577432632446
1ngmoqa,train,ont_domain_density,0.037037037037037035,-0.48182684583442853,-0.4818268418312073
1ngmoqa,train,ont_total_negativo_mentions,0.0,-0.21001172000820306,-0.21001172065734863
1ngmoqa,train,ont_InteligenciaArtificial_Negativo,0.0,-0.19168298382244495,-0.19168297946453094
1ngmoqa,train,ont_Innovacion_Neutro,0.0,-0.16443598256119465,-0.1644359827041626
1ngmoqa,train,ont_Etica_Negativo,0.0,-0.06834085335022719,-0.06834085285663605
1ngmoqa,train,ont_Tecnologia_Neutro,0.0,-0.27668578554642986,-0.27668577432632446
1ngs3i9,train,ont_domain_density,0.07317073170731707,0.16629026150455545,0.1662902683019638
1ngs3i9,train,ont_total_negativo_mentions,0.0,-0.21001172000820306,-0.21001172065734863
1ngs3i9,train,ont_InteligenciaArtificial_Negativo,0.0,-0.19168298382244495,-0.19168297946453094
1ngs3i9,train,ont_Innovacion_Neutro,1.0,5.324323711205579,5.324323654174805
1ngs3i9,train,ont_Etica_Negativo,0.0,-0.06834085335022719,-0.06834085285663605
1ngs3i9,train,ont_Tecnologia_Neutro,2.0,2.7668578554642984,2.766857862472534
1ngmvi2,train,ont_domain_density,0.0,-1.146146880856887,-1.1461468935012817
1ngmvi2,train,ont_total_negativo_mentions,0.0,-0.21001172000820306,-0.21001172065734863
1ngmvi2,train,ont_InteligenciaArtificial_Negativo,0.0,-0.19168298382244495,-0.19168297946453094
1ngmvi2,train,ont_Innovacion_Neutro,0.0,-0.16443598256119465,-0.1644359827041626
1ngmvi2,train,ont_Etica_Negativo,0.0,-0.06834085335022719,-0.06834085285663605
1ngmvi2,train,ont_Tecnologia_Neutro,0.0,-0.27668578554642986,-0.27668577432632446
1ngxi61,train,ont_domain_density,0.024390243902439025,-0.7086678334030729,-0.7086678147315979
1ngxi61,train,ont_total_negativo_mentions,0.0,-0.21001172000820306,-0.21001172065734863
1ngxi61,train,ont_InteligenciaArtificial_Negativo,0.0,-0.19168298382244495,-0.19168297946453094
1ngxi61,train,ont_Innovacion_Neutro,0.0,-0.16443598256119465,-0.1644359827041626
1ngxi61,train,ont_Etica_Negativo,0.0,-0.06834085335022719,-0.06834085285663605
1ngxi61,train,ont_Tecnologia_Neutro,0.0,-0.27668578554642986,-0.27668577432632446
1ngowdq,train,ont_domain_density,0.017241379310344827,-0.8368944507602254,-0.8368944525718689
1ngowdq,train,ont_total_negativo_mentions,0.0,-0.21001172000820306,-0.21001172065734863
1ngowdq,train,ont_InteligenciaArtificial_Negativo,0.0,-0.19168298382244495,-0.19168297946453094
1ngowdq,train,ont_Innovacion_Neutro,0.0,-0.16443598256119465,-0.1644359827041626
1ngowdq,train,ont_Etica_Negativo,0.0,-0.06834085335022719,-0.06834085285663605
1ngowdq,train,ont_Tecnologia_Neutro,0.0,-0.27668578554642986,-0.27668577432632446
1n7etd8,train,ont_domain_density,0.1,0.6475172137037513,0.647517204284668
1n7etd8,train,ont_total_negativo_mentions,0.0,-0.21001172000820306,-0.21001172065734863
1n7etd8,train,ont_InteligenciaArtificial_Negativo,0.0,-0.19168298382244495,-0.19168297946453094
1n7etd8,train,ont_Innovacion_Neutro,0.0,-0.16443598256119465,-0.1644359827041626
1n7etd8,train,ont_Etica_Negativo,0.0,-0.06834085335022719,-0.06834085285663605
1n7etd8,train,ont_Tecnologia_Neutro,0.0,-0.27668578554642986,-0.27668577432632446
1n7g49p,train,ont_domain_density,0.06666666666666667,0.04962918218353839,0.04962918162345886
1n7g49p,train,ont_total_negativo_mentions,0.0,-0.21001172000820306,-0.21001172065734863
1n7g49p,train,ont_InteligenciaArtificial_Negativo,0.0,-0.19168298382244495,-0.19168297946453094
1n7g49p,train,ont_Innovacion_Neutro,0.0,-0.16443598256119465,-0.1644359827041626
1n7g49p,train,ont_Etica_Negativo,0.0,-0.06834085335022719,-0.06834085285663605
1n7g49p,train,ont_Tecnologia_Neutro,0.0,-0.27668578554642986,-0.27668577432632446
1ndliom,train,ont_domain_density,0.06666666666666667,0.04962918218353839,0.04962918162345886
1ndliom,train,ont_total_negativo_mentions,0.0,-0.21001172000820306,-0.21001172065734863
1ndliom,train,ont_InteligenciaArtificial_Negativo,0.0,-0.19168298382244495,-0.19168297946453094
1ndliom,train,ont_Innovacion_Neutro,0.0,-0.16443598256119465,-0.1644359827041626
1ndliom,train,ont_Etica_Negativo,0.0,-0.06834085335022719,-0.06834085285663605
1ndliom,train,ont_Tecnologia_Neutro,0.0,-0.27668578554642986,-0.27668577432632446
1nddgl5,train,ont_domain_density,0.1,0.6475172137037513,0.647517204284668
1nddgl5,train,ont_total_negativo_mentions,0.0,-0.21001172000820306,-0.21001172065734863
1nddgl5,train,ont_InteligenciaArtificial_Negativo,0.0,-0.19168298382244495,-0.19168297946453094
1nddgl5,train,ont_Innovacion_Neutro,0.0,-0.16443598256119465,-0.1644359827041626
1nddgl5,train,ont_Etica_Negativo,0.0,-0.06834085335022719,-0.06834085285663605
1nddgl5,train,ont_Tecnologia_Neutro,0.0,-0.27668578554642986,-0.27668577432632446
1ndjtbc,train,ont_domain_density,0.08333333333333333,0.3485731979436447,0.3485732078552246
1ndjtbc,train,ont_total_negativo_mentions,0.0,-0.21001172000820306,-0.21001172065734863
1ndjtbc,train,ont_InteligenciaArtificial_Negativo,0.0,-0.19168298382244495,-0.19168297946453094
1ndjtbc,train,ont_Innovacion_Neutro,0.0,-0.16443598256119465,-0.1644359827041626
1ndjtbc,train,ont_Etica_Negativo,0.0,-0.06834085335022719,-0.06834085285663605
1ndjtbc,train,ont_Tecnologia_Neutro,0.0,-0.27668578554642986,-0.27668577432632446
1napu72,train,ont_domain_density,0.05555555555555555,-0.14966682832319925,-0.14966683089733124
1napu72,train,ont_total_negativo_mentions,0.0,-0.21001172000820306,-0.21001172065734863
1napu72,train,ont_InteligenciaArtificial_Negativo,0.0,-0.19168298382244495,-0.19168297946453094
1napu72,train,ont_Innovacion_Neutro,0.0,-0.16443598256119465,-0.1644359827041626
1napu72,train,ont_Etica_Negativo,0.0,-0.06834085335022719,-0.06834085285663605
1napu72,train,ont_Tecnologia_Neutro,0.0,-0.27668578554642986,-0.27668577432632446
1ncqnzs,train,ont_domain_density,0.08333333333333333,0.3485731979436447,0.3485732078552246
1ncqnzs,train,ont_total_negativo_mentions,0.0,-0.21001172000820306,-0.21001172065734863
1ncqnzs,train,ont_InteligenciaArtificial_Negativo,0.0,-0.19168298382244495,-0.19168297946453094
1ncqnzs,train,ont_Innovacion_Neutro,0.0,-0.16443598256119465,-0.1644359827041626
1ncqnzs,train,ont_Etica_Negativo,0.0,-0.06834085335022719,-0.06834085285663605
1ncqnzs,train,ont_Tecnologia_Neutro,0.0,-0.27668578554642986,-0.27668577432632446
1nck3hm,train,ont_domain_density,0.05555555555555555,-0.14966682832319925,-0.14966683089733124
1nck3hm,train,ont_total_negativo_mentions,0.0,-0.21001172000820306,-0.21001172065734863
1nck3hm,train,ont_InteligenciaArtificial_Negativo,0.0,-0.19168298382244495,-0.19168297946453094
1nck3hm,train,ont_Innovacion_Neutro,0.0,-0.16443598256119465,-0.1644359827041626
1nck3hm,train,ont_Etica_Negativo,0.0,-0.06834085335022719,-0.06834085285663605
1nck3hm,train,ont_Tecnologia_Neutro,0.0,-0.27668578554642986,-0.27668577432632446
1nckqqg,train,ont_domain_density,0.05263157894736842,-0.20211314687760387,-0.20211315155029297
1nckqqg,train,ont_total_negativo_mentions,0.0,-0.21001172000820306,-0.21001172065734863
1nckqqg,train,ont_InteligenciaArtificial_Negativo,0.0,-0.19168298382244495,-0.19168297946453094
1nckqqg,train,ont_Innovacion_Neutro,0.0,-0.16443598256119465,-0.1644359827041626
1nckqqg,train,ont_Etica_Negativo,0.0,-0.06834085335022719,-0.06834085285663605
1nckqqg,train,ont_Tecnologia_Neutro,0.0,-0.27668578554642986,-0.27668577432632446
1n7iyfc,train,ont_domain_density,0.08333333333333333,0.3485731979436447,0.3485732078552246
1n7iyfc,train,ont_total_negativo_mentions,0.0,-0.21001172000820306,-0.21001172065734863
1n7iyfc,train,ont_InteligenciaArtificial_Negativo,0.0,-0.19168298382244495,-0.19168297946453094
1n7iyfc,train,ont_Innovacion_Neutro,0.0,-0.16443598256119465,-0.1644359827041626
1n7iyfc,train,ont_Etica_Negativo,0.0,-0.06834085335022719,-0.06834085285663605
1n7iyfc,train,ont_Tecnologia_Neutro,0.0,-0.27668578554642986,-0.27668577432632446
1n7ju37,train,ont_domain_density,0.02702702702702703,-0.6613728012459038,-0.6613727807998657
1n7ju37,train,ont_total_negativo_mentions,0.0,-0.21001172000820306,-0.21001172065734863
1n7ju37,train,ont_InteligenciaArtificial_Negativo,0.0,-0.19168298382244495,-0.19168297946453094
1n7ju37,train,ont_Innovacion_Neutro,0.0,-0.16443598256119465,-0.1644359827041626
1n7ju37,train,ont_Etica_Negativo,0.0,-0.06834085335022719,-0.06834085285663605
1n7ju37,train,ont_Tecnologia_Neutro,0.0,-0.27668578554642986,-0.27668577432632446
1n79v44,train,ont_domain_density,0.058823529411764705,-0.09105035464474698,-0.09105035662651062
1n79v44,train,ont_total_negativo_mentions,0.0,-0.21001172000820306,-0.21001172065734863
1n79v44,train,ont_InteligenciaArtificial_Negativo,0.0,-0.19168298382244495,-0.19168297946453094
1n79v44,train,ont_Innovacion_Neutro,0.0,-0.16443598256119465,-0.1644359827041626
1n79v44,train,ont_Etica_Negativo,0.0,-0.06834085335022719,-0.06834085285663605
1n79v44,train,ont_Tecnologia_Neutro,1.0,1.2450860349589343,1.2450860738754272
1n8h63x,train,ont_domain_density,0.0,-1.146146880856887,-1.1461468935012817
1n8h63x,train,ont_total_negativo_mentions,0.0,-0.21001172000820306,-0.21001172065734863
1n8h63x,train,ont_InteligenciaArtificial_Negativo,0.0,-0.19168298382244495,-0.19168297946453094
1n8h63x,train,ont_Innovacion_Neutro,0.0,-0.16443598256119465,-0.1644359827041626
1n8h63x,train,ont_Etica_Negativo,0.0,-0.06834085335022719,-0.06834085285663605
1n8h63x,train,ont_Tecnologia_Neutro,0.0,-0.27668578554642986,-0.27668577432632446
1n8h8vj,train,ont_domain_density,0.0,-1.146146880856887,-1.1461468935012817
1n8h8vj,train,ont_total_negativo_mentions,0.0,-0.21001172000820306,-0.21001172065734863
1n8h8vj,train,ont_InteligenciaArtificial_Negativo,0.0,-0.19168298382244495,-0.19168297946453094
1n8h8vj,train,ont_Innovacion_Neutro,0.0,-0.16443598256119465,-0.1644359827041626
1n8h8vj,train,ont_Etica_Negativo,0.0,-0.06834085335022719,-0.06834085285663605
1n8h8vj,train,ont_Tecnologia_Neutro,0.0,-0.27668578554642986,-0.27668577432632446
1n983y9,train,ont_domain_density,0.125,1.0959332373439108,1.095933198928833
1n983y9,train,ont_total_negativo_mentions,0.0,-0.21001172000820306,-0.21001172065734863
1n983y9,train,ont_InteligenciaArtificial_Negativo,0.0,-0.19168298382244495,-0.19168297946453094
1n983y9,train,ont_Innovacion_Neutro,1.0,5.324323711205579,5.324323654174805
1n983y9,train,ont_Etica_Negativo,0.0,-0.06834085335022719,-0.06834085285663605
1n983y9,train,ont_Tecnologia_Neutro,0.0,-0.27668578554642986,-0.27668577432632446
1nei5ed,train,ont_domain_density,0.1111111111111111,0.8468132242104887,0.8468132019042969
1nei5ed,train,ont_total_negativo_mentions,0.0,-0.21001172000820306,-0.21001172065734863
1nei5ed,train,ont_InteligenciaArtificial_Negativo,0.0,-0.19168298382244495,-0.19168297946453094
1nei5ed,train,ont_Innovacion_Neutro,0.0,-0.16443598256119465,-0.1644359827041626
1nei5ed,train,ont_Etica_Negativo,0.0,-0.06834085335022719,-0.06834085285663605
1nei5ed,train,ont_Tecnologia_Neutro,0.0,-0.27668578554642986,-0.27668577432632446
1nem0b4,train,ont_domain_density,0.0,-1.146146880856887,-1.1461468935012817
1nem0b4,train,ont_total_negativo_mentions,0.0,-0.21001172000820306,-0.21001172065734863
1nem0b4,train,ont_InteligenciaArtificial_Negativo,0.0,-0.19168298382244495,-0.19168297946453094
1nem0b4,train,ont_Innovacion_Neutro,0.0,-0.16443598256119465,-0.1644359827041626
1nem0b4,train,ont_Etica_Negativo,0.0,-0.06834085335022719,-0.06834085285663605
1nem0b4,train,ont_Tecnologia_Neutro,0.0,-0.27668578554642986,-0.27668577432632446
1nixd5a,train,ont_domain_density,0.1,0.6475172137037513,0.647517204284668
1nixd5a,train,ont_total_negativo_mentions,0.0,-0.21001172000820306,-0.21001172065734863
1nixd5a,train,ont_InteligenciaArtificial_Negativo,0.0,-0.19168298382244495,-0.19168297946453094
1nixd5a,train,ont_Innovacion_Neutro,0.0,-0.16443598256119465,-0.1644359827041626
1nixd5a,train,ont_Etica_Negativo,0.0,-0.06834085335022719,-0.06834085285663605
1nixd5a,train,ont_Tecnologia_Neutro,0.0,-0.27668578554642986,-0.27668577432632446
1nirn9j,train,ont_domain_density,0.07692307692307693,0.23359473034360395,0.23359473049640656
1nirn9j,train,ont_total_negativo_mentions,0.0,-0.21001172000820306,-0.21001172065734863
1nirn9j,train,ont_InteligenciaArtificial_Negativo,0.0,-0.19168298382244495,-0.19168297946453094
1nirn9j,train,ont_Innovacion_Neutro,0.0,-0.16443598256119465,-0.1644359827041626
1nirn9j,train,ont_Etica_Negativo,0.0,-0.06834085335022719,-0.06834085285663605
1nirn9j,train,ont_Tecnologia_Neutro,0.0,-0.27668578554642986,-0.27668577432632446
1njeaco,train,ont_domain_density,0.16666666666666666,1.8432932767441765,1.843293309211731
1njeaco,train,ont_total_negativo_mentions,2.0,6.455278278940668,6.455278396606445
1njeaco,train,ont_InteligenciaArtificial_Negativo,1.0,4.333905512278206,4.3339056968688965
1njeaco,train,ont_Innovacion_Neutro,0.0,-0.16443598256119465,-0.1644359827041626
1njeaco,train,ont_Etica_Negativo,0.0,-0.06834085335022719,-0.06834085285663605
1njeaco,train,ont_Tecnologia_Neutro,0.0,-0.27668578554642986,-0.27668577432632446
1ndm2y0,train,ont_domain_density,0.0,-1.146146880856887,-1.1461468935012817
1ndm2y0,train,ont_total_negativo_mentions,0.0,-0.21001172000820306,-0.21001172065734863
1ndm2y0,train,ont_InteligenciaArtificial_Negativo,0.0,-0.19168298382244495,-0.19168297946453094
1ndm2y0,train,ont_Innovacion_Neutro,0.0,-0.16443598256119465,-0.1644359827041626
1ndm2y0,train,ont_Etica_Negativo,0.0,-0.06834085335022719,-0.06834085285663605
1ndm2y0,train,ont_Tecnologia_Neutro,0.0,-0.27668578554642986,-0.27668577432632446
1ndzka8,train,ont_domain_density,0.08333333333333333,0.3485731979436447,0.3485732078552246
1ndzka8,train,ont_total_negativo_mentions,0.0,-0.21001172000820306,-0.21001172065734863
1ndzka8,train,ont_InteligenciaArtificial_Negativo,0.0,-0.19168298382244495,-0.19168297946453094
1ndzka8,train,ont_Innovacion_Neutro,0.0,-0.16443598256119465,-0.1644359827041626
1ndzka8,train,ont_Etica_Negativo,0.0,-0.06834085335022719,-0.06834085285663605
1ndzka8,train,ont_Tecnologia_Neutro,0.0,-0.27668578554642986,-0.27668577432632446
1ncecge,train,ont_domain_density,0.0,-1.146146880856887,-1.1461468935012817
1ncecge,train,ont_total_negativo_mentions,0.0,-0.21001172000820306,-0.21001172065734863
1ncecge,train,ont_InteligenciaArtificial_Negativo,0.0,-0.19168298382244495,-0.19168297946453094
1ncecge,train,ont_Innovacion_Neutro,0.0,-0.16443598256119465,-0.1644359827041626
1ncecge,train,ont_Etica_Negativo,0.0,-0.06834085335022719,-0.06834085285663605
1ncecge,train,ont_Tecnologia_Neutro,0.0,-0.27668578554642986,-0.27668577432632446
1nbin06,train,ont_domain_density,0.13333333333333333,1.245405245223964,1.2454051971435547
1nbin06,train,ont_total_negativo_mentions,0.0,-0.21001172000820306,-0.21001172065734863
1nbin06,train,ont_InteligenciaArtificial_Negativo,0.0,-0.19168298382244495,-0.19168297946453094
1nbin06,train,ont_Innovacion_Neutro,1.0,5.324323711205579,5.324323654174805
1nbin06,train,ont_Etica_Negativo,0.0,-0.06834085335022719,-0.06834085285663605
1nbin06,train,ont_Tecnologia_Neutro,0.0,-0.27668578554642986,-0.27668577432632446
1nc4y7f,train,ont_domain_density,0.0,-1.146146880856887,-1.1461468935012817
1nc4y7f,train,ont_total_negativo_mentions,0.0,-0.21001172000820306,-0.21001172065734863
1nc4y7f,train,ont_InteligenciaArtificial_Negativo,0.0,-0.19168298382244495,-0.19168297946453094
1nc4y7f,train,ont_Innovacion_Neutro,0.0,-0.16443598256119465,-0.1644359827041626
1nc4y7f,train,ont_Etica_Negativo,0.0,-0.06834085335022719,-0.06834085285663605
1nc4y7f,train,ont_Tecnologia_Neutro,0.0,-0.27668578554642986,-0.27668577432632446
1n69vk5,train,ont_domain_density,0.0,-1.146146880856887,-1.1461468935012817
1n69vk5,train,ont_total_negativo_mentions,0.0,-0.21001172000820306,-0.21001172065734863
1n69vk5,train,ont_InteligenciaArtificial_Negativo,0.0,-0.19168298382244495,-0.19168297946453094
1n69vk5,train,ont_Innovacion_Neutro,0.0,-0.16443598256119465,-0.1644359827041626
1n69vk5,train,ont_Etica_Negativo,0.0,-0.06834085335022719,-0.06834085285663605
1n69vk5,train,ont_Tecnologia_Neutro,0.0,-0.27668578554642986,-0.27668577432632446
1nhgsbr,train,ont_domain_density,0.08333333333333333,0.3485731979436447,0.3485732078552246
1nhgsbr,train,ont_total_negativo_mentions,0.0,-0.21001172000820306,-0.21001172065734863
1nhgsbr,train,ont_InteligenciaArtificial_Negativo,0.0,-0.19168298382244495,-0.19168297946453094
1nhgsbr,train,ont_Innovacion_Neutro,1.0,5.324323711205579,5.324323654174805
1nhgsbr,train,ont_Etica_Negativo,0.0,-0.06834085335022719,-0.06834085285663605
1nhgsbr,train,ont_Tecnologia_Neutro,0.0,-0.27668578554642986,-0.27668577432632446
1nhi1uy,train,ont_domain_density,0.0,-1.146146880856887,-1.1461468935012817
1nhi1uy,train,ont_total_negativo_mentions,0.0,-0.21001172000820306,-0.21001172065734863
1nhi1uy,train,ont_InteligenciaArtificial_Negativo,0.0,-0.19168298382244495,-0.19168297946453094
1nhi1uy,train,ont_Innovacion_Neutro,0.0,-0.16443598256119465,-0.1644359827041626
1nhi1uy,train,ont_Etica_Negativo,0.0,-0.06834085335022719,-0.06834085285663605
1nhi1uy,train,ont_Tecnologia_Neutro,0.0,-0.27668578554642986,-0.27668577432632446
1nhd767,train,ont_domain_density,0.03333333333333333,-0.5482588493366743,-0.5482588410377502
1nhd767,train,ont_total_negativo_mentions,0.0,-0.21001172000820306,-0.21001172065734863
1nhd767,train,ont_InteligenciaArtificial_Negativo,0.0,-0.19168298382244495,-0.19168297946453094
1nhd767,train,ont_Innovacion_Neutro,0.0,-0.16443598256119465,-0.1644359827041626
1nhd767,train,ont_Etica_Negativo,0.0,-0.06834085335022719,-0.06834085285663605
1nhd767,train,ont_Tecnologia_Neutro,0.0,-0.27668578554642986,-0.27668577432632446
1nfes76,train,ont_domain_density,0.11764705882352941,0.9640461715673933,0.9640461802482605
1nfes76,train,ont_total_negativo_mentions,0.0,-0.21001172000820306,-0.21001172065734863
1nfes76,train,ont_InteligenciaArtificial_Negativo,0.0,-0.19168298382244495,-0.19168297946453094
1nfes76,train,ont_Innovacion_Neutro,0.0,-0.16443598256119465,-0.1644359827041626
1nfes76,train,ont_Etica_Negativo,0.0,-0.06834085335022719,-0.06834085285663605
1nfes76,train,ont_Tecnologia_Neutro,0.0,-0.27668578554642986,-0.27668577432632446
1nfq28q,train,ont_domain_density,0.08333333333333333,0.3485731979436447,0.3485732078552246
1nfq28q,train,ont_total_negativo_mentions,0.0,-0.21001172000820306,-0.21001172065734863
1nfq28q,train,ont_InteligenciaArtificial_Negativo,0.0,-0.19168298382244495,-0.19168297946453094
1nfq28q,train,ont_Innovacion_Neutro,0.0,-0.16443598256119465,-0.1644359827041626
1nfq28q,train,ont_Etica_Negativo,0.0,-0.06834085335022719,-0.06834085285663605
1nfq28q,train,ont_Tecnologia_Neutro,0.0,-0.27668578554642986,-0.27668577432632446
1n4j0s8,train,ont_domain_density,0.125,1.0959332373439108,1.095933198928833
1n4j0s8,train,ont_total_negativo_mentions,0.0,-0.21001172000820306,-0.21001172065734863
1n4j0s8,train,ont_InteligenciaArtificial_Negativo,0.0,-0.19168298382244495,-0.19168297946453094
1n4j0s8,train,ont_Innovacion_Neutro,0.0,-0.16443598256119465,-0.1644359827041626
1n4j0s8,train,ont_Etica_Negativo,0.0,-0.06834085335022719,-0.06834085285663605
1n4j0s8,train,ont_Tecnologia_Neutro,0.0,-0.27668578554642986,-0.27668577432632446
1n0lja0,val,ont_domain_density,0.1111111111111111,0.8468132242104887,0.8468132019042969
1n0lja0,val,ont_total_negativo_mentions,0.0,-0.21001172000820306,-0.21001172065734863
1n0lja0,val,ont_InteligenciaArtificial_Negativo,0.0,-0.19168298382244495,-0.19168297946453094
1n0lja0,val,ont_Innovacion_Neutro,0.0,-0.16443598256119465,-0.1644359827041626
1n0lja0,val,ont_Etica_Negativo,0.0,-0.06834085335022719,-0.06834085285663605
1n0lja0,val,ont_Tecnologia_Neutro,1.0,1.2450860349589343,1.2450860738754272
1mzqsjf,val,ont_domain_density,0.1111111111111111,0.8468132242104887,0.8468132019042969
1mzqsjf,val,ont_total_negativo_mentions,0.0,-0.21001172000820306,-0.21001172065734863
1mzqsjf,val,ont_InteligenciaArtificial_Negativo,0.0,-0.19168298382244495,-0.19168297946453094
1mzqsjf,val,ont_Innovacion_Neutro,0.0,-0.16443598256119465,-0.1644359827041626
1mzqsjf,val,ont_Etica_Negativo,0.0,-0.06834085335022719,-0.06834085285663605
1mzqsjf,val,ont_Tecnologia_Neutro,0.0,-0.27668578554642986,-0.27668577432632446
1n1mbhz,val,ont_domain_density,0.0,-1.146146880856887,-1.1461468935012817
1n1mbhz,val,ont_total_negativo_mentions,0.0,-0.21001172000820306,-0.21001172065734863
1n1mbhz,val,ont_InteligenciaArtificial_Negativo,0.0,-0.19168298382244495,-0.19168297946453094
1n1mbhz,val,ont_Innovacion_Neutro,0.0,-0.16443598256119465,-0.1644359827041626
1n1mbhz,val,ont_Etica_Negativo,0.0,-0.06834085335022719,-0.06834085285663605
1n1mbhz,val,ont_Tecnologia_Neutro,0.0,-0.27668578554642986,-0.27668577432632446
1n1mvvp,val,ont_domain_density,0.0,-1.146146880856887,-1.1461468935012817
1n1mvvp,val,ont_total_negativo_mentions,0.0,-0.21001172000820306,-0.21001172065734863
1n1mvvp,val,ont_InteligenciaArtificial_Negativo,0.0,-0.19168298382244495,-0.19168297946453094
1n1mvvp,val,ont_Innovacion_Neutro,0.0,-0.16443598256119465,-0.1644359827041626
1n1mvvp,val,ont_Etica_Negativo,0.0,-0.06834085335022719,-0.06834085285663605
1n1mvvp,val,ont_Tecnologia_Neutro,0.0,-0.27668578554642986,-0.27668577432632446
1n08h8d,val,ont_domain_density,0.0,-1.146146880856887,-1.1461468935012817
1n08h8d,val,ont_total_negativo_mentions,0.0,-0.21001172000820306,-0.21001172065734863
1n08h8d,val,ont_InteligenciaArtificial_Negativo,0.0,-0.19168298382244495,-0.19168297946453094
1n08h8d,val,ont_Innovacion_Neutro,0.0,-0.16443598256119465,-0.1644359827041626
1n08h8d,val,ont_Etica_Negativo,0.0,-0.06834085335022719,-0.06834085285663605
1n08h8d,val,ont_Tecnologia_Neutro,0.0,-0.27668578554642986,-0.27668577432632446
1n0agzz,val,ont_domain_density,0.05,-0.24931483357656795,-0.2493148297071457
1n0agzz,val,ont_total_negativo_mentions,0.0,-0.21001172000820306,-0.21001172065734863
1n0agzz,val,ont_InteligenciaArtificial_Negativo,0.0,-0.19168298382244495,-0.19168297946453094
1n0agzz,val,ont_Innovacion_Neutro,0.0,-0.16443598256119465,-0.1644359827041626
1n0agzz,val,ont_Etica_Negativo,0.0,-0.06834085335022719,-0.06834085285663605
1n0agzz,val,ont_Tecnologia_Neutro,0.0,-0.27668578554642986,-0.27668577432632446
1mzcgzp,val,ont_domain_density,0.14285714285714285,1.4162303970868817,1.4162304401397705
1mzcgzp,val,ont_total_negativo_mentions,0.0,-0.21001172000820306,-0.21001172065734863
1mzcgzp,val,ont_InteligenciaArtificial_Negativo,0.0,-0.19168298382244495,-0.19168297946453094
1mzcgzp,val,ont_Innovacion_Neutro,0.0,-0.16443598256119465,-0.1644359827041626
1mzcgzp,val,ont_Etica_Negativo,0.0,-0.06834085335022719,-0.06834085285663605
1mzcgzp,val,ont_Tecnologia_Neutro,0.0,-0.27668578554642986,-0.27668577432632446
1n0shwv,val,ont_domain_density,0.1111111111111111,0.8468132242104887,0.8468132019042969
1n0shwv,val,ont_total_negativo_mentions,0.0,-0.21001172000820306,-0.21001172065734863
1n0shwv,val,ont_InteligenciaArtificial_Negativo,0.0,-0.19168298382244495,-0.19168297946453094
1n0shwv,val,ont_Innovacion_Neutro,0.0,-0.16443598256119465,-0.1644359827041626
1n0shwv,val,ont_Etica_Negativo,0.0,-0.06834085335022719,-0.06834085285663605
1n0shwv,val,ont_Tecnologia_Neutro,0.0,-0.27668578554642986,-0.27668577432632446
1n2dvjh,val,ont_domain_density,0.1111111111111111,0.8468132242104887,0.8468132019042969
1n2dvjh,val,ont_total_negativo_mentions,0.0,-0.21001172000820306,-0.21001172065734863
1n2dvjh,val,ont_InteligenciaArtificial_Negativo,0.0,-0.19168298382244495,-0.19168297946453094
1n2dvjh,val,ont_Innovacion_Neutro,1.0,5.324323711205579,5.324323654174805
1n2dvjh,val,ont_Etica_Negativo,0.0,-0.06834085335022719,-0.06834085285663605
1n2dvjh,val,ont_Tecnologia_Neutro,0.0,-0.27668578554642986,-0.27668577432632446
1mruz5d,val,ont_domain_density,0.05263157894736842,-0.20211314687760387,-0.20211315155029297
1mruz5d,val,ont_total_negativo_mentions,0.0,-0.21001172000820306,-0.21001172065734863
1mruz5d,val,ont_InteligenciaArtificial_Negativo,0.0,-0.19168298382244495,-0.19168297946453094
1mruz5d,val,ont_Innovacion_Neutro,0.0,-0.16443598256119465,-0.1644359827041626
1mruz5d,val,ont_Etica_Negativo,0.0,-0.06834085335022719,-0.06834085285663605
1mruz5d,val,ont_Tecnologia_Neutro,0.0,-0.27668578554642986,-0.27668577432632446
1n0js1i,val,ont_domain_density,0.02247191011235955,-0.7430762978095528,-0.7430763244628906
1n0js1i,val,ont_total_negativo_mentions,0.0,-0.21001172000820306,-0.21001172065734863
1n0js1i,val,ont_InteligenciaArtificial_Negativo,0.0,-0.19168298382244495,-0.19168297946453094
1n0js1i,val,ont_Innovacion_Neutro,1.0,5.324323711205579,5.324323654174805
1n0js1i,val,ont_Etica_Negativo,0.0,-0.06834085335022719,-0.06834085285663605
1n0js1i,val,ont_Tecnologia_Neutro,0.0,-0.27668578554642986,-0.27668577432632446
1mxx5mc,val,ont_domain_density,0.125,1.0959332373439108,1.095933198928833
1mxx5mc,val,ont_total_negativo_mentions,0.0,-0.21001172000820306,-0.21001172065734863
1mxx5mc,val,ont_InteligenciaArtificial_Negativo,0.0,-0.19168298382244495,-0.19168297946453094
1mxx5mc,val,ont_Innovacion_Neutro,0.0,-0.16443598256119465,-0.1644359827041626
1mxx5mc,val,ont_Etica_Negativo,0.0,-0.06834085335022719,-0.06834085285663605
1mxx5mc,val,ont_Tecnologia_Neutro,0.0,-0.27668578554642986,-0.27668577432632446
1mulxmm,val,ont_domain_density,0.1111111111111111,0.8468132242104887,0.8468132019042969
1mulxmm,val,ont_total_negativo_mentions,0.0,-0.21001172000820306,-0.21001172065734863
1mulxmm,val,ont_InteligenciaArtificial_Negativo,0.0,-0.19168298382244495,-0.19168297946453094
1mulxmm,val,ont_Innovacion_Neutro,0.0,-0.16443598256119465,-0.1644359827041626
1mulxmm,val,ont_Etica_Negativo,0.0,-0.06834085335022719,-0.06834085285663605
1mulxmm,val,ont_Tecnologia_Neutro,0.0,-0.27668578554642986,-0.27668577432632446
1mzyj2z,val,ont_domain_density,0.16666666666666666,1.8432932767441765,1.843293309211731
1mzyj2z,val,ont_total_negativo_mentions,0.0,-0.21001172000820306,-0.21001172065734863
1mzyj2z,val,ont_InteligenciaArtificial_Negativo,0.0,-0.19168298382244495,-0.19168297946453094
1mzyj2z,val,ont_Innovacion_Neutro,0.0,-0.16443598256119465,-0.1644359827041626
1mzyj2z,val,ont_Etica_Negativo,0.0,-0.06834085335022719,-0.06834085285663605
1mzyj2z,val,ont_Tecnologia_Neutro,0.0,-0.27668578554642986,-0.27668577432632446
1mwi890,val,ont_domain_density,0.1111111111111111,0.8468132242104887,0.8468132019042969
1mwi890,val,ont_total_negativo_mentions,0.0,-0.21001172000820306,-0.21001172065734863
1mwi890,val,ont_InteligenciaArtificial_Negativo,0.0,-0.19168298382244495,-0.19168297946453094
1mwi890,val,ont_Innovacion_Neutro,0.0,-0.16443598256119465,-0.1644359827041626
1mwi890,val,ont_Etica_Negativo,0.0,-0.06834085335022719,-0.06834085285663605
1mwi890,val,ont_Tecnologia_Neutro,0.0,-0.27668578554642986,-0.27668577432632446
1n1su71,val,ont_domain_density,0.0,-1.146146880856887,-1.1461468935012817
1n1su71,val,ont_total_negativo_mentions,0.0,-0.21001172000820306,-0.21001172065734863
1n1su71,val,ont_InteligenciaArtificial_Negativo,0.0,-0.19168298382244495,-0.19168297946453094
1n1su71,val,ont_Innovacion_Neutro,0.0,-0.16443598256119465,-0.1644359827041626
1n1su71,val,ont_Etica_Negativo,0.0,-0.06834085335022719,-0.06834085285663605
1n1su71,val,ont_Tecnologia_Neutro,0.0,-0.27668578554642986,-0.27668577432632446
1mvesg5,val,ont_domain_density,0.08333333333333333,0.3485731979436447,0.3485732078552246
1mvesg5,val,ont_total_negativo_mentions,0.0,-0.21001172000820306,-0.21001172065734863
1mvesg5,val,ont_InteligenciaArtificial_Negativo,0.0,-0.19168298382244495,-0.19168297946453094
1mvesg5,val,ont_Innovacion_Neutro,0.0,-0.16443598256119465,-0.1644359827041626
1mvesg5,val,ont_Etica_Negativo,0.0,-0.06834085335022719,-0.06834085285663605
1mvesg5,val,ont_Tecnologia_Neutro,0.0,-0.27668578554642986,-0.27668577432632446
1n1h7y7,val,ont_domain_density,0.1111111111111111,0.8468132242104887,0.8468132019042969
1n1h7y7,val,ont_total_negativo_mentions,0.0,-0.21001172000820306,-0.21001172065734863
1n1h7y7,val,ont_InteligenciaArtificial_Negativo,0.0,-0.19168298382244495,-0.19168297946453094
1n1h7y7,val,ont_Innovacion_Neutro,0.0,-0.16443598256119465,-0.1644359827041626
1n1h7y7,val,ont_Etica_Negativo,0.0,-0.06834085335022719,-0.06834085285663605
1n1h7y7,val,ont_Tecnologia_Neutro,0.0,-0.27668578554642986,-0.27668577432632446
1n139ho,val,ont_domain_density,0.07142857142857142,0.1350417581149973,0.1350417584180832
1n139ho,val,ont_total_negativo_mentions,0.0,-0.21001172000820306,-0.21001172065734863
1n139ho,val,ont_InteligenciaArtificial_Negativo,0.0,-0.19168298382244495,-0.19168297946453094
1n139ho,val,ont_Innovacion_Neutro,0.0,-0.16443598256119465,-0.1644359827041626
1n139ho,val,ont_Etica_Negativo,0.0,-0.06834085335022719,-0.06834085285663605
1n139ho,val,ont_Tecnologia_Neutro,0.0,-0.27668578554642986,-0.27668577432632446
1n1fn11,val,ont_domain_density,0.043478260869565216,-0.3662929267000879,-0.36629292368888855
1n1fn11,val,ont_total_negativo_mentions,1.0,3.1226332794662324,3.122633218765259
1n1fn11,val,ont_InteligenciaArtificial_Negativo,1.0,4.333905512278206,4.3339056968688965
1n1fn11,val,ont_Innovacion_Neutro,0.0,-0.16443598256119465,-0.1644359827041626
1n1fn11,val,ont_Etica_Negativo,0.0,-0.06834085335022719,-0.06834085285663605
1n1fn11,val,ont_Tecnologia_Neutro,0.0,-0.27668578554642986,-0.27668577432632446
1mvj6po,val,ont_domain_density,0.012658227848101266,-0.919100792937819,-0.919100821018219
1mvj6po,val,ont_total_negativo_mentions,0.0,-0.21001172000820306,-0.21001172065734863
1mvj6po,val,ont_InteligenciaArtificial_Negativo,0.0,-0.19168298382244495,-0.19168297946453094
1mvj6po,val,ont_Innovacion_Neutro,0.0,-0.16443598256119465,-0.1644359827041626
1mvj6po,val,ont_Etica_Negativo,0.0,-0.06834085335022719,-0.06834085285663605
1mvj6po,val,ont_Tecnologia_Neutro,0.0,-0.27668578554642986,-0.27668577432632446
1mwaxi2,val,ont_domain_density,0.047619047619047616,-0.29202112154229753,-0.29202112555503845
1mwaxi2,val,ont_total_negativo_mentions,0.0,-0.21001172000820306,-0.21001172065734863
1mwaxi2,val,ont_InteligenciaArtificial_Negativo,0.0,-0.19168298382244495,-0.19168297946453094
1mwaxi2,val,ont_Innovacion_Neutro,0.0,-0.16443598256119465,-0.1644359827041626
1mwaxi2,val,ont_Etica_Negativo,0.0,-0.06834085335022719,-0.06834085285663605
1mwaxi2,val,ont_Tecnologia_Neutro,0.0,-0.27668578554642986,-0.27668577432632446
1mxb9v2,val,ont_domain_density,0.005291005291005291,-1.0512440187108216,-1.0512440204620361
1mxb9v2,val,ont_total_negativo_mentions,0.0,-0.21001172000820306,-0.21001172065734863
1mxb9v2,val,ont_InteligenciaArtificial_Negativo,0.0,-0.19168298382244495,-0.19168297946453094
1mxb9v2,val,ont_Innovacion_Neutro,0.0,-0.16443598256119465,-0.1644359827041626
1mxb9v2,val,ont_Etica_Negativo,0.0,-0.06834085335022719,-0.06834085285663605
1mxb9v2,val,ont_Tecnologia_Neutro,0.0,-0.27668578554642986,-0.27668577432632446
1mrn8ne,val,ont_domain_density,0.09090909090909091,0.4844568414709659,0.4844568371772766
1mrn8ne,val,ont_total_negativo_mentions,0.0,-0.21001172000820306,-0.21001172065734863
1mrn8ne,val,ont_InteligenciaArtificial_Negativo,0.0,-0.19168298382244495,-0.19168297946453094
1mrn8ne,val,ont_Innovacion_Neutro,0.0,-0.16443598256119465,-0.1644359827041626
1mrn8ne,val,ont_Etica_Negativo,0.0,-0.06834085335022719,-0.06834085285663605
1mrn8ne,val,ont_Tecnologia_Neutro,2.0,2.7668578554642984,2.766857862472534
1n1cjni,val,ont_domain_density,0.05,-0.24931483357656795,-0.2493148297071457
1n1cjni,val,ont_total_negativo_mentions,0.0,-0.21001172000820306,-0.21001172065734863
1n1cjni,val,ont_InteligenciaArtificial_Negativo,0.0,-0.19168298382244495,-0.19168297946453094
1n1cjni,val,ont_Innovacion_Neutro,0.0,-0.16443598256119465,-0.1644359827041626
1n1cjni,val,ont_Etica_Negativo,0.0,-0.06834085335022719,-0.06834085285663605
1n1cjni,val,ont_Tecnologia_Neutro,0.0,-0.27668578554642986,-0.27668577432632446
1mqvp0k,val,ont_domain_density,0.0,-1.146146880856887,-1.1461468935012817
1mqvp0k,val,ont_total_negativo_mentions,0.0,-0.21001172000820306,-0.21001172065734863
1mqvp0k,val,ont_InteligenciaArtificial_Negativo,0.0,-0.19168298382244495,-0.19168297946453094
1mqvp0k,val,ont_Innovacion_Neutro,0.0,-0.16443598256119465,-0.1644359827041626
1mqvp0k,val,ont_Etica_Negativo,0.0,-0.06834085335022719,-0.06834085285663605
1mqvp0k,val,ont_Tecnologia_Neutro,0.0,-0.27668578554642986,-0.27668577432632446
1myyanz,val,ont_domain_density,0.08333333333333333,0.3485731979436447,0.3485732078552246
1myyanz,val,ont_total_negativo_mentions,0.0,-0.21001172000820306,-0.21001172065734863
1myyanz,val,ont_InteligenciaArtificial_Negativo,0.0,-0.19168298382244495,-0.19168297946453094
1myyanz,val,ont_Innovacion_Neutro,0.0,-0.16443598256119465,-0.1644359827041626
1myyanz,val,ont_Etica_Negativo,0.0,-0.06834085335022719,-0.06834085285663605
1myyanz,val,ont_Tecnologia_Neutro,1.0,1.2450860349589343,1.2450860738754272
1n0lbx5,val,ont_domain_density,0.07142857142857142,0.1350417581149973,0.1350417584180832
1n0lbx5,val,ont_total_negativo_mentions,0.0,-0.21001172000820306,-0.21001172065734863
1n0lbx5,val,ont_InteligenciaArtificial_Negativo,0.0,-0.19168298382244495,-0.19168297946453094
1n0lbx5,val,ont_Innovacion_Neutro,0.0,-0.16443598256119465,-0.1644359827041626
1n0lbx5,val,ont_Etica_Negativo,0.0,-0.06834085335022719,-0.06834085285663605
1n0lbx5,val,ont_Tecnologia_Neutro,1.0,1.2450860349589343,1.2450860738754272
1muc6e0,val,ont_domain_density,0.1,0.6475172137037513,0.647517204284668
1muc6e0,val,ont_total_negativo_mentions,0.0,-0.21001172000820306,-0.21001172065734863
1muc6e0,val,ont_InteligenciaArtificial_Negativo,0.0,-0.19168298382244495,-0.19168297946453094
1muc6e0,val,ont_Innovacion_Neutro,0.0,-0.16443598256119465,-0.1644359827041626
1muc6e0,val,ont_Etica_Negativo,0.0,-0.06834085335022719,-0.06834085285663605
1muc6e0,val,ont_Tecnologia_Neutro,0.0,-0.27668578554642986,-0.27668577432632446
1n0jina,val,ont_domain_density,0.09090909090909091,0.4844568414709659,0.4844568371772766
1n0jina,val,ont_total_negativo_mentions,1.0,3.1226332794662324,3.122633218765259
1n0jina,val,ont_InteligenciaArtificial_Negativo,1.0,4.333905512278206,4.3339056968688965
1n0jina,val,ont_Innovacion_Neutro,0.0,-0.16443598256119465,-0.1644359827041626
1n0jina,val,ont_Etica_Negativo,0.0,-0.06834085335022719,-0.06834085285663605
1n0jina,val,ont_Tecnologia_Neutro,0.0,-0.27668578554642986,-0.27668577432632446
1mw67j2,val,ont_domain_density,0.0625,-0.025106821756488196,-0.025106821209192276
1mw67j2,val,ont_total_negativo_mentions,0.0,-0.21001172000820306,-0.21001172065734863
1mw67j2,val,ont_InteligenciaArtificial_Negativo,0.0,-0.19168298382244495,-0.19168297946453094
1mw67j2,val,ont_Innovacion_Neutro,0.0,-0.16443598256119465,-0.1644359827041626
1mw67j2,val,ont_Etica_Negativo,0.0,-0.06834085335022719,-0.06834085285663605
1mw67j2,val,ont_Tecnologia_Neutro,0.0,-0.27668578554642986,-0.27668577432632446
1n0phwm,val,ont_domain_density,0.14285714285714285,1.4162303970868817,1.4162304401397705
1n0phwm,val,ont_total_negativo_mentions,0.0,-0.21001172000820306,-0.21001172065734863
1n0phwm,val,ont_InteligenciaArtificial_Negativo,0.0,-0.19168298382244495,-0.19168297946453094
1n0phwm,val,ont_Innovacion_Neutro,0.0,-0.16443598256119465,-0.1644359827041626
1n0phwm,val,ont_Etica_Negativo,0.0,-0.06834085335022719,-0.06834085285663605
1n0phwm,val,ont_Tecnologia_Neutro,0.0,-0.27668578554642986,-0.27668577432632446
1mzba3t,val,ont_domain_density,0.1,0.6475172137037513,0.647517204284668
1mzba3t,val,ont_total_negativo_mentions,1.0,3.1226332794662324,3.122633218765259
1mzba3t,val,ont_InteligenciaArtificial_Negativo,0.0,-0.19168298382244495,-0.19168297946453094
1mzba3t,val,ont_Innovacion_Neutro,0.0,-0.16443598256119465,-0.1644359827041626
1mzba3t,val,ont_Etica_Negativo,0.0,-0.06834085335022719,-0.06834085285663605
1mzba3t,val,ont_Tecnologia_Neutro,0.0,-0.27668578554642986,-0.27668577432632446
1muebgt,val,ont_domain_density,0.0625,-0.025106821756488196,-0.025106821209192276
1muebgt,val,ont_total_negativo_mentions,0.0,-0.21001172000820306,-0.21001172065734863
1muebgt,val,ont_InteligenciaArtificial_Negativo,0.0,-0.19168298382244495,-0.19168297946453094
1muebgt,val,ont_Innovacion_Neutro,0.0,-0.16443598256119465,-0.1644359827041626
1muebgt,val,ont_Etica_Negativo,0.0,-0.06834085335022719,-0.06834085285663605
1muebgt,val,ont_Tecnologia_Neutro,0.0,-0.27668578554642986,-0.27668577432632446
1mz98zz,val,ont_domain_density,0.16666666666666666,1.8432932767441765,1.843293309211731
1mz98zz,val,ont_total_negativo_mentions,0.0,-0.21001172000820306,-0.21001172065734863
1mz98zz,val,ont_InteligenciaArtificial_Negativo,0.0,-0.19168298382244495,-0.19168297946453094
1mz98zz,val,ont_Innovacion_Neutro,0.0,-0.16443598256119465,-0.1644359827041626
1mz98zz,val,ont_Etica_Negativo,0.0,-0.06834085335022719,-0.06834085285663605
1mz98zz,val,ont_Tecnologia_Neutro,0.0,-0.27668578554642986,-0.27668577432632446
1mx4l1p,val,ont_domain_density,0.2222222222222222,2.8397733292778646,2.839773416519165
1mx4l1p,val,ont_total_negativo_mentions,0.0,-0.21001172000820306,-0.21001172065734863
1mx4l1p,val,ont_InteligenciaArtificial_Negativo,0.0,-0.19168298382244495,-0.19168297946453094
1mx4l1p,val,ont_Innovacion_Neutro,0.0,-0.16443598256119465,-0.1644359827041626
1mx4l1p,val,ont_Etica_Negativo,0.0,-0.06834085335022719,-0.06834085285663605
1mx4l1p,val,ont_Tecnologia_Neutro,0.0,-0.27668578554642986,-0.27668577432632446
1mxc5j3,val,ont_domain_density,0.0,-1.146146880856887,-1.1461468935012817
1mxc5j3,val,ont_total_negativo_mentions,0.0,-0.21001172000820306,-0.21001172065734863
1mxc5j3,val,ont_InteligenciaArtificial_Negativo,0.0,-0.19168298382244495,-0.19168297946453094
1mxc5j3,val,ont_Innovacion_Neutro,0.0,-0.16443598256119465,-0.1644359827041626
1mxc5j3,val,ont_Etica_Negativo,0.0,-0.06834085335022719,-0.06834085285663605
1mxc5j3,val,ont_Tecnologia_Neutro,0.0,-0.27668578554642986,-0.27668577432632446
1mpxlow,val,ont_domain_density,0.043478260869565216,-0.3662929267000879,-0.36629292368888855
1mpxlow,val,ont_total_negativo_mentions,0.0,-0.21001172000820306,-0.21001172065734863
1mpxlow,val,ont_InteligenciaArtificial_Negativo,0.0,-0.19168298382244495,-0.19168297946453094
1mpxlow,val,ont_Innovacion_Neutro,0.0,-0.16443598256119465,-0.1644359827041626
1mpxlow,val,ont_Etica_Negativo,0.0,-0.06834085335022719,-0.06834085285663605
1mpxlow,val,ont_Tecnologia_Neutro,0.0,-0.27668578554642986,-0.27668577432632446
1mys2hg,val,ont_domain_density,0.0,-1.146146880856887,-1.1461468935012817
1mys2hg,val,ont_total_negativo_mentions,0.0,-0.21001172000820306,-0.21001172065734863
1mys2hg,val,ont_InteligenciaArtificial_Negativo,0.0,-0.19168298382244495,-0.19168297946453094
1mys2hg,val,ont_Innovacion_Neutro,0.0,-0.16443598256119465,-0.1644359827041626
1mys2hg,val,ont_Etica_Negativo,0.0,-0.06834085335022719,-0.06834085285663605
1mys2hg,val,ont_Tecnologia_Neutro,0.0,-0.27668578554642986,-0.27668577432632446
1mzq5r0,val,ont_domain_density,0.05263157894736842,-0.20211314687760387,-0.20211315155029297
1mzq5r0,val,ont_total_negativo_mentions,0.0,-0.21001172000820306,-0.21001172065734863
1mzq5r0,val,ont_InteligenciaArtificial_Negativo,0.0,-0.19168298382244495,-0.19168297946453094
1mzq5r0,val,ont_Innovacion_Neutro,0.0,-0.16443598256119465,-0.1644359827041626
1mzq5r0,val,ont_Etica_Negativo,0.0,-0.06834085335022719,-0.06834085285663605
1mzq5r0,val,ont_Tecnologia_Neutro,0.0,-0.27668578554642986,-0.27668577432632446
1mztevy,val,ont_domain_density,0.2222222222222222,2.8397733292778646,2.839773416519165
1mztevy,val,ont_total_negativo_mentions,0.0,-0.21001172000820306,-0.21001172065734863
1mztevy,val,ont_InteligenciaArtificial_Negativo,0.0,-0.19168298382244495,-0.19168297946453094
1mztevy,val,ont_Innovacion_Neutro,0.0,-0.16443598256119465,-0.1644359827041626
1mztevy,val,ont_Etica_Negativo,0.0,-0.06834085335022719,-0.06834085285663605
1mztevy,val,ont_Tecnologia_Neutro,0.0,-0.27668578554642986,-0.27668577432632446
1mq02c6,val,ont_domain_density,0.09090909090909091,0.4844568414709659,0.4844568371772766
1mq02c6,val,ont_total_negativo_mentions,0.0,-0.21001172000820306,-0.21001172065734863
1mq02c6,val,ont_InteligenciaArtificial_Negativo,0.0,-0.19168298382244495,-0.19168297946453094
1mq02c6,val,ont_Innovacion_Neutro,0.0,-0.16443598256119465,-0.1644359827041626
1mq02c6,val,ont_Etica_Negativo,0.0,-0.06834085335022719,-0.06834085285663605
1mq02c6,val,ont_Tecnologia_Neutro,0.0,-0.27668578554642986,-0.27668577432632446
1my890r,val,ont_domain_density,0.05263157894736842,-0.20211314687760387,-0.20211315155029297
1my890r,val,ont_total_negativo_mentions,0.0,-0.21001172000820306,-0.21001172065734863
1my890r,val,ont_InteligenciaArtificial_Negativo,0.0,-0.19168298382244495,-0.19168297946453094
1my890r,val,ont_Innovacion_Neutro,0.0,-0.16443598256119465,-0.1644359827041626
1my890r,val,ont_Etica_Negativo,0.0,-0.06834085335022719,-0.06834085285663605
1my890r,val,ont_Tecnologia_Neutro,0.0,-0.27668578554642986,-0.27668577432632446
1n3eddn,val,ont_domain_density,0.0,-1.146146880856887,-1.1461468935012817
1n3eddn,val,ont_total_negativo_mentions,0.0,-0.21001172000820306,-0.21001172065734863
1n3eddn,val,ont_InteligenciaArtificial_Negativo,0.0,-0.19168298382244495,-0.19168297946453094
1n3eddn,val,ont_Innovacion_Neutro,0.0,-0.16443598256119465,-0.1644359827041626
1n3eddn,val,ont_Etica_Negativo,0.0,-0.06834085335022719,-0.06834085285663605
1n3eddn,val,ont_Tecnologia_Neutro,0.0,-0.27668578554642986,-0.27668577432632446
1n0ghhk,val,ont_domain_density,0.14285714285714285,1.4162303970868817,1.4162304401397705
1n0ghhk,val,ont_total_negativo_mentions,0.0,-0.21001172000820306,-0.21001172065734863
1n0ghhk,val,ont_InteligenciaArtificial_Negativo,0.0,-0.19168298382244495,-0.19168297946453094
1n0ghhk,val,ont_Innovacion_Neutro,0.0,-0.16443598256119465,-0.1644359827041626
1n0ghhk,val,ont_Etica_Negativo,0.0,-0.06834085335022719,-0.06834085285663605
1n0ghhk,val,ont_Tecnologia_Neutro,0.0,-0.27668578554642986,-0.27668577432632446
1mxotjf,val,ont_domain_density,0.0,-1.146146880856887,-1.1461468935012817
1mxotjf,val,ont_total_negativo_mentions,0.0,-0.21001172000820306,-0.21001172065734863
1mxotjf,val,ont_InteligenciaArtificial_Negativo,0.0,-0.19168298382244495,-0.19168297946453094
1mxotjf,val,ont_Innovacion_Neutro,0.0,-0.16443598256119465,-0.1644359827041626
1mxotjf,val,ont_Etica_Negativo,0.0,-0.06834085335022719,-0.06834085285663605
1mxotjf,val,ont_Tecnologia_Neutro,0.0,-0.27668578554642986,-0.27668577432632446
1n0f3ji,val,ont_domain_density,0.058823529411764705,-0.09105035464474698,-0.09105035662651062
1n0f3ji,val,ont_total_negativo_mentions,0.0,-0.21001172000820306,-0.21001172065734863
1n0f3ji,val,ont_InteligenciaArtificial_Negativo,0.0,-0.19168298382244495,-0.19168297946453094
1n0f3ji,val,ont_Innovacion_Neutro,0.0,-0.16443598256119465,-0.1644359827041626
1n0f3ji,val,ont_Etica_Negativo,0.0,-0.06834085335022719,-0.06834085285663605
1n0f3ji,val,ont_Tecnologia_Neutro,0.0,-0.27668578554642986,-0.27668577432632446
1mzoa90,val,ont_domain_density,0.006711409395973154,-1.0257667402823478,-1.0257667303085327
1mzoa90,val,ont_total_negativo_mentions,0.0,-0.21001172000820306,-0.21001172065734863
1mzoa90,val,ont_InteligenciaArtificial_Negativo,0.0,-0.19168298382244495,-0.19168297946453094
1mzoa90,val,ont_Innovacion_Neutro,0.0,-0.16443598256119465,-0.1644359827041626
1mzoa90,val,ont_Etica_Negativo,0.0,-0.06834085335022719,-0.06834085285663605
1mzoa90,val,ont_Tecnologia_Neutro,0.0,-0.27668578554642986,-0.27668577432632446
1n0sn2a,val,ont_domain_density,0.0,-1.146146880856887,-1.1461468935012817
1n0sn2a,val,ont_total_negativo_mentions,0.0,-0.21001172000820306,-0.21001172065734863
1n0sn2a,val,ont_InteligenciaArtificial_Negativo,0.0,-0.19168298382244495,-0.19168297946453094
1n0sn2a,val,ont_Innovacion_Neutro,0.0,-0.16443598256119465,-0.1644359827041626
1n0sn2a,val,ont_Etica_Negativo,0.0,-0.06834085335022719,-0.06834085285663605
1n0sn2a,val,ont_Tecnologia_Neutro,0.0,-0.27668578554642986,-0.27668577432632446
1n33zul,val,ont_domain_density,0.0,-1.146146880856887,-1.1461468935012817
1n33zul,val,ont_total_negativo_mentions,0.0,-0.21001172000820306,-0.21001172065734863
1n33zul,val,ont_InteligenciaArtificial_Negativo,0.0,-0.19168298382244495,-0.19168297946453094
1n33zul,val,ont_Innovacion_Neutro,0.0,-0.16443598256119465,-0.1644359827041626
1n33zul,val,ont_Etica_Negativo,0.0,-0.06834085335022719,-0.06834085285663605
1n33zul,val,ont_Tecnologia_Neutro,0.0,-0.27668578554642986,-0.27668577432632446
1mz6izb,val,ont_domain_density,0.08333333333333333,0.3485731979436447,0.3485732078552246
1mz6izb,val,ont_total_negativo_mentions,0.0,-0.21001172000820306,-0.21001172065734863
1mz6izb,val,ont_InteligenciaArtificial_Negativo,0.0,-0.19168298382244495,-0.19168297946453094
1mz6izb,val,ont_Innovacion_Neutro,0.0,-0.16443598256119465,-0.1644359827041626
1mz6izb,val,ont_Etica_Negativo,0.0,-0.06834085335022719,-0.06834085285663605
1mz6izb,val,ont_Tecnologia_Neutro,0.0,-0.27668578554642986,-0.27668577432632446
1mxraf6,val,ont_domain_density,0.1,0.6475172137037513,0.647517204284668
1mxraf6,val,ont_total_negativo_mentions,0.0,-0.21001172000820306,-0.21001172065734863
1mxraf6,val,ont_InteligenciaArtificial_Negativo,0.0,-0.19168298382244495,-0.19168297946453094
1mxraf6,val,ont_Innovacion_Neutro,0.0,-0.16443598256119465,-0.1644359827041626
1mxraf6,val,ont_Etica_Negativo,0.0,-0.06834085335022719,-0.06834085285663605
1mxraf6,val,ont_Tecnologia_Neutro,0.0,-0.27668578554642986,-0.27668577432632446
1mp7942,val,ont_domain_density,0.09090909090909091,0.4844568414709659,0.4844568371772766
1mp7942,val,ont_total_negativo_mentions,0.0,-0.21001172000820306,-0.21001172065734863
1mp7942,val,ont_InteligenciaArtificial_Negativo,0.0,-0.19168298382244495,-0.19168297946453094
1mp7942,val,ont_Innovacion_Neutro,0.0,-0.16443598256119465,-0.1644359827041626
1mp7942,val,ont_Etica_Negativo,0.0,-0.06834085335022719,-0.06834085285663605
1mp7942,val,ont_Tecnologia_Neutro,0.0,-0.27668578554642986,-0.27668577432632446
1mzuh66,val,ont_domain_density,0.0,-1.146146880856887,-1.1461468935012817
1mzuh66,val,ont_total_negativo_mentions,0.0,-0.21001172000820306,-0.21001172065734863
1mzuh66,val,ont_InteligenciaArtificial_Negativo,0.0,-0.19168298382244495,-0.19168297946453094
1mzuh66,val,ont_Innovacion_Neutro,0.0,-0.16443598256119465,-0.1644359827041626
1mzuh66,val,ont_Etica_Negativo,0.0,-0.06834085335022719,-0.06834085285663605
1mzuh66,val,ont_Tecnologia_Neutro,0.0,-0.27668578554642986,-0.27668577432632446
1n0rjya,val,ont_domain_density,0.0625,-0.025106821756488196,-0.025106821209192276
1n0rjya,val,ont_total_negativo_mentions,0.0,-0.21001172000820306,-0.21001172065734863
1n0rjya,val,ont_InteligenciaArtificial_Negativo,0.0,-0.19168298382244495,-0.19168297946453094
1n0rjya,val,ont_Innovacion_Neutro,0.0,-0.16443598256119465,-0.1644359827041626
1n0rjya,val,ont_Etica_Negativo,0.0,-0.06834085335022719,-0.06834085285663605
1n0rjya,val,ont_Tecnologia_Neutro,1.0,1.2450860349589343,1.2450860738754272
1n3f0nv,val,ont_domain_density,0.0,-1.146146880856887,-1.1461468935012817
1n3f0nv,val,ont_total_negativo_mentions,0.0,-0.21001172000820306,-0.21001172065734863
1n3f0nv,val,ont_InteligenciaArtificial_Negativo,0.0,-0.19168298382244495,-0.19168297946453094
1n3f0nv,val,ont_Innovacion_Neutro,0.0,-0.16443598256119465,-0.1644359827041626
1n3f0nv,val,ont_Etica_Negativo,0.0,-0.06834085335022719,-0.06834085285663605
1n3f0nv,val,ont_Tecnologia_Neutro,0.0,-0.27668578554642986,-0.27668577432632446
1n0zcq7,val,ont_domain_density,0.07142857142857142,0.1350417581149973,0.1350417584180832
1n0zcq7,val,ont_total_negativo_mentions,0.0,-0.21001172000820306,-0.21001172065734863
1n0zcq7,val,ont_InteligenciaArtificial_Negativo,0.0,-0.19168298382244495,-0.19168297946453094
1n0zcq7,val,ont_Innovacion_Neutro,0.0,-0.16443598256119465,-0.1644359827041626
1n0zcq7,val,ont_Etica_Negativo,0.0,-0.06834085335022719,-0.06834085285663605
1n0zcq7,val,ont_Tecnologia_Neutro,1.0,1.2450860349589343,1.2450860738754272
1n2prqm,val,ont_domain_density,0.07692307692307693,0.23359473034360395,0.23359473049640656
1n2prqm,val,ont_total_negativo_mentions,0.0,-0.21001172000820306,-0.21001172065734863
1n2prqm,val,ont_InteligenciaArtificial_Negativo,0.0,-0.19168298382244495,-0.19168297946453094
1n2prqm,val,ont_Innovacion_Neutro,0.0,-0.16443598256119465,-0.1644359827041626
1n2prqm,val,ont_Etica_Negativo,0.0,-0.06834085335022719,-0.06834085285663605
1n2prqm,val,ont_Tecnologia_Neutro,0.0,-0.27668578554642986,-0.27668577432632446
1n0kb08,val,ont_domain_density,0.07142857142857142,0.1350417581149973,0.1350417584180832
1n0kb08,val,ont_total_negativo_mentions,0.0,-0.21001172000820306,-0.21001172065734863
1n0kb08,val,ont_InteligenciaArtificial_Negativo,0.0,-0.19168298382244495,-0.19168297946453094
1n0kb08,val,ont_Innovacion_Neutro,0.0,-0.16443598256119465,-0.1644359827041626
1n0kb08,val,ont_Etica_Negativo,0.0,-0.06834085335022719,-0.06834085285663605
1n0kb08,val,ont_Tecnologia_Neutro,0.0,-0.27668578554642986,-0.27668577432632446
1mzee1f,val,ont_domain_density,0.08333333333333333,0.3485731979436447,0.3485732078552246
1mzee1f,val,ont_total_negativo_mentions,1.0,3.1226332794662324,3.122633218765259
1mzee1f,val,ont_InteligenciaArtificial_Negativo,1.0,4.333905512278206,4.3339056968688965
1mzee1f,val,ont_Innovacion_Neutro,0.0,-0.16443598256119465,-0.1644359827041626
1mzee1f,val,ont_Etica_Negativo,0.0,-0.06834085335022719,-0.06834085285663605
1mzee1f,val,ont_Tecnologia_Neutro,0.0,-0.27668578554642986,-0.27668577432632446
1n0s9s2,val,ont_domain_density,0.058823529411764705,-0.09105035464474698,-0.09105035662651062
1n0s9s2,val,ont_total_negativo_mentions,0.0,-0.21001172000820306,-0.21001172065734863
1n0s9s2,val,ont_InteligenciaArtificial_Negativo,0.0,-0.19168298382244495,-0.19168297946453094
1n0s9s2,val,ont_Innovacion_Neutro,0.0,-0.16443598256119465,-0.1644359827041626
1n0s9s2,val,ont_Etica_Negativo,0.0,-0.06834085335022719,-0.06834085285663605
1n0s9s2,val,ont_Tecnologia_Neutro,0.0,-0.27668578554642986,-0.27668577432632446
1mx9a8s,val,ont_domain_density,0.10526315789473684,0.7419205871016794,0.7419205904006958
1mx9a8s,val,ont_total_negativo_mentions,0.0,-0.21001172000820306,-0.21001172065734863
1mx9a8s,val,ont_InteligenciaArtificial_Negativo,0.0,-0.19168298382244495,-0.19168297946453094
1mx9a8s,val,ont_Innovacion_Neutro,0.0,-0.16443598256119465,-0.1644359827041626
1mx9a8s,val,ont_Etica_Negativo,0.0,-0.06834085335022719,-0.06834085285663605
1mx9a8s,val,ont_Tecnologia_Neutro,0.0,-0.27668578554642986,-0.27668577432632446
1n3xnwx,val,ont_domain_density,0.00909090909090909,-0.9830865086241017,-0.9830865263938904
1n3xnwx,val,ont_total_negativo_mentions,0.0,-0.21001172000820306,-0.21001172065734863
1n3xnwx,val,ont_InteligenciaArtificial_Negativo,0.0,-0.19168298382244495,-0.19168297946453094
1n3xnwx,val,ont_Innovacion_Neutro,0.0,-0.16443598256119465,-0.1644359827041626
1n3xnwx,val,ont_Etica_Negativo,0.0,-0.06834085335022719,-0.06834085285663605
1n3xnwx,val,ont_Tecnologia_Neutro,0.0,-0.27668578554642986,-0.27668577432632446
1n3mnsw,val,ont_domain_density,0.0033333333333333335,-1.0863580777048658,-1.0863580703735352
1n3mnsw,val,ont_total_negativo_mentions,0.0,-0.21001172000820306,-0.21001172065734863
1n3mnsw,val,ont_InteligenciaArtificial_Negativo,0.0,-0.19168298382244495,-0.19168297946453094
1n3mnsw,val,ont_Innovacion_Neutro,0.0,-0.16443598256119465,-0.1644359827041626
1n3mnsw,val,ont_Etica_Negativo,0.0,-0.06834085335022719,-0.06834085285663605
1n3mnsw,val,ont_Tecnologia_Neutro,0.0,-0.27668578554642986,-0.27668577432632446
1n3xi0i,val,ont_domain_density,0.08333333333333333,0.3485731979436447,0.3485732078552246
1n3xi0i,val,ont_total_negativo_mentions,0.0,-0.21001172000820306,-0.21001172065734863
1n3xi0i,val,ont_InteligenciaArtificial_Negativo,0.0,-0.19168298382244495,-0.19168297946453094
1n3xi0i,val,ont_Innovacion_Neutro,0.0,-0.16443598256119465,-0.1644359827041626
1n3xi0i,val,ont_Etica_Negativo,0.0,-0.06834085335022719,-0.06834085285663605
1n3xi0i,val,ont_Tecnologia_Neutro,1.0,1.2450860349589343,1.2450860738754272
1mz58a5,val,ont_domain_density,0.2727272727272727,3.745664286126672,3.745664358139038
1mz58a5,val,ont_total_negativo_mentions,0.0,-0.21001172000820306,-0.21001172065734863
1mz58a5,val,ont_InteligenciaArtificial_Negativo,0.0,-0.19168298382244495,-0.19168297946453094
1mz58a5,val,ont_Innovacion_Neutro,0.0,-0.16443598256119465,-0.1644359827041626
1mz58a5,val,ont_Etica_Negativo,0.0,-0.06834085335022719,-0.06834085285663605
1mz58a5,val,ont_Tecnologia_Neutro,1.0,1.2450860349589343,1.2450860738754272
1n3wdtz,val,ont_domain_density,0.017391304347826087,-0.8342052991941675,-0.8342052698135376
1n3wdtz,val,ont_total_negativo_mentions,0.0,-0.21001172000820306,-0.21001172065734863
1n3wdtz,val,ont_InteligenciaArtificial_Negativo,0.0,-0.19168298382244495,-0.19168297946453094
1n3wdtz,val,ont_Innovacion_Neutro,0.0,-0.16443598256119465,-0.1644359827041626
1n3wdtz,val,ont_Etica_Negativo,0.0,-0.06834085335022719,-0.06834085285663605
1n3wdtz,val,ont_Tecnologia_Neutro,1.0,1.2450860349589343,1.2450860738754272
1n26dzi,val,ont_domain_density,0.1111111111111111,0.8468132242104887,0.8468132019042969
1n26dzi,val,ont_total_negativo_mentions,0.0,-0.21001172000820306,-0.21001172065734863
1n26dzi,val,ont_InteligenciaArtificial_Negativo,0.0,-0.19168298382244495,-0.19168297946453094
1n26dzi,val,ont_Innovacion_Neutro,0.0,-0.16443598256119465,-0.1644359827041626
1n26dzi,val,ont_Etica_Negativo,0.0,-0.06834085335022719,-0.06834085285663605
1n26dzi,val,ont_Tecnologia_Neutro,0.0,-0.27668578554642986,-0.27668577432632446
1n3y9b3,val,ont_domain_density,0.05,-0.24931483357656795,-0.2493148297071457
1n3y9b3,val,ont_total_negativo_mentions,0.0,-0.21001172000820306,-0.21001172065734863
1n3y9b3,val,ont_InteligenciaArtificial_Negativo,0.0,-0.19168298382244495,-0.19168297946453094
1n3y9b3,val,ont_Innovacion_Neutro,0.0,-0.16443598256119465,-0.1644359827041626
1n3y9b3,val,ont_Etica_Negativo,0.0,-0.06834085335022719,-0.06834085285663605
1n3y9b3,val,ont_Tecnologia_Neutro,0.0,-0.27668578554642986,-0.27668577432632446
1n3vmxr,val,ont_domain_density,0.09090909090909091,0.4844568414709659,0.4844568371772766
1n3vmxr,val,ont_total_negativo_mentions,0.0,-0.21001172000820306,-0.21001172065734863
1n3vmxr,val,ont_InteligenciaArtificial_Negativo,0.0,-0.19168298382244495,-0.19168297946453094
1n3vmxr,val,ont_Innovacion_Neutro,0.0,-0.16443598256119465,-0.1644359827041626
1n3vmxr,val,ont_Etica_Negativo,0.0,-0.06834085335022719,-0.06834085285663605
1n3vmxr,val,ont_Tecnologia_Neutro,0.0,-0.27668578554642986,-0.27668577432632446
1n3s8bx,val,ont_domain_density,0.09090909090909091,0.4844568414709659,0.4844568371772766
1n3s8bx,val,ont_total_negativo_mentions,0.0,-0.21001172000820306,-0.21001172065734863
1n3s8bx,val,ont_InteligenciaArtificial_Negativo,0.0,-0.19168298382244495,-0.19168297946453094
1n3s8bx,val,ont_Innovacion_Neutro,0.0,-0.16443598256119465,-0.1644359827041626
1n3s8bx,val,ont_Etica_Negativo,0.0,-0.06834085335022719,-0.06834085285663605
1n3s8bx,val,ont_Tecnologia_Neutro,0.0,-0.27668578554642986,-0.27668577432632446
1n20cha,val,ont_domain_density,0.09090909090909091,0.4844568414709659,0.4844568371772766
1n20cha,val,ont_total_negativo_mentions,0.0,-0.21001172000820306,-0.21001172065734863
1n20cha,val,ont_InteligenciaArtificial_Negativo,0.0,-0.19168298382244495,-0.19168297946453094
1n20cha,val,ont_Innovacion_Neutro,0.0,-0.16443598256119465,-0.1644359827041626
1n20cha,val,ont_Etica_Negativo,0.0,-0.06834085335022719,-0.06834085285663605
1n20cha,val,ont_Tecnologia_Neutro,1.0,1.2450860349589343,1.2450860738754272
1n3mp0s,val,ont_domain_density,0.030303030303030304,-0.6026123067476028,-0.602612316608429
1n3mp0s,val,ont_total_negativo_mentions,0.0,-0.21001172000820306,-0.21001172065734863
1n3mp0s,val,ont_InteligenciaArtificial_Negativo,0.0,-0.19168298382244495,-0.19168297946453094
1n3mp0s,val,ont_Innovacion_Neutro,0.0,-0.16443598256119465,-0.1644359827041626
1n3mp0s,val,ont_Etica_Negativo,0.0,-0.06834085335022719,-0.06834085285663605
1n3mp0s,val,ont_Tecnologia_Neutro,0.0,-0.27668578554642986,-0.27668577432632446
1n2ivl3,val,ont_domain_density,0.09090909090909091,0.4844568414709659,0.4844568371772766
1n2ivl3,val,ont_total_negativo_mentions,0.0,-0.21001172000820306,-0.21001172065734863
1n2ivl3,val,ont_InteligenciaArtificial_Negativo,0.0,-0.19168298382244495,-0.19168297946453094
1n2ivl3,val,ont_Innovacion_Neutro,0.0,-0.16443598256119465,-0.1644359827041626
1n2ivl3,val,ont_Etica_Negativo,0.0,-0.06834085335022719,-0.06834085285663605
1n2ivl3,val,ont_Tecnologia_Neutro,0.0,-0.27668578554642986,-0.27668577432632446
1n0hatj,val,ont_domain_density,0.1,0.6475172137037513,0.647517204284668
1n0hatj,val,ont_total_negativo_mentions,0.0,-0.21001172000820306,-0.21001172065734863
1n0hatj,val,ont_InteligenciaArtificial_Negativo,0.0,-0.19168298382244495,-0.19168297946453094
1n0hatj,val,ont_Innovacion_Neutro,0.0,-0.16443598256119465,-0.1644359827041626
1n0hatj,val,ont_Etica_Negativo,0.0,-0.06834085335022719,-0.06834085285663605
1n0hatj,val,ont_Tecnologia_Neutro,0.0,-0.27668578554642986,-0.27668577432632446
1n0itcz,val,ont_domain_density,0.08333333333333333,0.3485731979436447,0.3485732078552246
1n0itcz,val,ont_total_negativo_mentions,0.0,-0.21001172000820306,-0.21001172065734863
1n0itcz,val,ont_InteligenciaArtificial_Negativo,0.0,-0.19168298382244495,-0.19168297946453094
1n0itcz,val,ont_Innovacion_Neutro,0.0,-0.16443598256119465,-0.1644359827041626
1n0itcz,val,ont_Etica_Negativo,0.0,-0.06834085335022719,-0.06834085285663605
1n0itcz,val,ont_Tecnologia_Neutro,1.0,1.2450860349589343,1.2450860738754272
1mvrt15,val,ont_domain_density,0.0,-1.146146880856887,-1.1461468935012817
1mvrt15,val,ont_total_negativo_mentions,0.0,-0.21001172000820306,-0.21001172065734863
1mvrt15,val,ont_InteligenciaArtificial_Negativo,0.0,-0.19168298382244495,-0.19168297946453094
1mvrt15,val,ont_Innovacion_Neutro,0.0,-0.16443598256119465,-0.1644359827041626
1mvrt15,val,ont_Etica_Negativo,0.0,-0.06834085335022719,-0.06834085285663605
1mvrt15,val,ont_Tecnologia_Neutro,0.0,-0.27668578554642986,-0.27668577432632446
1mwxx98,val,ont_domain_density,0.09090909090909091,0.4844568414709659,0.4844568371772766
1mwxx98,val,ont_total_negativo_mentions,0.0,-0.21001172000820306,-0.21001172065734863
1mwxx98,val,ont_InteligenciaArtificial_Negativo,0.0,-0.19168298382244495,-0.19168297946453094
1mwxx98,val,ont_Innovacion_Neutro,0.0,-0.16443598256119465,-0.1644359827041626
1mwxx98,val,ont_Etica_Negativo,0.0,-0.06834085335022719,-0.06834085285663605
1mwxx98,val,ont_Tecnologia_Neutro,0.0,-0.27668578554642986,-0.27668577432632446
1mvyfdv,val,ont_domain_density,0.0,-1.146146880856887,-1.1461468935012817
1mvyfdv,val,ont_total_negativo_mentions,0.0,-0.21001172000820306,-0.21001172065734863
1mvyfdv,val,ont_InteligenciaArtificial_Negativo,0.0,-0.19168298382244495,-0.19168297946453094
1mvyfdv,val,ont_Innovacion_Neutro,0.0,-0.16443598256119465,-0.1644359827041626
1mvyfdv,val,ont_Etica_Negativo,0.0,-0.06834085335022719,-0.06834085285663605
1mvyfdv,val,ont_Tecnologia_Neutro,0.0,-0.27668578554642986,-0.27668577432632446
1n2bv9s,val,ont_domain_density,0.14285714285714285,1.4162303970868817,1.4162304401397705
1n2bv9s,val,ont_total_negativo_mentions,0.0,-0.21001172000820306,-0.21001172065734863
1n2bv9s,val,ont_InteligenciaArtificial_Negativo,0.0,-0.19168298382244495,-0.19168297946453094
1n2bv9s,val,ont_Innovacion_Neutro,0.0,-0.16443598256119465,-0.1644359827041626
1n2bv9s,val,ont_Etica_Negativo,0.0,-0.06834085335022719,-0.06834085285663605
1n2bv9s,val,ont_Tecnologia_Neutro,0.0,-0.27668578554642986,-0.27668577432632446
1n2hk3v,val,ont_domain_density,0.08333333333333333,0.3485731979436447,0.3485732078552246
1n2hk3v,val,ont_total_negativo_mentions,0.0,-0.21001172000820306,-0.21001172065734863
1n2hk3v,val,ont_InteligenciaArtificial_Negativo,0.0,-0.19168298382244495,-0.19168297946453094
1n2hk3v,val,ont_Innovacion_Neutro,0.0,-0.16443598256119465,-0.1644359827041626
1n2hk3v,val,ont_Etica_Negativo,0.0,-0.06834085335022719,-0.06834085285663605
1n2hk3v,val,ont_Tecnologia_Neutro,0.0,-0.27668578554642986,-0.27668577432632446
1n0w0pq,val,ont_domain_density,0.1,0.6475172137037513,0.647517204284668
1n0w0pq,val,ont_total_negativo_mentions,0.0,-0.21001172000820306,-0.21001172065734863
1n0w0pq,val,ont_InteligenciaArtificial_Negativo,0.0,-0.19168298382244495,-0.19168297946453094
1n0w0pq,val,ont_Innovacion_Neutro,0.0,-0.16443598256119465,-0.1644359827041626
1n0w0pq,val,ont_Etica_Negativo,0.0,-0.06834085335022719,-0.06834085285663605
1n0w0pq,val,ont_Tecnologia_Neutro,0.0,-0.27668578554642986,-0.27668577432632446
1n08lm6,val,ont_domain_density,0.07692307692307693,0.23359473034360395,0.23359473049640656
1n08lm6,val,ont_total_negativo_mentions,0.0,-0.21001172000820306,-0.21001172065734863
1n08lm6,val,ont_InteligenciaArtificial_Negativo,0.0,-0.19168298382244495,-0.19168297946453094
1n08lm6,val,ont_Innovacion_Neutro,0.0,-0.16443598256119465,-0.1644359827041626
1n08lm6,val,ont_Etica_Negativo,0.0,-0.06834085335022719,-0.06834085285663605
1n08lm6,val,ont_Tecnologia_Neutro,0.0,-0.27668578554642986,-0.27668577432632446
1mrh541,val,ont_domain_density,0.0,-1.146146880856887,-1.1461468935012817
1mrh541,val,ont_total_negativo_mentions,0.0,-0.21001172000820306,-0.21001172065734863
1mrh541,val,ont_InteligenciaArtificial_Negativo,0.0,-0.19168298382244495,-0.19168297946453094
1mrh541,val,ont_Innovacion_Neutro,0.0,-0.16443598256119465,-0.1644359827041626
1mrh541,val,ont_Etica_Negativo,0.0,-0.06834085335022719,-0.06834085285663605
1mrh541,val,ont_Tecnologia_Neutro,0.0,-0.27668578554642986,-0.27668577432632446
1mrpttm,val,ont_domain_density,0.15384615384615385,1.613336341544095,1.6133363246917725
1mrpttm,val,ont_total_negativo_mentions,0.0,-0.21001172000820306,-0.21001172065734863
1mrpttm,val,ont_InteligenciaArtificial_Negativo,0.0,-0.19168298382244495,-0.19168297946453094
1mrpttm,val,ont_Innovacion_Neutro,0.0,-0.16443598256119465,-0.1644359827041626
1mrpttm,val,ont_Etica_Negativo,0.0,-0.06834085335022719,-0.06834085285663605
1mrpttm,val,ont_Tecnologia_Neutro,0.0,-0.27668578554642986,-0.27668577432632446
1mr7ugm,val,ont_domain_density,0.15789473684210525,1.6859543210809627,1.6859543323516846
1mr7ugm,val,ont_total_negativo_mentions,0.0,-0.21001172000820306,-0.21001172065734863
1mr7ugm,val,ont_InteligenciaArtificial_Negativo,0.0,-0.19168298382244495,-0.19168297946453094
1mr7ugm,val,ont_Innovacion_Neutro,0.0,-0.16443598256119465,-0.1644359827041626
1mr7ugm,val,ont_Etica_Negativo,0.0,-0.06834085335022719,-0.06834085285663605
1mr7ugm,val,ont_Tecnologia_Neutro,1.0,1.2450860349589343,1.2450860738754272
1mqu4d4,val,ont_domain_density,0.0,-1.146146880856887,-1.1461468935012817
1mqu4d4,val,ont_total_negativo_mentions,0.0,-0.21001172000820306,-0.21001172065734863
1mqu4d4,val,ont_InteligenciaArtificial_Negativo,0.0,-0.19168298382244495,-0.19168297946453094
1mqu4d4,val,ont_Innovacion_Neutro,0.0,-0.16443598256119465,-0.1644359827041626
1mqu4d4,val,ont_Etica_Negativo,0.0,-0.06834085335022719,-0.06834085285663605
1mqu4d4,val,ont_Tecnologia_Neutro,0.0,-0.27668578554642986,-0.27668577432632446
1mrqdje,val,ont_domain_density,0.0,-1.146146880856887,-1.1461468935012817
1mrqdje,val,ont_total_negativo_mentions,0.0,-0.21001172000820306,-0.21001172065734863
1mrqdje,val,ont_InteligenciaArtificial_Negativo,0.0,-0.19168298382244495,-0.19168297946453094
1mrqdje,val,ont_Innovacion_Neutro,0.0,-0.16443598256119465,-0.1644359827041626
1mrqdje,val,ont_Etica_Negativo,0.0,-0.06834085335022719,-0.06834085285663605
1mrqdje,val,ont_Tecnologia_Neutro,0.0,-0.27668578554642986,-0.27668577432632446
1n29rkq,val,ont_domain_density,0.1,0.6475172137037513,0.647517204284668
1n29rkq,val,ont_total_negativo_mentions,0.0,-0.21001172000820306,-0.21001172065734863
1n29rkq,val,ont_InteligenciaArtificial_Negativo,0.0,-0.19168298382244495,-0.19168297946453094
1n29rkq,val,ont_Innovacion_Neutro,0.0,-0.16443598256119465,-0.1644359827041626
1n29rkq,val,ont_Etica_Negativo,0.0,-0.06834085335022719,-0.06834085285663605
1n29rkq,val,ont_Tecnologia_Neutro,0.0,-0.27668578554642986,-0.27668577432632446
1nc71bh,val,ont_domain_density,0.013289036544850499,-0.9077862038388621,-0.9077861905097961
1nc71bh,val,ont_total_negativo_mentions,0.0,-0.21001172000820306,-0.21001172065734863
1nc71bh,val,ont_InteligenciaArtificial_Negativo,0.0,-0.19168298382244495,-0.19168297946453094
1nc71bh,val,ont_Innovacion_Neutro,0.0,-0.16443598256119465,-0.1644359827041626
1nc71bh,val,ont_Etica_Negativo,0.0,-0.06834085335022719,-0.06834085285663605
1nc71bh,val,ont_Tecnologia_Neutro,0.0,-0.27668578554642986,-0.27668577432632446
1mp1gcv,val,ont_domain_density,0.005385996409335727,-1.049540197128307,-1.0495401620864868
1mp1gcv,val,ont_total_negativo_mentions,0.0,-0.21001172000820306,-0.21001172065734863
1mp1gcv,val,ont_InteligenciaArtificial_Negativo,0.0,-0.19168298382244495,-0.19168297946453094
1mp1gcv,val,ont_Innovacion_Neutro,0.0,-0.16443598256119465,-0.1644359827041626
1mp1gcv,val,ont_Etica_Negativo,0.0,-0.06834085335022719,-0.06834085285663605
1mp1gcv,val,ont_Tecnologia_Neutro,0.0,-0.27668578554642986,-0.27668577432632446
1n7buwd,val,ont_domain_density,0.038461538461538464,-0.4562760752566416,-0.4562760889530182
1n7buwd,val,ont_total_negativo_mentions,0.0,-0.21001172000820306,-0.21001172065734863
1n7buwd,val,ont_InteligenciaArtificial_Negativo,0.0,-0.19168298382244495,-0.19168297946453094
1n7buwd,val,ont_Innovacion_Neutro,0.0,-0.16443598256119465,-0.1644359827041626
1n7buwd,val,ont_Etica_Negativo,0.0,-0.06834085335022719,-0.06834085285663605
1n7buwd,val,ont_Tecnologia_Neutro,0.0,-0.27668578554642986,-0.27668577432632446
1n6rwop,val,ont_domain_density,0.07692307692307693,0.23359473034360395,0.23359473049640656
1n6rwop,val,ont_total_negativo_mentions,0.0,-0.21001172000820306,-0.21001172065734863
1n6rwop,val,ont_InteligenciaArtificial_Negativo,0.0,-0.19168298382244495,-0.19168297946453094
1n6rwop,val,ont_Innovacion_Neutro,0.0,-0.16443598256119465,-0.1644359827041626
1n6rwop,val,ont_Etica_Negativo,0.0,-0.06834085335022719,-0.06834085285663605
1n6rwop,val,ont_Tecnologia_Neutro,0.0,-0.27668578554642986,-0.27668577432632446
1ne7ges,val,ont_domain_density,0.18181818181818182,2.115060563798819,2.115060567855835
1ne7ges,val,ont_total_negativo_mentions,0.0,-0.21001172000820306,-0.21001172065734863
1ne7ges,val,ont_InteligenciaArtificial_Negativo,0.0,-0.19168298382244495,-0.19168297946453094
1ne7ges,val,ont_Innovacion_Neutro,0.0,-0.16443598256119465,-0.1644359827041626
1ne7ges,val,ont_Etica_Negativo,0.0,-0.06834085335022719,-0.06834085285663605
1ne7ges,val,ont_Tecnologia_Neutro,0.0,-0.27668578554642986,-0.27668577432632446
1nemzt9,val,ont_domain_density,0.09090909090909091,0.4844568414709659,0.4844568371772766
1nemzt9,val,ont_total_negativo_mentions,0.0,-0.21001172000820306,-0.21001172065734863
1nemzt9,val,ont_InteligenciaArtificial_Negativo,0.0,-0.19168298382244495,-0.19168297946453094
1nemzt9,val,ont_Innovacion_Neutro,0.0,-0.16443598256119465,-0.1644359827041626
1nemzt9,val,ont_Etica_Negativo,0.0,-0.06834085335022719,-0.06834085285663605
1nemzt9,val,ont_Tecnologia_Neutro,0.0,-0.27668578554642986,-0.27668577432632446
1ne9wn4,val,ont_domain_density,0.0,-1.146146880856887,-1.1461468935012817
1ne9wn4,val,ont_total_negativo_mentions,0.0,-0.21001172000820306,-0.21001172065734863
1ne9wn4,val,ont_InteligenciaArtificial_Negativo,0.0,-0.19168298382244495,-0.19168297946453094
1ne9wn4,val,ont_Innovacion_Neutro,0.0,-0.16443598256119465,-0.1644359827041626
1ne9wn4,val,ont_Etica_Negativo,0.0,-0.06834085335022719,-0.06834085285663605
1ne9wn4,val,ont_Tecnologia_Neutro,0.0,-0.27668578554642986,-0.27668577432632446
1niopeo,val,ont_domain_density,0.08333333333333333,0.3485731979436447,0.3485732078552246
1niopeo,val,ont_total_negativo_mentions,0.0,-0.21001172000820306,-0.21001172065734863
1niopeo,val,ont_InteligenciaArtificial_Negativo,0.0,-0.19168298382244495,-0.19168297946453094
1niopeo,val,ont_Innovacion_Neutro,0.0,-0.16443598256119465,-0.1644359827041626
1niopeo,val,ont_Etica_Negativo,0.0,-0.06834085335022719,-0.06834085285663605
1niopeo,val,ont_Tecnologia_Neutro,0.0,-0.27668578554642986,-0.27668577432632446
1nb4w5s,val,ont_domain_density,0.0,-1.146146880856887,-1.1461468935012817
1nb4w5s,val,ont_total_negativo_mentions,0.0,-0.21001172000820306,-0.21001172065734863
1nb4w5s,val,ont_InteligenciaArtificial_Negativo,0.0,-0.19168298382244495,-0.19168297946453094
1nb4w5s,val,ont_Innovacion_Neutro,0.0,-0.16443598256119465,-0.1644359827041626
1nb4w5s,val,ont_Etica_Negativo,0.0,-0.06834085335022719,-0.06834085285663605
1nb4w5s,val,ont_Tecnologia_Neutro,0.0,-0.27668578554642986,-0.27668577432632446
1nc67qw,val,ont_domain_density,0.07692307692307693,0.23359473034360395,0.23359473049640656
1nc67qw,val,ont_total_negativo_mentions,0.0,-0.21001172000820306,-0.21001172065734863
1nc67qw,val,ont_InteligenciaArtificial_Negativo,0.0,-0.19168298382244495,-0.19168297946453094
1nc67qw,val,ont_Innovacion_Neutro,0.0,-0.16443598256119465,-0.1644359827041626
1nc67qw,val,ont_Etica_Negativo,0.0,-0.06834085335022719,-0.06834085285663605
1nc67qw,val,ont_Tecnologia_Neutro,0.0,-0.27668578554642986,-0.27668577432632446
1n9y1ln,val,ont_domain_density,0.09090909090909091,0.4844568414709659,0.4844568371772766
1n9y1ln,val,ont_total_negativo_mentions,2.0,6.455278278940668,6.455278396606445
1n9y1ln,val,ont_InteligenciaArtificial_Negativo,2.0,8.859494008378858,8.85949420928955
1n9y1ln,val,ont_Innovacion_Neutro,0.0,-0.16443598256119465,-0.1644359827041626
1n9y1ln,val,ont_Etica_Negativo,0.0,-0.06834085335022719,-0.06834085285663605
1n9y1ln,val,ont_Tecnologia_Neutro,0.0,-0.27668578554642986,-0.27668577432632446
1n7t5xw,val,ont_domain_density,0.08333333333333333,0.3485731979436447,0.3485732078552246
1n7t5xw,val,ont_total_negativo_mentions,0.0,-0.21001172000820306,-0.21001172065734863
1n7t5xw,val,ont_InteligenciaArtificial_Negativo,0.0,-0.19168298382244495,-0.19168297946453094
1n7t5xw,val,ont_Innovacion_Neutro,0.0,-0.16443598256119465,-0.1644359827041626
1n7t5xw,val,ont_Etica_Negativo,0.0,-0.06834085335022719,-0.06834085285663605
1n7t5xw,val,ont_Tecnologia_Neutro,0.0,-0.27668578554642986,-0.27668577432632446
1n7qvxw,val,ont_domain_density,0.1,0.6475172137037513,0.647517204284668
1n7qvxw,val,ont_total_negativo_mentions,0.0,-0.21001172000820306,-0.21001172065734863
1n7qvxw,val,ont_InteligenciaArtificial_Negativo,0.0,-0.19168298382244495,-0.19168297946453094
1n7qvxw,val,ont_Innovacion_Neutro,0.0,-0.16443598256119465,-0.1644359827041626
1n7qvxw,val,ont_Etica_Negativo,0.0,-0.06834085335022719,-0.06834085285663605
1n7qvxw,val,ont_Tecnologia_Neutro,0.0,-0.27668578554642986,-0.27668577432632446
1n78we7,val,ont_domain_density,0.1111111111111111,0.8468132242104887,0.8468132019042969
1n78we7,val,ont_total_negativo_mentions,0.0,-0.21001172000820306,-0.21001172065734863
1n78we7,val,ont_InteligenciaArtificial_Negativo,0.0,-0.19168298382244495,-0.19168297946453094
1n78we7,val,ont_Innovacion_Neutro,0.0,-0.16443598256119465,-0.1644359827041626
1n78we7,val,ont_Etica_Negativo,0.0,-0.06834085335022719,-0.06834085285663605
1n78we7,val,ont_Tecnologia_Neutro,0.0,-0.27668578554642986,-0.27668577432632446
1n8gxhc,val,ont_domain_density,0.0,-1.146146880856887,-1.1461468935012817
1n8gxhc,val,ont_total_negativo_mentions,0.0,-0.21001172000820306,-0.21001172065734863
1n8gxhc,val,ont_InteligenciaArtificial_Negativo,0.0,-0.19168298382244495,-0.19168297946453094
1n8gxhc,val,ont_Innovacion_Neutro,0.0,-0.16443598256119465,-0.1644359827041626
1n8gxhc,val,ont_Etica_Negativo,0.0,-0.06834085335022719,-0.06834085285663605
1n8gxhc,val,ont_Tecnologia_Neutro,0.0,-0.27668578554642986,-0.27668577432632446
1n8bfa3,val,ont_domain_density,0.1111111111111111,0.8468132242104887,0.8468132019042969
1n8bfa3,val,ont_total_negativo_mentions,0.0,-0.21001172000820306,-0.21001172065734863
1n8bfa3,val,ont_InteligenciaArtificial_Negativo,0.0,-0.19168298382244495,-0.19168297946453094
1n8bfa3,val,ont_Innovacion_Neutro,0.0,-0.16443598256119465,-0.1644359827041626
1n8bfa3,val,ont_Etica_Negativo,0.0,-0.06834085335022719,-0.06834085285663605
1n8bfa3,val,ont_Tecnologia_Neutro,0.0,-0.27668578554642986,-0.27668577432632446
1n98wv2,val,ont_domain_density,0.09090909090909091,0.4844568414709659,0.4844568371772766
1n98wv2,val,ont_total_negativo_mentions,0.0,-0.21001172000820306,-0.21001172065734863
1n98wv2,val,ont_InteligenciaArtificial_Negativo,0.0,-0.19168298382244495,-0.19168297946453094
1n98wv2,val,ont_Innovacion_Neutro,0.0,-0.16443598256119465,-0.1644359827041626
1n98wv2,val,ont_Etica_Negativo,0.0,-0.06834085335022719,-0.06834085285663605
1n98wv2,val,ont_Tecnologia_Neutro,1.0,1.2450860349589343,1.2450860738754272
1n8zfwd,val,ont_domain_density,0.1111111111111111,0.8468132242104887,0.8468132019042969
1n8zfwd,val,ont_total_negativo_mentions,0.0,-0.21001172000820306,-0.21001172065734863
1n8zfwd,val,ont_InteligenciaArtificial_Negativo,0.0,-0.19168298382244495,-0.19168297946453094
1n8zfwd,val,ont_Innovacion_Neutro,0.0,-0.16443598256119465,-0.1644359827041626
1n8zfwd,val,ont_Etica_Negativo,0.0,-0.06834085335022719,-0.06834085285663605
1n8zfwd,val,ont_Tecnologia_Neutro,1.0,1.2450860349589343,1.2450860738754272
1n99wrk,val,ont_domain_density,0.2222222222222222,2.8397733292778646,2.839773416519165
1n99wrk,val,ont_total_negativo_mentions,0.0,-0.21001172000820306,-0.21001172065734863
1n99wrk,val,ont_InteligenciaArtificial_Negativo,0.0,-0.19168298382244495,-0.19168297946453094
1n99wrk,val,ont_Innovacion_Neutro,0.0,-0.16443598256119465,-0.1644359827041626
1n99wrk,val,ont_Etica_Negativo,0.0,-0.06834085335022719,-0.06834085285663605
1n99wrk,val,ont_Tecnologia_Neutro,1.0,1.2450860349589343,1.2450860738754272
1n6z4c1,val,ont_domain_density,0.0,-1.146146880856887,-1.1461468935012817
1n6z4c1,val,ont_total_negativo_mentions,0.0,-0.21001172000820306,-0.21001172065734863
1n6z4c1,val,ont_InteligenciaArtificial_Negativo,0.0,-0.19168298382244495,-0.19168297946453094
1n6z4c1,val,ont_Innovacion_Neutro,0.0,-0.16443598256119465,-0.1644359827041626
1n6z4c1,val,ont_Etica_Negativo,0.0,-0.06834085335022719,-0.06834085285663605
1n6z4c1,val,ont_Tecnologia_Neutro,0.0,-0.27668578554642986,-0.27668577432632446
1n6tfx6,val,ont_domain_density,0.1,0.6475172137037513,0.647517204284668
1n6tfx6,val,ont_total_negativo_mentions,0.0,-0.21001172000820306,-0.21001172065734863
1n6tfx6,val,ont_InteligenciaArtificial_Negativo,0.0,-0.19168298382244495,-0.19168297946453094
1n6tfx6,val,ont_Innovacion_Neutro,0.0,-0.16443598256119465,-0.1644359827041626
1n6tfx6,val,ont_Etica_Negativo,0.0,-0.06834085335022719,-0.06834085285663605
1n6tfx6,val,ont_Tecnologia_Neutro,0.0,-0.27668578554642986,-0.27668577432632446
1n6zrhg,val,ont_domain_density,0.0,-1.146146880856887,-1.1461468935012817
1n6zrhg,val,ont_total_negativo_mentions,0.0,-0.21001172000820306,-0.21001172065734863
1n6zrhg,val,ont_InteligenciaArtificial_Negativo,0.0,-0.19168298382244495,-0.19168297946453094
1n6zrhg,val,ont_Innovacion_Neutro,0.0,-0.16443598256119465,-0.1644359827041626
1n6zrhg,val,ont_Etica_Negativo,0.0,-0.06834085335022719,-0.06834085285663605
1n6zrhg,val,ont_Tecnologia_Neutro,0.0,-0.27668578554642986,-0.27668577432632446
1n70u7v,val,ont_domain_density,0.14285714285714285,1.4162303970868817,1.4162304401397705
1n70u7v,val,ont_total_negativo_mentions,0.0,-0.21001172000820306,-0.21001172065734863
1n70u7v,val,ont_InteligenciaArtificial_Negativo,0.0,-0.19168298382244495,-0.19168297946453094
1n70u7v,val,ont_Innovacion_Neutro,0.0,-0.16443598256119465,-0.1644359827041626
1n70u7v,val,ont_Etica_Negativo,0.0,-0.06834085335022719,-0.06834085285663605
1n70u7v,val,ont_Tecnologia_Neutro,0.0,-0.27668578554642986,-0.27668577432632446
1n6mcs0,val,ont_domain_density,0.07142857142857142,0.1350417581149973,0.1350417584180832
1n6mcs0,val,ont_total_negativo_mentions,0.0,-0.21001172000820306,-0.21001172065734863
1n6mcs0,val,ont_InteligenciaArtificial_Negativo,0.0,-0.19168298382244495,-0.19168297946453094
1n6mcs0,val,ont_Innovacion_Neutro,0.0,-0.16443598256119465,-0.1644359827041626
1n6mcs0,val,ont_Etica_Negativo,0.0,-0.06834085335022719,-0.06834085285663605
1n6mcs0,val,ont_Tecnologia_Neutro,0.0,-0.27668578554642986,-0.27668577432632446
1n6pp8e,val,ont_domain_density,0.045454545454545456,-0.3308450196929606,-0.33084502816200256
1n6pp8e,val,ont_total_negativo_mentions,0.0,-0.21001172000820306,-0.21001172065734863
1n6pp8e,val,ont_InteligenciaArtificial_Negativo,0.0,-0.19168298382244495,-0.19168297946453094
1n6pp8e,val,ont_Innovacion_Neutro,0.0,-0.16443598256119465,-0.1644359827041626
1n6pp8e,val,ont_Etica_Negativo,0.0,-0.06834085335022719,-0.06834085285663605
1n6pp8e,val,ont_Tecnologia_Neutro,1.0,1.2450860349589343,1.2450860738754272
1n6ce6h,val,ont_domain_density,0.045454545454545456,-0.3308450196929606,-0.33084502816200256
1n6ce6h,val,ont_total_negativo_mentions,0.0,-0.21001172000820306,-0.21001172065734863
1n6ce6h,val,ont_InteligenciaArtificial_Negativo,0.0,-0.19168298382244495,-0.19168297946453094
1n6ce6h,val,ont_Innovacion_Neutro,0.0,-0.16443598256119465,-0.1644359827041626
1n6ce6h,val,ont_Etica_Negativo,0.0,-0.06834085335022719,-0.06834085285663605
1n6ce6h,val,ont_Tecnologia_Neutro,0.0,-0.27668578554642986,-0.27668577432632446
1nefi5o,val,ont_domain_density,0.0,-1.146146880856887,-1.1461468935012817
1nefi5o,val,ont_total_negativo_mentions,0.0,-0.21001172000820306,-0.21001172065734863
1nefi5o,val,ont_InteligenciaArtificial_Negativo,0.0,-0.19168298382244495,-0.19168297946453094
1nefi5o,val,ont_Innovacion_Neutro,0.0,-0.16443598256119465,-0.1644359827041626
1nefi5o,val,ont_Etica_Negativo,0.0,-0.06834085335022719,-0.06834085285663605
1nefi5o,val,ont_Tecnologia_Neutro,0.0,-0.27668578554642986,-0.27668577432632446
1ne4hnj,val,ont_domain_density,0.037037037037037035,-0.48182684583442853,-0.4818268418312073
1ne4hnj,val,ont_total_negativo_mentions,0.0,-0.21001172000820306,-0.21001172065734863
1ne4hnj,val,ont_InteligenciaArtificial_Negativo,0.0,-0.19168298382244495,-0.19168297946453094
1ne4hnj,val,ont_Innovacion_Neutro,0.0,-0.16443598256119465,-0.1644359827041626
1ne4hnj,val,ont_Etica_Negativo,0.0,-0.06834085335022719,-0.06834085285663605
1ne4hnj,val,ont_Tecnologia_Neutro,0.0,-0.27668578554642986,-0.27668577432632446
1neflm5,val,ont_domain_density,0.2222222222222222,2.8397733292778646,2.839773416519165
1neflm5,val,ont_total_negativo_mentions,0.0,-0.21001172000820306,-0.21001172065734863
1neflm5,val,ont_InteligenciaArtificial_Negativo,0.0,-0.19168298382244495,-0.19168297946453094
1neflm5,val,ont_Innovacion_Neutro,0.0,-0.16443598256119465,-0.1644359827041626
1neflm5,val,ont_Etica_Negativo,0.0,-0.06834085335022719,-0.06834085285663605
1neflm5,val,ont_Tecnologia_Neutro,0.0,-0.27668578554642986,-0.27668577432632446
1nelcey,val,ont_domain_density,0.07142857142857142,0.1350417581149973,0.1350417584180832
1nelcey,val,ont_total_negativo_mentions,0.0,-0.21001172000820306,-0.21001172065734863
1nelcey,val,ont_InteligenciaArtificial_Negativo,0.0,-0.19168298382244495,-0.19168297946453094
1nelcey,val,ont_Innovacion_Neutro,0.0,-0.16443598256119465,-0.1644359827041626
1nelcey,val,ont_Etica_Negativo,0.0,-0.06834085335022719,-0.06834085285663605
1nelcey,val,ont_Tecnologia_Neutro,0.0,-0.27668578554642986,-0.27668577432632446
1nedsij,val,ont_domain_density,0.07142857142857142,0.1350417581149973,0.1350417584180832
1nedsij,val,ont_total_negativo_mentions,0.0,-0.21001172000820306,-0.21001172065734863
1nedsij,val,ont_InteligenciaArtificial_Negativo,0.0,-0.19168298382244495,-0.19168297946453094
1nedsij,val,ont_Innovacion_Neutro,0.0,-0.16443598256119465,-0.1644359827041626
1nedsij,val,ont_Etica_Negativo,0.0,-0.06834085335022719,-0.06834085285663605
1nedsij,val,ont_Tecnologia_Neutro,0.0,-0.27668578554642986,-0.27668577432632446
1nej84z,val,ont_domain_density,0.1111111111111111,0.8468132242104887,0.8468132019042969
1nej84z,val,ont_total_negativo_mentions,0.0,-0.21001172000820306,-0.21001172065734863
1nej84z,val,ont_InteligenciaArtificial_Negativo,0.0,-0.19168298382244495,-0.19168297946453094
1nej84z,val,ont_Innovacion_Neutro,0.0,-0.16443598256119465,-0.1644359827041626
1nej84z,val,ont_Etica_Negativo,0.0,-0.06834085335022719,-0.06834085285663605
1nej84z,val,ont_Tecnologia_Neutro,0.0,-0.27668578554642986,-0.27668577432632446
1nifay3,val,ont_domain_density,0.0,-1.146146880856887,-1.1461468935012817
1nifay3,val,ont_total_negativo_mentions,0.0,-0.21001172000820306,-0.21001172065734863
1nifay3,val,ont_InteligenciaArtificial_Negativo,0.0,-0.19168298382244495,-0.19168297946453094
1nifay3,val,ont_Innovacion_Neutro,0.0,-0.16443598256119465,-0.1644359827041626
1nifay3,val,ont_Etica_Negativo,0.0,-0.06834085335022719,-0.06834085285663605
1nifay3,val,ont_Tecnologia_Neutro,0.0,-0.27668578554642986,-0.27668577432632446
1nif9gm,val,ont_domain_density,0.03125,-0.5856268513066877,-0.5856268405914307
1nif9gm,val,ont_total_negativo_mentions,0.0,-0.21001172000820306,-0.21001172065734863
1nif9gm,val,ont_InteligenciaArtificial_Negativo,0.0,-0.19168298382244495,-0.19168297946453094
1nif9gm,val,ont_Innovacion_Neutro,0.0,-0.16443598256119465,-0.1644359827041626
1nif9gm,val,ont_Etica_Negativo,0.0,-0.06834085335022719,-0.06834085285663605
1nif9gm,val,ont_Tecnologia_Neutro,0.0,-0.27668578554642986,-0.27668577432632446
1niuzhl,val,ont_domain_density,0.0,-1.146146880856887,-1.1461468935012817
1niuzhl,val,ont_total_negativo_mentions,0.0,-0.21001172000820306,-0.21001172065734863
1niuzhl,val,ont_InteligenciaArtificial_Negativo,0.0,-0.19168298382244495,-0.19168297946453094
1niuzhl,val,ont_Innovacion_Neutro,0.0,-0.16443598256119465,-0.1644359827041626
1niuzhl,val,ont_Etica_Negativo,0.0,-0.06834085335022719,-0.06834085285663605
1niuzhl,val,ont_Tecnologia_Neutro,0.0,-0.27668578554642986,-0.27668577432632446
1ninzst,val,ont_domain_density,0.1,0.6475172137037513,0.647517204284668
1ninzst,val,ont_total_negativo_mentions,0.0,-0.21001172000820306,-0.21001172065734863
1ninzst,val,ont_InteligenciaArtificial_Negativo,0.0,-0.19168298382244495,-0.19168297946453094
1ninzst,val,ont_Innovacion_Neutro,0.0,-0.16443598256119465,-0.1644359827041626
1ninzst,val,ont_Etica_Negativo,0.0,-0.06834085335022719,-0.06834085285663605
1ninzst,val,ont_Tecnologia_Neutro,0.0,-0.27668578554642986,-0.27668577432632446
1niqqyf,val,ont_domain_density,0.08333333333333333,0.3485731979436447,0.3485732078552246
1niqqyf,val,ont_total_negativo_mentions,0.0,-0.21001172000820306,-0.21001172065734863
1niqqyf,val,ont_InteligenciaArtificial_Negativo,0.0,-0.19168298382244495,-0.19168297946453094
1niqqyf,val,ont_Innovacion_Neutro,0.0,-0.16443598256119465,-0.1644359827041626
1niqqyf,val,ont_Etica_Negativo,0.0,-0.06834085335022719,-0.06834085285663605
1niqqyf,val,ont_Tecnologia_Neutro,0.0,-0.27668578554642986,-0.27668577432632446
1ninxgz,val,ont_domain_density,0.07142857142857142,0.1350417581149973,0.1350417584180832
1ninxgz,val,ont_total_negativo_mentions,0.0,-0.21001172000820306,-0.21001172065734863
1ninxgz,val,ont_InteligenciaArtificial_Negativo,0.0,-0.19168298382244495,-0.19168297946453094
1ninxgz,val,ont_Innovacion_Neutro,0.0,-0.16443598256119465,-0.1644359827041626
1ninxgz,val,ont_Etica_Negativo,0.0,-0.06834085335022719,-0.06834085285663605
1ninxgz,val,ont_Tecnologia_Neutro,0.0,-0.27668578554642986,-0.27668577432632446
1nibbrx,val,ont_domain_density,0.1,0.6475172137037513,0.647517204284668
1nibbrx,val,ont_total_negativo_mentions,0.0,-0.21001172000820306,-0.21001172065734863
1nibbrx,val,ont_InteligenciaArtificial_Negativo,0.0,-0.19168298382244495,-0.19168297946453094
1nibbrx,val,ont_Innovacion_Neutro,0.0,-0.16443598256119465,-0.1644359827041626
1nibbrx,val,ont_Etica_Negativo,0.0,-0.06834085335022719,-0.06834085285663605
1nibbrx,val,ont_Tecnologia_Neutro,0.0,-0.27668578554642986,-0.27668577432632446
1njhq6y,val,ont_domain_density,0.18181818181818182,2.115060563798819,2.115060567855835
1njhq6y,val,ont_total_negativo_mentions,2.0,6.455278278940668,6.455278396606445
1njhq6y,val,ont_InteligenciaArtificial_Negativo,1.0,4.333905512278206,4.3339056968688965
1njhq6y,val,ont_Innovacion_Neutro,0.0,-0.16443598256119465,-0.1644359827041626
1njhq6y,val,ont_Etica_Negativo,0.0,-0.06834085335022719,-0.06834085285663605
1njhq6y,val,ont_Tecnologia_Neutro,0.0,-0.27668578554642986,-0.27668577432632446
1nj8yl0,val,ont_domain_density,0.07142857142857142,0.1350417581149973,0.1350417584180832
1nj8yl0,val,ont_total_negativo_mentions,0.0,-0.21001172000820306,-0.21001172065734863
1nj8yl0,val,ont_InteligenciaArtificial_Negativo,0.0,-0.19168298382244495,-0.19168297946453094
1nj8yl0,val,ont_Innovacion_Neutro,0.0,-0.16443598256119465,-0.1644359827041626
1nj8yl0,val,ont_Etica_Negativo,0.0,-0.06834085335022719,-0.06834085285663605
1nj8yl0,val,ont_Tecnologia_Neutro,0.0,-0.27668578554642986,-0.27668577432632446
1nj9t1k,val,ont_domain_density,0.09090909090909091,0.4844568414709659,0.4844568371772766
1nj9t1k,val,ont_total_negativo_mentions,0.0,-0.21001172000820306,-0.21001172065734863
1nj9t1k,val,ont_InteligenciaArtificial_Negativo,0.0,-0.19168298382244495,-0.19168297946453094
1nj9t1k,val,ont_Innovacion_Neutro,0.0,-0.16443598256119465,-0.1644359827041626
1nj9t1k,val,ont_Etica_Negativo,0.0,-0.06834085335022719,-0.06834085285663605
1nj9t1k,val,ont_Tecnologia_Neutro,0.0,-0.27668578554642986,-0.27668577432632446
1njkf9e,val,ont_domain_density,0.1,0.6475172137037513,0.647517204284668
1njkf9e,val,ont_total_negativo_mentions,0.0,-0.21001172000820306,-0.21001172065734863
1njkf9e,val,ont_InteligenciaArtificial_Negativo,0.0,-0.19168298382244495,-0.19168297946453094
1njkf9e,val,ont_Innovacion_Neutro,0.0,-0.16443598256119465,-0.1644359827041626
1njkf9e,val,ont_Etica_Negativo,0.0,-0.06834085335022719,-0.06834085285663605
1njkf9e,val,ont_Tecnologia_Neutro,0.0,-0.27668578554642986,-0.27668577432632446
1ndhhax,val,ont_domain_density,0.07142857142857142,0.1350417581149973,0.1350417584180832
1ndhhax,val,ont_total_negativo_mentions,0.0,-0.21001172000820306,-0.21001172065734863
1ndhhax,val,ont_InteligenciaArtificial_Negativo,0.0,-0.19168298382244495,-0.19168297946453094
1ndhhax,val,ont_Innovacion_Neutro,0.0,-0.16443598256119465,-0.1644359827041626
1ndhhax,val,ont_Etica_Negativo,0.0,-0.06834085335022719,-0.06834085285663605
1ndhhax,val,ont_Tecnologia_Neutro,1.0,1.2450860349589343,1.2450860738754272
1ndfoiz,val,ont_domain_density,0.125,1.0959332373439108,1.095933198928833
1ndfoiz,val,ont_total_negativo_mentions,0.0,-0.21001172000820306,-0.21001172065734863
1ndfoiz,val,ont_InteligenciaArtificial_Negativo,0.0,-0.19168298382244495,-0.19168297946453094
1ndfoiz,val,ont_Innovacion_Neutro,0.0,-0.16443598256119465,-0.1644359827041626
1ndfoiz,val,ont_Etica_Negativo,0.0,-0.06834085335022719,-0.06834085285663605
1ndfoiz,val,ont_Tecnologia_Neutro,0.0,-0.27668578554642986,-0.27668577432632446
1nd6lu8,val,ont_domain_density,0.08333333333333333,0.3485731979436447,0.3485732078552246
1nd6lu8,val,ont_total_negativo_mentions,0.0,-0.21001172000820306,-0.21001172065734863
1nd6lu8,val,ont_InteligenciaArtificial_Negativo,0.0,-0.19168298382244495,-0.19168297946453094
1nd6lu8,val,ont_Innovacion_Neutro,0.0,-0.16443598256119465,-0.1644359827041626
1nd6lu8,val,ont_Etica_Negativo,0.0,-0.06834085335022719,-0.06834085285663605
1nd6lu8,val,ont_Tecnologia_Neutro,1.0,1.2450860349589343,1.2450860738754272
1nd65xv,val,ont_domain_density,0.125,1.0959332373439108,1.095933198928833
1nd65xv,val,ont_total_negativo_mentions,0.0,-0.21001172000820306,-0.21001172065734863
1nd65xv,val,ont_InteligenciaArtificial_Negativo,0.0,-0.19168298382244495,-0.19168297946453094
1nd65xv,val,ont_Innovacion_Neutro,0.0,-0.16443598256119465,-0.1644359827041626
1nd65xv,val,ont_Etica_Negativo,0.0,-0.06834085335022719,-0.06834085285663605
1nd65xv,val,ont_Tecnologia_Neutro,0.0,-0.27668578554642986,-0.27668577432632446
1ndgvdl,val,ont_domain_density,0.07692307692307693,0.23359473034360395,0.23359473049640656
1ndgvdl,val,ont_total_negativo_mentions,0.0,-0.21001172000820306,-0.21001172065734863
1ndgvdl,val,ont_InteligenciaArtificial_Negativo,0.0,-0.19168298382244495,-0.19168297946453094
1ndgvdl,val,ont_Innovacion_Neutro,0.0,-0.16443598256119465,-0.1644359827041626
1ndgvdl,val,ont_Etica_Negativo,0.0,-0.06834085335022719,-0.06834085285663605
1ndgvdl,val,ont_Tecnologia_Neutro,1.0,1.2450860349589343,1.2450860738754272
1ndhi9j,val,ont_domain_density,0.1111111111111111,0.8468132242104887,0.8468132019042969
1ndhi9j,val,ont_total_negativo_mentions,0.0,-0.21001172000820306,-0.21001172065734863
1ndhi9j,val,ont_InteligenciaArtificial_Negativo,0.0,-0.19168298382244495,-0.19168297946453094
1ndhi9j,val,ont_Innovacion_Neutro,0.0,-0.16443598256119465,-0.1644359827041626
1ndhi9j,val,ont_Etica_Negativo,0.0,-0.06834085335022719,-0.06834085285663605
1ndhi9j,val,ont_Tecnologia_Neutro,0.0,-0.27668578554642986,-0.27668577432632446
1nas7rb,val,ont_domain_density,0.0625,-0.025106821756488196,-0.025106821209192276
1nas7rb,val,ont_total_negativo_mentions,0.0,-0.21001172000820306,-0.21001172065734863
1nas7rb,val,ont_InteligenciaArtificial_Negativo,0.0,-0.19168298382244495,-0.19168297946453094
1nas7rb,val,ont_Innovacion_Neutro,0.0,-0.16443598256119465,-0.1644359827041626
1nas7rb,val,ont_Etica_Negativo,0.0,-0.06834085335022719,-0.06834085285663605
1nas7rb,val,ont_Tecnologia_Neutro,0.0,-0.27668578554642986,-0.27668577432632446
1naqa42,val,ont_domain_density,0.09090909090909091,0.4844568414709659,0.4844568371772766
1naqa42,val,ont_total_negativo_mentions,0.0,-0.21001172000820306,-0.21001172065734863
1naqa42,val,ont_InteligenciaArtificial_Negativo,0.0,-0.19168298382244495,-0.19168297946453094
1naqa42,val,ont_Innovacion_Neutro,0.0,-0.16443598256119465,-0.1644359827041626
1naqa42,val,ont_Etica_Negativo,0.0,-0.06834085335022719,-0.06834085285663605
1naqa42,val,ont_Tecnologia_Neutro,0.0,-0.27668578554642986,-0.27668577432632446
1natkyf,val,ont_domain_density,0.07692307692307693,0.23359473034360395,0.23359473049640656
1natkyf,val,ont_total_negativo_mentions,0.0,-0.21001172000820306,-0.21001172065734863
1natkyf,val,ont_InteligenciaArtificial_Negativo,0.0,-0.19168298382244495,-0.19168297946453094
1natkyf,val,ont_Innovacion_Neutro,0.0,-0.16443598256119465,-0.1644359827041626
1natkyf,val,ont_Etica_Negativo,0.0,-0.06834085335022719,-0.06834085285663605
1natkyf,val,ont_Tecnologia_Neutro,0.0,-0.27668578554642986,-0.27668577432632446
1narqb9,val,ont_domain_density,0.09090909090909091,0.4844568414709659,0.4844568371772766
1narqb9,val,ont_total_negativo_mentions,0.0,-0.21001172000820306,-0.21001172065734863
1narqb9,val,ont_InteligenciaArtificial_Negativo,0.0,-0.19168298382244495,-0.19168297946453094
1narqb9,val,ont_Innovacion_Neutro,0.0,-0.16443598256119465,-0.1644359827041626
1narqb9,val,ont_Etica_Negativo,0.0,-0.06834085335022719,-0.06834085285663605
1narqb9,val,ont_Tecnologia_Neutro,0.0,-0.27668578554642986,-0.27668577432632446
1nb429h,val,ont_domain_density,0.06666666666666667,0.04962918218353839,0.04962918162345886
1nb429h,val,ont_total_negativo_mentions,0.0,-0.21001172000820306,-0.21001172065734863
1nb429h,val,ont_InteligenciaArtificial_Negativo,0.0,-0.19168298382244495,-0.19168297946453094
1nb429h,val,ont_Innovacion_Neutro,0.0,-0.16443598256119465,-0.1644359827041626
1nb429h,val,ont_Etica_Negativo,0.0,-0.06834085335022719,-0.06834085285663605
1nb429h,val,ont_Tecnologia_Neutro,1.0,1.2450860349589343,1.2450860738754272
1nb7yzs,val,ont_domain_density,0.06666666666666667,0.04962918218353839,0.04962918162345886
1nb7yzs,val,ont_total_negativo_mentions,0.0,-0.21001172000820306,-0.21001172065734863
1nb7yzs,val,ont_InteligenciaArtificial_Negativo,0.0,-0.19168298382244495,-0.19168297946453094
1nb7yzs,val,ont_Innovacion_Neutro,0.0,-0.16443598256119465,-0.1644359827041626
1nb7yzs,val,ont_Etica_Negativo,0.0,-0.06834085335022719,-0.06834085285663605
1nb7yzs,val,ont_Tecnologia_Neutro,0.0,-0.27668578554642986,-0.27668577432632446
1nckv37,val,ont_domain_density,0.07692307692307693,0.23359473034360395,0.23359473049640656
1nckv37,val,ont_total_negativo_mentions,0.0,-0.21001172000820306,-0.21001172065734863
1nckv37,val,ont_InteligenciaArtificial_Negativo,0.0,-0.19168298382244495,-0.19168297946453094
1nckv37,val,ont_Innovacion_Neutro,0.0,-0.16443598256119465,-0.1644359827041626
1nckv37,val,ont_Etica_Negativo,0.0,-0.06834085335022719,-0.06834085285663605
1nckv37,val,ont_Tecnologia_Neutro,0.0,-0.27668578554642986,-0.27668577432632446
1nco0oa,val,ont_domain_density,0.1,0.6475172137037513,0.647517204284668
1nco0oa,val,ont_total_negativo_mentions,0.0,-0.21001172000820306,-0.21001172065734863
1nco0oa,val,ont_InteligenciaArtificial_Negativo,0.0,-0.19168298382244495,-0.19168297946453094
1nco0oa,val,ont_Innovacion_Neutro,0.0,-0.16443598256119465,-0.1644359827041626
1nco0oa,val,ont_Etica_Negativo,0.0,-0.06834085335022719,-0.06834085285663605
1nco0oa,val,ont_Tecnologia_Neutro,0.0,-0.27668578554642986,-0.27668577432632446
1nczvz1,val,ont_domain_density,0.07407407407407407,0.18249318918803006,0.182493194937706
1nczvz1,val,ont_total_negativo_mentions,0.0,-0.21001172000820306,-0.21001172065734863
1nczvz1,val,ont_InteligenciaArtificial_Negativo,0.0,-0.19168298382244495,-0.19168297946453094
1nczvz1,val,ont_Innovacion_Neutro,0.0,-0.16443598256119465,-0.1644359827041626
1nczvz1,val,ont_Etica_Negativo,0.0,-0.06834085335022719,-0.06834085285663605
1nczvz1,val,ont_Tecnologia_Neutro,1.0,1.2450860349589343,1.2450860738754272
1ncjejl,val,ont_domain_density,0.09090909090909091,0.4844568414709659,0.4844568371772766
1ncjejl,val,ont_total_negativo_mentions,0.0,-0.21001172000820306,-0.21001172065734863
1ncjejl,val,ont_InteligenciaArtificial_Negativo,0.0,-0.19168298382244495,-0.19168297946453094
1ncjejl,val,ont_Innovacion_Neutro,0.0,-0.16443598256119465,-0.1644359827041626
1ncjejl,val,ont_Etica_Negativo,0.0,-0.06834085335022719,-0.06834085285663605
1ncjejl,val,ont_Tecnologia_Neutro,0.0,-0.27668578554642986,-0.27668577432632446
1ncbmqf,val,ont_domain_density,0.1111111111111111,0.8468132242104887,0.8468132019042969
1ncbmqf,val,ont_total_negativo_mentions,0.0,-0.21001172000820306,-0.21001172065734863
1ncbmqf,val,ont_InteligenciaArtificial_Negativo,0.0,-0.19168298382244495,-0.19168297946453094
1ncbmqf,val,ont_Innovacion_Neutro,0.0,-0.16443598256119465,-0.1644359827041626
1ncbmqf,val,ont_Etica_Negativo,0.0,-0.06834085335022719,-0.06834085285663605
1ncbmqf,val,ont_Tecnologia_Neutro,0.0,-0.27668578554642986,-0.27668577432632446
1nct752,val,ont_domain_density,0.08695652173913043,0.41356102745671136,0.41356101632118225
1nct752,val,ont_total_negativo_mentions,0.0,-0.21001172000820306,-0.21001172065734863
1nct752,val,ont_InteligenciaArtificial_Negativo,0.0,-0.19168298382244495,-0.19168297946453094
1nct752,val,ont_Innovacion_Neutro,0.0,-0.16443598256119465,-0.1644359827041626
1nct752,val,ont_Etica_Negativo,0.0,-0.06834085335022719,-0.06834085285663605
1nct752,val,ont_Tecnologia_Neutro,1.0,1.2450860349589343,1.2450860738754272
1nc40k4,val,ont_domain_density,0.1111111111111111,0.8468132242104887,0.8468132019042969
1nc40k4,val,ont_total_negativo_mentions,0.0,-0.21001172000820306,-0.21001172065734863
1nc40k4,val,ont_InteligenciaArtificial_Negativo,0.0,-0.19168298382244495,-0.19168297946453094
1nc40k4,val,ont_Innovacion_Neutro,0.0,-0.16443598256119465,-0.1644359827041626
1nc40k4,val,ont_Etica_Negativo,0.0,-0.06834085335022719,-0.06834085285663605
1nc40k4,val,ont_Tecnologia_Neutro,0.0,-0.27668578554642986,-0.27668577432632446
1nbusan,val,ont_domain_density,0.125,1.0959332373439108,1.095933198928833
1nbusan,val,ont_total_negativo_mentions,0.0,-0.21001172000820306,-0.21001172065734863
1nbusan,val,ont_InteligenciaArtificial_Negativo,0.0,-0.19168298382244495,-0.19168297946453094
1nbusan,val,ont_Innovacion_Neutro,0.0,-0.16443598256119465,-0.1644359827041626
1nbusan,val,ont_Etica_Negativo,0.0,-0.06834085335022719,-0.06834085285663605
1nbusan,val,ont_Tecnologia_Neutro,0.0,-0.27668578554642986,-0.27668577432632446
1nc4flz,val,ont_domain_density,0.07692307692307693,0.23359473034360395,0.23359473049640656
1nc4flz,val,ont_total_negativo_mentions,0.0,-0.21001172000820306,-0.21001172065734863
1nc4flz,val,ont_InteligenciaArtificial_Negativo,0.0,-0.19168298382244495,-0.19168297946453094
1nc4flz,val,ont_Innovacion_Neutro,0.0,-0.16443598256119465,-0.1644359827041626
1nc4flz,val,ont_Etica_Negativo,0.0,-0.06834085335022719,-0.06834085285663605
1nc4flz,val,ont_Tecnologia_Neutro,0.0,-0.27668578554642986,-0.27668577432632446
1nbnjk6,val,ont_domain_density,0.0,-1.146146880856887,-1.1461468935012817
1nbnjk6,val,ont_total_negativo_mentions,0.0,-0.21001172000820306,-0.21001172065734863
1nbnjk6,val,ont_InteligenciaArtificial_Negativo,0.0,-0.19168298382244495,-0.19168297946453094
1nbnjk6,val,ont_Innovacion_Neutro,0.0,-0.16443598256119465,-0.1644359827041626
1nbnjk6,val,ont_Etica_Negativo,0.0,-0.06834085335022719,-0.06834085285663605
1nbnjk6,val,ont_Tecnologia_Neutro,0.0,-0.27668578554642986,-0.27668577432632446
1nbzq7s,val,ont_domain_density,0.07142857142857142,0.1350417581149973,0.1350417584180832
1nbzq7s,val,ont_total_negativo_mentions,0.0,-0.21001172000820306,-0.21001172065734863
1nbzq7s,val,ont_InteligenciaArtificial_Negativo,0.0,-0.19168298382244495,-0.19168297946453094
1nbzq7s,val,ont_Innovacion_Neutro,0.0,-0.16443598256119465,-0.1644359827041626
1nbzq7s,val,ont_Etica_Negativo,0.0,-0.06834085335022719,-0.06834085285663605
1nbzq7s,val,ont_Tecnologia_Neutro,0.0,-0.27668578554642986,-0.27668577432632446
1nbv6mx,val,ont_domain_density,0.09090909090909091,0.4844568414709659,0.4844568371772766
1nbv6mx,val,ont_total_negativo_mentions,0.0,-0.21001172000820306,-0.21001172065734863
1nbv6mx,val,ont_InteligenciaArtificial_Negativo,0.0,-0.19168298382244495,-0.19168297946453094
1nbv6mx,val,ont_Innovacion_Neutro,0.0,-0.16443598256119465,-0.1644359827041626
1nbv6mx,val,ont_Etica_Negativo,0.0,-0.06834085335022719,-0.06834085285663605
1nbv6mx,val,ont_Tecnologia_Neutro,0.0,-0.27668578554642986,-0.27668577432632446
1n5uugs,val,ont_domain_density,0.125,1.0959332373439108,1.095933198928833
1n5uugs,val,ont_total_negativo_mentions,0.0,-0.21001172000820306,-0.21001172065734863
1n5uugs,val,ont_InteligenciaArtificial_Negativo,0.0,-0.19168298382244495,-0.19168297946453094
1n5uugs,val,ont_Innovacion_Neutro,0.0,-0.16443598256119465,-0.1644359827041626
1n5uugs,val,ont_Etica_Negativo,0.0,-0.06834085335022719,-0.06834085285663605
1n5uugs,val,ont_Tecnologia_Neutro,0.0,-0.27668578554642986,-0.27668577432632446
1n5ovi9,val,ont_domain_density,0.03571428571428571,-0.505552561370945,-0.5055525898933411
1n5ovi9,val,ont_total_negativo_mentions,0.0,-0.21001172000820306,-0.21001172065734863
1n5ovi9,val,ont_InteligenciaArtificial_Negativo,0.0,-0.19168298382244495,-0.19168297946453094
1n5ovi9,val,ont_Innovacion_Neutro,0.0,-0.16443598256119465,-0.1644359827041626
1n5ovi9,val,ont_Etica_Negativo,0.0,-0.06834085335022719,-0.06834085285663605
1n5ovi9,val,ont_Tecnologia_Neutro,0.0,-0.27668578554642986,-0.27668577432632446
1n68heo,val,ont_domain_density,0.08333333333333333,0.3485731979436447,0.3485732078552246
1n68heo,val,ont_total_negativo_mentions,0.0,-0.21001172000820306,-0.21001172065734863
1n68heo,val,ont_InteligenciaArtificial_Negativo,0.0,-0.19168298382244495,-0.19168297946453094
1n68heo,val,ont_Innovacion_Neutro,0.0,-0.16443598256119465,-0.1644359827041626
1n68heo,val,ont_Etica_Negativo,0.0,-0.06834085335022719,-0.06834085285663605
1n68heo,val,ont_Tecnologia_Neutro,0.0,-0.27668578554642986,-0.27668577432632446
1n5igtm,val,ont_domain_density,0.14285714285714285,1.4162303970868817,1.4162304401397705
1n5igtm,val,ont_total_negativo_mentions,0.0,-0.21001172000820306,-0.21001172065734863
1n5igtm,val,ont_InteligenciaArtificial_Negativo,0.0,-0.19168298382244495,-0.19168297946453094
1n5igtm,val,ont_Innovacion_Neutro,0.0,-0.16443598256119465,-0.1644359827041626
1n5igtm,val,ont_Etica_Negativo,0.0,-0.06834085335022719,-0.06834085285663605
1n5igtm,val,ont_Tecnologia_Neutro,0.0,-0.27668578554642986,-0.27668577432632446
1n5x8k3,val,ont_domain_density,0.0,-1.146146880856887,-1.1461468935012817
1n5x8k3,val,ont_total_negativo_mentions,0.0,-0.21001172000820306,-0.21001172065734863
1n5x8k3,val,ont_InteligenciaArtificial_Negativo,0.0,-0.19168298382244495,-0.19168297946453094
1n5x8k3,val,ont_Innovacion_Neutro,0.0,-0.16443598256119465,-0.1644359827041626
1n5x8k3,val,ont_Etica_Negativo,0.0,-0.06834085335022719,-0.06834085285663605
1n5x8k3,val,ont_Tecnologia_Neutro,0.0,-0.27668578554642986,-0.27668577432632446
1n6ap6d,val,ont_domain_density,0.125,1.0959332373439108,1.095933198928833
1n6ap6d,val,ont_total_negativo_mentions,0.0,-0.21001172000820306,-0.21001172065734863
1n6ap6d,val,ont_InteligenciaArtificial_Negativo,0.0,-0.19168298382244495,-0.19168297946453094
1n6ap6d,val,ont_Innovacion_Neutro,1.0,5.324323711205579,5.324323654174805
1n6ap6d,val,ont_Etica_Negativo,0.0,-0.06834085335022719,-0.06834085285663605
1n6ap6d,val,ont_Tecnologia_Neutro,0.0,-0.27668578554642986,-0.27668577432632446
1n5h6f7,val,ont_domain_density,0.03571428571428571,-0.505552561370945,-0.5055525898933411
1n5h6f7,val,ont_total_negativo_mentions,0.0,-0.21001172000820306,-0.21001172065734863
1n5h6f7,val,ont_InteligenciaArtificial_Negativo,0.0,-0.19168298382244495,-0.19168297946453094
1n5h6f7,val,ont_Innovacion_Neutro,0.0,-0.16443598256119465,-0.1644359827041626
1n5h6f7,val,ont_Etica_Negativo,0.0,-0.06834085335022719,-0.06834085285663605
1n5h6f7,val,ont_Tecnologia_Neutro,0.0,-0.27668578554642986,-0.27668577432632446
1n6713c,val,ont_domain_density,0.047619047619047616,-0.29202112154229753,-0.29202112555503845
1n6713c,val,ont_total_negativo_mentions,0.0,-0.21001172000820306,-0.21001172065734863
1n6713c,val,ont_InteligenciaArtificial_Negativo,0.0,-0.19168298382244495,-0.19168297946453094
1n6713c,val,ont_Innovacion_Neutro,0.0,-0.16443598256119465,-0.1644359827041626
1n6713c,val,ont_Etica_Negativo,0.0,-0.06834085335022719,-0.06834085285663605
1n6713c,val,ont_Tecnologia_Neutro,0.0,-0.27668578554642986,-0.27668577432632446
1n5ygo9,val,ont_domain_density,0.0,-1.146146880856887,-1.1461468935012817
1n5ygo9,val,ont_total_negativo_mentions,0.0,-0.21001172000820306,-0.21001172065734863
1n5ygo9,val,ont_InteligenciaArtificial_Negativo,0.0,-0.19168298382244495,-0.19168297946453094
1n5ygo9,val,ont_Innovacion_Neutro,0.0,-0.16443598256119465,-0.1644359827041626
1n5ygo9,val,ont_Etica_Negativo,0.0,-0.06834085335022719,-0.06834085285663605
1n5ygo9,val,ont_Tecnologia_Neutro,0.0,-0.27668578554642986,-0.27668577432632446
1n60ew9,val,ont_domain_density,0.16666666666666666,1.8432932767441765,1.843293309211731
1n60ew9,val,ont_total_negativo_mentions,0.0,-0.21001172000820306,-0.21001172065734863
1n60ew9,val,ont_InteligenciaArtificial_Negativo,0.0,-0.19168298382244495,-0.19168297946453094
1n60ew9,val,ont_Innovacion_Neutro,0.0,-0.16443598256119465,-0.1644359827041626
1n60ew9,val,ont_Etica_Negativo,0.0,-0.06834085335022719,-0.06834085285663605
1n60ew9,val,ont_Tecnologia_Neutro,0.0,-0.27668578554642986,-0.27668577432632446
1n9xe8b,val,ont_domain_density,0.08333333333333333,0.3485731979436447,0.3485732078552246
1n9xe8b,val,ont_total_negativo_mentions,0.0,-0.21001172000820306,-0.21001172065734863
1n9xe8b,val,ont_InteligenciaArtificial_Negativo,0.0,-0.19168298382244495,-0.19168297946453094
1n9xe8b,val,ont_Innovacion_Neutro,0.0,-0.16443598256119465,-0.1644359827041626
1n9xe8b,val,ont_Etica_Negativo,0.0,-0.06834085335022719,-0.06834085285663605
1n9xe8b,val,ont_Tecnologia_Neutro,0.0,-0.27668578554642986,-0.27668577432632446
1na8wg1,val,ont_domain_density,0.1,0.6475172137037513,0.647517204284668
1na8wg1,val,ont_total_negativo_mentions,0.0,-0.21001172000820306,-0.21001172065734863
1na8wg1,val,ont_InteligenciaArtificial_Negativo,0.0,-0.19168298382244495,-0.19168297946453094
1na8wg1,val,ont_Innovacion_Neutro,0.0,-0.16443598256119465,-0.1644359827041626
1na8wg1,val,ont_Etica_Negativo,0.0,-0.06834085335022719,-0.06834085285663605
1na8wg1,val,ont_Tecnologia_Neutro,0.0,-0.27668578554642986,-0.27668577432632446
1n9ury6,val,ont_domain_density,0.1,0.6475172137037513,0.647517204284668
1n9ury6,val,ont_total_negativo_mentions,0.0,-0.21001172000820306,-0.21001172065734863
1n9ury6,val,ont_InteligenciaArtificial_Negativo,0.0,-0.19168298382244495,-0.19168297946453094
1n9ury6,val,ont_Innovacion_Neutro,0.0,-0.16443598256119465,-0.1644359827041626
1n9ury6,val,ont_Etica_Negativo,0.0,-0.06834085335022719,-0.06834085285663605
1n9ury6,val,ont_Tecnologia_Neutro,0.0,-0.27668578554642986,-0.27668577432632446
1na7hny,val,ont_domain_density,0.125,1.0959332373439108,1.095933198928833
1na7hny,val,ont_total_negativo_mentions,0.0,-0.21001172000820306,-0.21001172065734863
1na7hny,val,ont_InteligenciaArtificial_Negativo,0.0,-0.19168298382244495,-0.19168297946453094
1na7hny,val,ont_Innovacion_Neutro,0.0,-0.16443598256119465,-0.1644359827041626
1na7hny,val,ont_Etica_Negativo,0.0,-0.06834085335022719,-0.06834085285663605
1na7hny,val,ont_Tecnologia_Neutro,0.0,-0.27668578554642986,-0.27668577432632446
1n9rf2w,val,ont_domain_density,0.125,1.0959332373439108,1.095933198928833
1n9rf2w,val,ont_total_negativo_mentions,0.0,-0.21001172000820306,-0.21001172065734863
1n9rf2w,val,ont_InteligenciaArtificial_Negativo,0.0,-0.19168298382244495,-0.19168297946453094
1n9rf2w,val,ont_Innovacion_Neutro,0.0,-0.16443598256119465,-0.1644359827041626
1n9rf2w,val,ont_Etica_Negativo,0.0,-0.06834085335022719,-0.06834085285663605
1n9rf2w,val,ont_Tecnologia_Neutro,0.0,-0.27668578554642986,-0.27668577432632446
1ni02xe,val,ont_domain_density,0.09090909090909091,0.4844568414709659,0.4844568371772766
1ni02xe,val,ont_total_negativo_mentions,0.0,-0.21001172000820306,-0.21001172065734863
1ni02xe,val,ont_InteligenciaArtificial_Negativo,0.0,-0.19168298382244495,-0.19168297946453094
1ni02xe,val,ont_Innovacion_Neutro,0.0,-0.16443598256119465,-0.1644359827041626
1ni02xe,val,ont_Etica_Negativo,0.0,-0.06834085335022719,-0.06834085285663605
1ni02xe,val,ont_Tecnologia_Neutro,1.0,1.2450860349589343,1.2450860738754272
1nhqxi4,val,ont_domain_density,0.1111111111111111,0.8468132242104887,0.8468132019042969
1nhqxi4,val,ont_total_negativo_mentions,0.0,-0.21001172000820306,-0.21001172065734863
1nhqxi4,val,ont_InteligenciaArtificial_Negativo,0.0,-0.19168298382244495,-0.19168297946453094
1nhqxi4,val,ont_Innovacion_Neutro,0.0,-0.16443598256119465,-0.1644359827041626
1nhqxi4,val,ont_Etica_Negativo,0.0,-0.06834085335022719,-0.06834085285663605
1nhqxi4,val,ont_Tecnologia_Neutro,0.0,-0.27668578554642986,-0.27668577432632446
1nhipak,val,ont_domain_density,0.0,-1.146146880856887,-1.1461468935012817
1nhipak,val,ont_total_negativo_mentions,0.0,-0.21001172000820306,-0.21001172065734863
1nhipak,val,ont_InteligenciaArtificial_Negativo,0.0,-0.19168298382244495,-0.19168297946453094
1nhipak,val,ont_Innovacion_Neutro,0.0,-0.16443598256119465,-0.1644359827041626
1nhipak,val,ont_Etica_Negativo,0.0,-0.06834085335022719,-0.06834085285663605
1nhipak,val,ont_Tecnologia_Neutro,0.0,-0.27668578554642986,-0.27668577432632446
1nhm0tu,val,ont_domain_density,0.1,0.6475172137037513,0.647517204284668
1nhm0tu,val,ont_total_negativo_mentions,0.0,-0.21001172000820306,-0.21001172065734863
1nhm0tu,val,ont_InteligenciaArtificial_Negativo,0.0,-0.19168298382244495,-0.19168297946453094
1nhm0tu,val,ont_Innovacion_Neutro,0.0,-0.16443598256119465,-0.1644359827041626
1nhm0tu,val,ont_Etica_Negativo,0.0,-0.06834085335022719,-0.06834085285663605
1nhm0tu,val,ont_Tecnologia_Neutro,0.0,-0.27668578554642986,-0.27668577432632446
1nf0r4j,val,ont_domain_density,0.0,-1.146146880856887,-1.1461468935012817
1nf0r4j,val,ont_total_negativo_mentions,0.0,-0.21001172000820306,-0.21001172065734863
1nf0r4j,val,ont_InteligenciaArtificial_Negativo,0.0,-0.19168298382244495,-0.19168297946453094
1nf0r4j,val,ont_Innovacion_Neutro,0.0,-0.16443598256119465,-0.1644359827041626
1nf0r4j,val,ont_Etica_Negativo,0.0,-0.06834085335022719,-0.06834085285663605
1nf0r4j,val,ont_Tecnologia_Neutro,0.0,-0.27668578554642986,-0.27668577432632446
1nfdf1r,val,ont_domain_density,0.09523809523809523,0.5621046377722921,0.5621046423912048
1nfdf1r,val,ont_total_negativo_mentions,0.0,-0.21001172000820306,-0.21001172065734863
1nfdf1r,val,ont_InteligenciaArtificial_Negativo,0.0,-0.19168298382244495,-0.19168297946453094
1nfdf1r,val,ont_Innovacion_Neutro,0.0,-0.16443598256119465,-0.1644359827041626
1nfdf1r,val,ont_Etica_Negativo,0.0,-0.06834085335022719,-0.06834085285663605
1nfdf1r,val,ont_Tecnologia_Neutro,0.0,-0.27668578554642986,-0.27668577432632446
1nf1tjz,val,ont_domain_density,0.041666666666666664,-0.39878684145662124,-0.39878684282302856
1nf1tjz,val,ont_total_negativo_mentions,0.0,-0.21001172000820306,-0.21001172065734863
1nf1tjz,val,ont_InteligenciaArtificial_Negativo,0.0,-0.19168298382244495,-0.19168297946453094
1nf1tjz,val,ont_Innovacion_Neutro,0.0,-0.16443598256119465,-0.1644359827041626
1nf1tjz,val,ont_Etica_Negativo,0.0,-0.06834085335022719,-0.06834085285663605
1nf1tjz,val,ont_Tecnologia_Neutro,1.0,1.2450860349589343,1.2450860738754272
1nf7snm,val,ont_domain_density,0.0,-1.146146880856887,-1.1461468935012817
1nf7snm,val,ont_total_negativo_mentions,0.0,-0.21001172000820306,-0.21001172065734863
1nf7snm,val,ont_InteligenciaArtificial_Negativo,0.0,-0.19168298382244495,-0.19168297946453094
1nf7snm,val,ont_Innovacion_Neutro,0.0,-0.16443598256119465,-0.1644359827041626
1nf7snm,val,ont_Etica_Negativo,0.0,-0.06834085335022719,-0.06834085285663605
1nf7snm,val,ont_Tecnologia_Neutro,0.0,-0.27668578554642986,-0.27668577432632446
1nfder7,val,ont_domain_density,0.13333333333333333,1.245405245223964,1.2454051971435547
1nfder7,val,ont_total_negativo_mentions,0.0,-0.21001172000820306,-0.21001172065734863
1nfder7,val,ont_InteligenciaArtificial_Negativo,0.0,-0.19168298382244495,-0.19168297946453094
1nfder7,val,ont_Innovacion_Neutro,0.0,-0.16443598256119465,-0.1644359827041626
1nfder7,val,ont_Etica_Negativo,0.0,-0.06834085335022719,-0.06834085285663605
1nfder7,val,ont_Tecnologia_Neutro,0.0,-0.27668578554642986,-0.27668577432632446
1nf07lx,val,ont_domain_density,0.037037037037037035,-0.48182684583442853,-0.4818268418312073
1nf07lx,val,ont_total_negativo_mentions,0.0,-0.21001172000820306,-0.21001172065734863
1nf07lx,val,ont_InteligenciaArtificial_Negativo,0.0,-0.19168298382244495,-0.19168297946453094
1nf07lx,val,ont_Innovacion_Neutro,0.0,-0.16443598256119465,-0.1644359827041626
1nf07lx,val,ont_Etica_Negativo,0.0,-0.06834085335022719,-0.06834085285663605
1nf07lx,val,ont_Tecnologia_Neutro,0.0,-0.27668578554642986,-0.27668577432632446
1nf1q5n,val,ont_domain_density,0.1111111111111111,0.8468132242104887,0.8468132019042969
1nf1q5n,val,ont_total_negativo_mentions,0.0,-0.21001172000820306,-0.21001172065734863
1nf1q5n,val,ont_InteligenciaArtificial_Negativo,0.0,-0.19168298382244495,-0.19168297946453094
1nf1q5n,val,ont_Innovacion_Neutro,0.0,-0.16443598256119465,-0.1644359827041626
1nf1q5n,val,ont_Etica_Negativo,0.0,-0.06834085335022719,-0.06834085285663605
1nf1q5n,val,ont_Tecnologia_Neutro,0.0,-0.27668578554642986,-0.27668577432632446
1nfckms,val,ont_domain_density,0.09090909090909091,0.4844568414709659,0.4844568371772766
1nfckms,val,ont_total_negativo_mentions,0.0,-0.21001172000820306,-0.21001172065734863
1nfckms,val,ont_InteligenciaArtificial_Negativo,0.0,-0.19168298382244495,-0.19168297946453094
1nfckms,val,ont_Innovacion_Neutro,0.0,-0.16443598256119465,-0.1644359827041626
1nfckms,val,ont_Etica_Negativo,0.0,-0.06834085335022719,-0.06834085285663605
1nfckms,val,ont_Tecnologia_Neutro,0.0,-0.27668578554642986,-0.27668577432632446
1nf4khq,val,ont_domain_density,0.0,-1.146146880856887,-1.1461468935012817
1nf4khq,val,ont_total_negativo_mentions,0.0,-0.21001172000820306,-0.21001172065734863
1nf4khq,val,ont_InteligenciaArtificial_Negativo,0.0,-0.19168298382244495,-0.19168297946453094
1nf4khq,val,ont_Innovacion_Neutro,0.0,-0.16443598256119465,-0.1644359827041626
1nf4khq,val,ont_Etica_Negativo,0.0,-0.06834085335022719,-0.06834085285663605
1nf4khq,val,ont_Tecnologia_Neutro,0.0,-0.27668578554642986,-0.27668577432632446
1ngd86l,val,ont_domain_density,0.08333333333333333,0.3485731979436447,0.3485732078552246
1ngd86l,val,ont_total_negativo_mentions,0.0,-0.21001172000820306,-0.21001172065734863
1ngd86l,val,ont_InteligenciaArtificial_Negativo,0.0,-0.19168298382244495,-0.19168297946453094
1ngd86l,val,ont_Innovacion_Neutro,0.0,-0.16443598256119465,-0.1644359827041626
1ngd86l,val,ont_Etica_Negativo,0.0,-0.06834085335022719,-0.06834085285663605
1ngd86l,val,ont_Tecnologia_Neutro,0.0,-0.27668578554642986,-0.27668577432632446
1nfz74c,val,ont_domain_density,0.07692307692307693,0.23359473034360395,0.23359473049640656
1nfz74c,val,ont_total_negativo_mentions,0.0,-0.21001172000820306,-0.21001172065734863
1nfz74c,val,ont_InteligenciaArtificial_Negativo,0.0,-0.19168298382244495,-0.19168297946453094
1nfz74c,val,ont_Innovacion_Neutro,0.0,-0.16443598256119465,-0.1644359827041626
1nfz74c,val,ont_Etica_Negativo,0.0,-0.06834085335022719,-0.06834085285663605
1nfz74c,val,ont_Tecnologia_Neutro,0.0,-0.27668578554642986,-0.27668577432632446
1ngbrix,val,ont_domain_density,0.1111111111111111,0.8468132242104887,0.8468132019042969
1ngbrix,val,ont_total_negativo_mentions,0.0,-0.21001172000820306,-0.21001172065734863
1ngbrix,val,ont_InteligenciaArtificial_Negativo,0.0,-0.19168298382244495,-0.19168297946453094
1ngbrix,val,ont_Innovacion_Neutro,1.0,5.324323711205579,5.324323654174805
1ngbrix,val,ont_Etica_Negativo,0.0,-0.06834085335022719,-0.06834085285663605
1ngbrix,val,ont_Tecnologia_Neutro,0.0,-0.27668578554642986,-0.27668577432632446
1nfth3y,val,ont_domain_density,0.0625,-0.025106821756488196,-0.025106821209192276
1nfth3y,val,ont_total_negativo_mentions,1.0,3.1226332794662324,3.122633218765259
1nfth3y,val,ont_InteligenciaArtificial_Negativo,0.0,-0.19168298382244495,-0.19168297946453094
1nfth3y,val,ont_Innovacion_Neutro,0.0,-0.16443598256119465,-0.1644359827041626
1nfth3y,val,ont_Etica_Negativo,0.0,-0.06834085335022719,-0.06834085285663605
1nfth3y,val,ont_Tecnologia_Neutro,0.0,-0.27668578554642986,-0.27668577432632446
1nh0vcy,val,ont_domain_density,0.1111111111111111,0.8468132242104887,0.8468132019042969
1nh0vcy,val,ont_total_negativo_mentions,0.0,-0.21001172000820306,-0.21001172065734863
1nh0vcy,val,ont_InteligenciaArtificial_Negativo,0.0,-0.19168298382244495,-0.19168297946453094
1nh0vcy,val,ont_Innovacion_Neutro,0.0,-0.16443598256119465,-0.1644359827041626
1nh0vcy,val,ont_Etica_Negativo,0.0,-0.06834085335022719,-0.06834085285663605
1nh0vcy,val,ont_Tecnologia_Neutro,0.0,-0.27668578554642986,-0.27668577432632446
1ngmc06,val,ont_domain_density,0.08333333333333333,0.3485731979436447,0.3485732078552246
1ngmc06,val,ont_total_negativo_mentions,0.0,-0.21001172000820306,-0.21001172065734863
1ngmc06,val,ont_InteligenciaArtificial_Negativo,0.0,-0.19168298382244495,-0.19168297946453094
1ngmc06,val,ont_Innovacion_Neutro,0.0,-0.16443598256119465,-0.1644359827041626
1ngmc06,val,ont_Etica_Negativo,0.0,-0.06834085335022719,-0.06834085285663605
1ngmc06,val,ont_Tecnologia_Neutro,0.0,-0.27668578554642986,-0.27668577432632446
1n44alj,val,ont_domain_density,0.0,-1.146146880856887,-1.1461468935012817
1n44alj,val,ont_total_negativo_mentions,0.0,-0.21001172000820306,-0.21001172065734863
1n44alj,val,ont_InteligenciaArtificial_Negativo,0.0,-0.19168298382244495,-0.19168297946453094
1n44alj,val,ont_Innovacion_Neutro,0.0,-0.16443598256119465,-0.1644359827041626
1n44alj,val,ont_Etica_Negativo,0.0,-0.06834085335022719,-0.06834085285663605
1n44alj,val,ont_Tecnologia_Neutro,0.0,-0.27668578554642986,-0.27668577432632446
1nemrqa,val,ont_domain_density,0.007518796992481203,-1.0112849188598467,-1.0112849473953247
1nemrqa,val,ont_total_negativo_mentions,0.0,-0.21001172000820306,-0.21001172065734863
1nemrqa,val,ont_InteligenciaArtificial_Negativo,0.0,-0.19168298382244495,-0.19168297946453094
1nemrqa,val,ont_Innovacion_Neutro,0.0,-0.16443598256119465,-0.1644359827041626
1nemrqa,val,ont_Etica_Negativo,0.0,-0.06834085335022719,-0.06834085285663605
1nemrqa,val,ont_Tecnologia_Neutro,0.0,-0.27668578554642986,-0.27668577432632446
1negtz2,val,ont_domain_density,0.04,-0.4286812430326318,-0.42868125438690186
1negtz2,val,ont_total_negativo_mentions,0.0,-0.21001172000820306,-0.21001172065734863
1negtz2,val,ont_InteligenciaArtificial_Negativo,0.0,-0.19168298382244495,-0.19168297946453094
1negtz2,val,ont_Innovacion_Neutro,0.0,-0.16443598256119465,-0.1644359827041626
1negtz2,val,ont_Etica_Negativo,0.0,-0.06834085335022719,-0.06834085285663605
1negtz2,val,ont_Tecnologia_Neutro,0.0,-0.27668578554642986,-0.27668577432632446
1ne1x1c,val,ont_domain_density,0.0625,-0.025106821756488196,-0.025106821209192276
1ne1x1c,val,ont_total_negativo_mentions,0.0,-0.21001172000820306,-0.21001172065734863
1ne1x1c,val,ont_InteligenciaArtificial_Negativo,0.0,-0.19168298382244495,-0.19168297946453094
1ne1x1c,val,ont_Innovacion_Neutro,0.0,-0.16443598256119465,-0.1644359827041626
1ne1x1c,val,ont_Etica_Negativo,0.0,-0.06834085335022719,-0.06834085285663605
1ne1x1c,val,ont_Tecnologia_Neutro,0.0,-0.27668578554642986,-0.27668577432632446
1nedxzv,val,ont_domain_density,0.008,-1.002653753292036,-1.00265371799469
1nedxzv,val,ont_total_negativo_mentions,0.0,-0.21001172000820306,-0.21001172065734863
1nedxzv,val,ont_InteligenciaArtificial_Negativo,0.0,-0.19168298382244495,-0.19168297946453094
1nedxzv,val,ont_Innovacion_Neutro,0.0,-0.16443598256119465,-0.1644359827041626
1nedxzv,val,ont_Etica_Negativo,0.0,-0.06834085335022719,-0.06834085285663605
1nedxzv,val,ont_Tecnologia_Neutro,0.0,-0.27668578554642986,-0.27668577432632446
1ne4jj8,val,ont_domain_density,0.125,1.0959332373439108,1.095933198928833
1ne4jj8,val,ont_total_negativo_mentions,0.0,-0.21001172000820306,-0.21001172065734863
1ne4jj8,val,ont_InteligenciaArtificial_Negativo,0.0,-0.19168298382244495,-0.19168297946453094
1ne4jj8,val,ont_Innovacion_Neutro,0.0,-0.16443598256119465,-0.1644359827041626
1ne4jj8,val,ont_Etica_Negativo,0.0,-0.06834085335022719,-0.06834085285663605
1ne4jj8,val,ont_Tecnologia_Neutro,0.0,-0.27668578554642986,-0.27668577432632446
1niwfc7,val,ont_domain_density,0.13636363636363635,1.2997587026348922,1.2997586727142334
1niwfc7,val,ont_total_negativo_mentions,0.0,-0.21001172000820306,-0.21001172065734863
1niwfc7,val,ont_InteligenciaArtificial_Negativo,0.0,-0.19168298382244495,-0.19168297946453094
1niwfc7,val,ont_Innovacion_Neutro,0.0,-0.16443598256119465,-0.1644359827041626
1niwfc7,val,ont_Etica_Negativo,0.0,-0.06834085335022719,-0.06834085285663605
1niwfc7,val,ont_Tecnologia_Neutro,0.0,-0.27668578554642986,-0.27668577432632446
1nib2o3,val,ont_domain_density,0.06666666666666667,0.04962918218353839,0.04962918162345886
1nib2o3,val,ont_total_negativo_mentions,0.0,-0.21001172000820306,-0.21001172065734863
1nib2o3,val,ont_InteligenciaArtificial_Negativo,0.0,-0.19168298382244495,-0.19168297946453094
1nib2o3,val,ont_Innovacion_Neutro,0.0,-0.16443598256119465,-0.1644359827041626
1nib2o3,val,ont_Etica_Negativo,0.0,-0.06834085335022719,-0.06834085285663605
1nib2o3,val,ont_Tecnologia_Neutro,0.0,-0.27668578554642986,-0.27668577432632446
1ninkf4,val,ont_domain_density,0.02,-0.7874140619447594,-0.7874140739440918
1ninkf4,val,ont_total_negativo_mentions,0.0,-0.21001172000820306,-0.21001172065734863
1ninkf4,val,ont_InteligenciaArtificial_Negativo,0.0,-0.19168298382244495,-0.19168297946453094
1ninkf4,val,ont_Innovacion_Neutro,0.0,-0.16443598256119465,-0.1644359827041626
1ninkf4,val,ont_Etica_Negativo,0.0,-0.06834085335022719,-0.06834085285663605
1ninkf4,val,ont_Tecnologia_Neutro,0.0,-0.27668578554642986,-0.27668577432632446
1njlrm7,val,ont_domain_density,0.009216589861751152,-0.9808322177637407,-0.9808322191238403
1njlrm7,val,ont_total_negativo_mentions,0.0,-0.21001172000820306,-0.21001172065734863
1njlrm7,val,ont_InteligenciaArtificial_Negativo,0.0,-0.19168298382244495,-0.19168297946453094
1njlrm7,val,ont_Innovacion_Neutro,0.0,-0.16443598256119465,-0.1644359827041626
1njlrm7,val,ont_Etica_Negativo,0.0,-0.06834085335022719,-0.06834085285663605
1njlrm7,val,ont_Tecnologia_Neutro,0.0,-0.27668578554642986,-0.27668577432632446
1ndlubh,val,ont_domain_density,0.005076142131979695,-1.0550979420467024,-1.0550979375839233
1ndlubh,val,ont_total_negativo_mentions,0.0,-0.21001172000820306,-0.21001172065734863
1ndlubh,val,ont_InteligenciaArtificial_Negativo,0.0,-0.19168298382244495,-0.19168297946453094
1ndlubh,val,ont_Innovacion_Neutro,0.0,-0.16443598256119465,-0.1644359827041626
1ndlubh,val,ont_Etica_Negativo,0.0,-0.06834085335022719,-0.06834085285663605
1ndlubh,val,ont_Tecnologia_Neutro,0.0,-0.27668578554642986,-0.27668577432632446
1ndvvd5,val,ont_domain_density,0.03333333333333333,-0.5482588493366743,-0.5482588410377502
1ndvvd5,val,ont_total_negativo_mentions,0.0,-0.21001172000820306,-0.21001172065734863
1ndvvd5,val,ont_InteligenciaArtificial_Negativo,0.0,-0.19168298382244495,-0.19168297946453094
1ndvvd5,val,ont_Innovacion_Neutro,0.0,-0.16443598256119465,-0.1644359827041626
1ndvvd5,val,ont_Etica_Negativo,0.0,-0.06834085335022719,-0.06834085285663605
1ndvvd5,val,ont_Tecnologia_Neutro,3.0,4.288629675969663,4.288629531860352
1ndsnz7,val,ont_domain_density,0.013888888888888888,-0.8970268677234652,-0.8970268964767456
1ndsnz7,val,ont_total_negativo_mentions,0.0,-0.21001172000820306,-0.21001172065734863
1ndsnz7,val,ont_InteligenciaArtificial_Negativo,0.0,-0.19168298382244495,-0.19168297946453094
1ndsnz7,val,ont_Innovacion_Neutro,0.0,-0.16443598256119465,-0.1644359827041626
1ndsnz7,val,ont_Etica_Negativo,0.0,-0.06834085335022719,-0.06834085285663605
1ndsnz7,val,ont_Tecnologia_Neutro,0.0,-0.27668578554642986,-0.27668577432632446
1nbdi1a,val,ont_domain_density,0.03529411764705882,-0.513088965129603,-0.5130889415740967
1nbdi1a,val,ont_total_negativo_mentions,0.0,-0.21001172000820306,-0.21001172065734863
1nbdi1a,val,ont_InteligenciaArtificial_Negativo,0.0,-0.19168298382244495,-0.19168297946453094
1nbdi1a,val,ont_Innovacion_Neutro,0.0,-0.16443598256119465,-0.1644359827041626
1nbdi1a,val,ont_Etica_Negativo,0.0,-0.06834085335022719,-0.06834085285663605
1nbdi1a,val,ont_Tecnologia_Neutro,2.0,2.7668578554642984,2.766857862472534
1ncj9qy,val,ont_domain_density,0.01639344262295082,-0.8521035866666185,-0.852103590965271
1ncj9qy,val,ont_total_negativo_mentions,0.0,-0.21001172000820306,-0.21001172065734863
1ncj9qy,val,ont_InteligenciaArtificial_Negativo,0.0,-0.19168298382244495,-0.19168297946453094
1ncj9qy,val,ont_Innovacion_Neutro,0.0,-0.16443598256119465,-0.1644359827041626
1ncj9qy,val,ont_Etica_Negativo,0.0,-0.06834085335022719,-0.06834085285663605
1ncj9qy,val,ont_Tecnologia_Neutro,0.0,-0.27668578554642986,-0.27668577432632446
1nczcaj,val,ont_domain_density,0.008438818565400843,-0.994782822244175,-0.9947828054428101
1nczcaj,val,ont_total_negativo_mentions,0.0,-0.21001172000820306,-0.21001172065734863
1nczcaj,val,ont_InteligenciaArtificial_Negativo,0.0,-0.19168298382244495,-0.19168297946453094
1nczcaj,val,ont_Innovacion_Neutro,0.0,-0.16443598256119465,-0.1644359827041626
1nczcaj,val,ont_Etica_Negativo,0.0,-0.06834085335022719,-0.06834085285663605
1nczcaj,val,ont_Tecnologia_Neutro,0.0,-0.27668578554642986,-0.27668577432632446
1ncdvjk,val,ont_domain_density,0.05,-0.24931483357656795,-0.2493148297071457
1ncdvjk,val,ont_total_negativo_mentions,1.0,3.1226332794662324,3.122633218765259
1ncdvjk,val,ont_InteligenciaArtificial_Negativo,1.0,4.333905512278206,4.3339056968688965
1ncdvjk,val,ont_Innovacion_Neutro,0.0,-0.16443598256119465,-0.1644359827041626
1ncdvjk,val,ont_Etica_Negativo,0.0,-0.06834085335022719,-0.06834085285663605
1ncdvjk,val,ont_Tecnologia_Neutro,0.0,-0.27668578554642986,-0.27668577432632446
1nc2vyu,val,ont_domain_density,0.030612244897959183,-0.5970660355832224,-0.5970660448074341
1nc2vyu,val,ont_total_negativo_mentions,0.0,-0.21001172000820306,-0.21001172065734863
1nc2vyu,val,ont_InteligenciaArtificial_Negativo,0.0,-0.19168298382244495,-0.19168297946453094
1nc2vyu,val,ont_Innovacion_Neutro,0.0,-0.16443598256119465,-0.1644359827041626
1nc2vyu,val,ont_Etica_Negativo,0.0,-0.06834085335022719,-0.06834085285663605
1nc2vyu,val,ont_Tecnologia_Neutro,1.0,1.2450860349589343,1.2450860738754272
1n9wxm4,val,ont_domain_density,0.1,0.6475172137037513,0.647517204284668
1n9wxm4,val,ont_total_negativo_mentions,0.0,-0.21001172000820306,-0.21001172065734863
1n9wxm4,val,ont_InteligenciaArtificial_Negativo,0.0,-0.19168298382244495,-0.19168297946453094
1n9wxm4,val,ont_Innovacion_Neutro,0.0,-0.16443598256119465,-0.1644359827041626
1n9wxm4,val,ont_Etica_Negativo,0.0,-0.06834085335022719,-0.06834085285663605
1n9wxm4,val,ont_Tecnologia_Neutro,0.0,-0.27668578554642986,-0.27668577432632446
1nhtewz,val,ont_domain_density,0.005208333333333333,-1.0527268759318538,-1.0527268648147583
1nhtewz,val,ont_total_negativo_mentions,0.0,-0.21001172000820306,-0.21001172065734863
1nhtewz,val,ont_InteligenciaArtificial_Negativo,0.0,-0.19168298382244495,-0.19168297946453094
1nhtewz,val,ont_Innovacion_Neutro,0.0,-0.16443598256119465,-0.1644359827041626
1nhtewz,val,ont_Etica_Negativo,0.0,-0.06834085335022719,-0.06834085285663605
1nhtewz,val,ont_Tecnologia_Neutro,0.0,-0.27668578554642986,-0.27668577432632446
1ni851d,val,ont_domain_density,0.0625,-0.025106821756488196,-0.025106821209192276
1ni851d,val,ont_total_negativo_mentions,0.0,-0.21001172000820306,-0.21001172065734863
1ni851d,val,ont_InteligenciaArtificial_Negativo,0.0,-0.19168298382244495,-0.19168297946453094
1ni851d,val,ont_Innovacion_Neutro,0.0,-0.16443598256119465,-0.1644359827041626
1ni851d,val,ont_Etica_Negativo,0.0,-0.06834085335022719,-0.06834085285663605
1ni851d,val,ont_Tecnologia_Neutro,2.0,2.7668578554642984,2.766857862472534
1nhi8c3,val,ont_domain_density,0.058823529411764705,-0.09105035464474698,-0.09105035662651062
1nhi8c3,val,ont_total_negativo_mentions,0.0,-0.21001172000820306,-0.21001172065734863
1nhi8c3,val,ont_InteligenciaArtificial_Negativo,0.0,-0.19168298382244495,-0.19168297946453094
1nhi8c3,val,ont_Innovacion_Neutro,0.0,-0.16443598256119465,-0.1644359827041626
1nhi8c3,val,ont_Etica_Negativo,0.0,-0.06834085335022719,-0.06834085285663605
1nhi8c3,val,ont_Tecnologia_Neutro,0.0,-0.27668578554642986,-0.27668577432632446
1newpf6,val,ont_domain_density,0.009523809523809525,-0.9753217289939692,-0.9753217101097107
1newpf6,val,ont_total_negativo_mentions,0.0,-0.21001172000820306,-0.21001172065734863
1newpf6,val,ont_InteligenciaArtificial_Negativo,0.0,-0.19168298382244495,-0.19168297946453094
1newpf6,val,ont_Innovacion_Neutro,0.0,-0.16443598256119465,-0.1644359827041626
1newpf6,val,ont_Etica_Negativo,0.0,-0.06834085335022719,-0.06834085285663605
1newpf6,val,ont_Tecnologia_Neutro,0.0,-0.27668578554642986,-0.27668577432632446
1nhzypy,val,ont_domain_density,0.017241379310344827,-0.8368944507602254,-0.8368944525718689
1nhzypy,val,ont_total_negativo_mentions,0.0,-0.21001172000820306,-0.21001172065734863
1nhzypy,val,ont_InteligenciaArtificial_Negativo,0.0,-0.19168298382244495,-0.19168297946453094
1nhzypy,val,ont_Innovacion_Neutro,0.0,-0.16443598256119465,-0.1644359827041626
1nhzypy,val,ont_Etica_Negativo,0.0,-0.06834085335022719,-0.06834085285663605
1nhzypy,val,ont_Tecnologia_Neutro,0.0,-0.27668578554642986,-0.27668577432632446
1nf6xzb,val,ont_domain_density,0.0625,-0.025106821756488196,-0.025106821209192276
1nf6xzb,val,ont_total_negativo_mentions,0.0,-0.21001172000820306,-0.21001172065734863
1nf6xzb,val,ont_InteligenciaArtificial_Negativo,0.0,-0.19168298382244495,-0.19168297946453094
1nf6xzb,val,ont_Innovacion_Neutro,0.0,-0.16443598256119465,-0.1644359827041626
1nf6xzb,val,ont_Etica_Negativo,0.0,-0.06834085335022719,-0.06834085285663605
1nf6xzb,val,ont_Tecnologia_Neutro,0.0,-0.27668578554642986,-0.27668577432632446
1nfrb96,val,ont_domain_density,0.0136986301369863,-0.900439470643101,-0.900439441204071
1nfrb96,val,ont_total_negativo_mentions,0.0,-0.21001172000820306,-0.21001172065734863
1nfrb96,val,ont_InteligenciaArtificial_Negativo,0.0,-0.19168298382244495,-0.19168297946453094
1nfrb96,val,ont_Innovacion_Neutro,0.0,-0.16443598256119465,-0.1644359827041626
1nfrb96,val,ont_Etica_Negativo,0.0,-0.06834085335022719,-0.06834085285663605
1nfrb96,val,ont_Tecnologia_Neutro,0.0,-0.27668578554642986,-0.27668577432632446
1nf9sd7,val,ont_domain_density,0.004524886877828055,-1.0649856096097994,-1.0649856328964233
1nf9sd7,val,ont_total_negativo_mentions,0.0,-0.21001172000820306,-0.21001172065734863
1nf9sd7,val,ont_InteligenciaArtificial_Negativo,0.0,-0.19168298382244495,-0.19168297946453094
1nf9sd7,val,ont_Innovacion_Neutro,0.0,-0.16443598256119465,-0.1644359827041626
1nf9sd7,val,ont_Etica_Negativo,0.0,-0.06834085335022719,-0.06834085285663605
1nf9sd7,val,ont_Tecnologia_Neutro,0.0,-0.27668578554642986,-0.27668577432632446
1nfpefr,val,ont_domain_density,0.00881057268722467,-0.9881148020409719,-0.9881147742271423
1nfpefr,val,ont_total_negativo_mentions,0.0,-0.21001172000820306,-0.21001172065734863
1nfpefr,val,ont_InteligenciaArtificial_Negativo,0.0,-0.19168298382244495,-0.19168297946453094
1nfpefr,val,ont_Innovacion_Neutro,0.0,-0.16443598256119465,-0.1644359827041626
1nfpefr,val,ont_Etica_Negativo,0.0,-0.06834085335022719,-0.06834085285663605
1nfpefr,val,ont_Tecnologia_Neutro,0.0,-0.27668578554642986,-0.27668577432632446
1nfsqr5,val,ont_domain_density,0.1111111111111111,0.8468132242104887,0.8468132019042969
1nfsqr5,val,ont_total_negativo_mentions,0.0,-0.21001172000820306,-0.21001172065734863
1nfsqr5,val,ont_InteligenciaArtificial_Negativo,0.0,-0.19168298382244495,-0.19168297946453094
1nfsqr5,val,ont_Innovacion_Neutro,0.0,-0.16443598256119465,-0.1644359827041626
1nfsqr5,val,ont_Etica_Negativo,0.0,-0.06834085335022719,-0.06834085285663605
1nfsqr5,val,ont_Tecnologia_Neutro,0.0,-0.27668578554642986,-0.27668577432632446
1ngomca,val,ont_domain_density,0.006896551724137931,-1.0224459088182225,-1.0224459171295166
1ngomca,val,ont_total_negativo_mentions,0.0,-0.21001172000820306,-0.21001172065734863
1ngomca,val,ont_InteligenciaArtificial_Negativo,0.0,-0.19168298382244495,-0.19168297946453094
1ngomca,val,ont_Innovacion_Neutro,0.0,-0.16443598256119465,-0.1644359827041626
1ngomca,val,ont_Etica_Negativo,0.0,-0.06834085335022719,-0.06834085285663605
1ngomca,val,ont_Tecnologia_Neutro,0.0,-0.27668578554642986,-0.27668577432632446
1ngrjqa,val,ont_domain_density,0.00847457627118644,-0.9941414491144602,-0.9941414594650269
1ngrjqa,val,ont_total_negativo_mentions,0.0,-0.21001172000820306,-0.21001172065734863
1ngrjqa,val,ont_InteligenciaArtificial_Negativo,0.0,-0.19168298382244495,-0.19168297946453094
1ngrjqa,val,ont_Innovacion_Neutro,0.0,-0.16443598256119465,-0.1644359827041626
1ngrjqa,val,ont_Etica_Negativo,0.0,-0.06834085335022719,-0.06834085285663605
1ngrjqa,val,ont_Tecnologia_Neutro,0.0,-0.27668578554642986,-0.27668577432632446
1nhcqdb,val,ont_domain_density,0.1111111111111111,0.8468132242104887,0.8468132019042969
1nhcqdb,val,ont_total_negativo_mentions,0.0,-0.21001172000820306,-0.21001172065734863
1nhcqdb,val,ont_InteligenciaArtificial_Negativo,0.0,-0.19168298382244495,-0.19168297946453094
1nhcqdb,val,ont_Innovacion_Neutro,0.0,-0.16443598256119465,-0.1644359827041626
1nhcqdb,val,ont_Etica_Negativo,0.0,-0.06834085335022719,-0.06834085285663605
1nhcqdb,val,ont_Tecnologia_Neutro,0.0,-0.27668578554642986,-0.27668577432632446
1msd0mk,val,ont_domain_density,0.013793103448275862,-0.8987449367795577,-0.8987449407577515
1msd0mk,val,ont_total_negativo_mentions,0.0,-0.21001172000820306,-0.21001172065734863
1msd0mk,val,ont_InteligenciaArtificial_Negativo,0.0,-0.19168298382244495,-0.19168297946453094
1msd0mk,val,ont_Innovacion_Neutro,0.0,-0.16443598256119465,-0.1644359827041626
1msd0mk,val,ont_Etica_Negativo,0.0,-0.06834085335022719,-0.06834085285663605
1msd0mk,val,ont_Tecnologia_Neutro,0.0,-0.27668578554642986,-0.27668577432632446
1mutghw,val,ont_domain_density,0.2,2.44118130826439,2.4411814212799072
1mutghw,val,ont_total_negativo_mentions,0.0,-0.21001172000820306,-0.21001172065734863
1mutghw,val,ont_InteligenciaArtificial_Negativo,0.0,-0.19168298382244495,-0.19168297946453094
1mutghw,val,ont_Innovacion_Neutro,0.0,-0.16443598256119465,-0.1644359827041626
1mutghw,val,ont_Etica_Negativo,0.0,-0.06834085335022719,-0.06834085285663605
1mutghw,val,ont_Tecnologia_Neutro,0.0,-0.27668578554642986,-0.27668577432632446
1nj94ze,val,ont_domain_density,0.18181818181818182,2.115060563798819,2.115060567855835
1nj94ze,val,ont_total_negativo_mentions,0.0,-0.21001172000820306,-0.21001172065734863
1nj94ze,val,ont_InteligenciaArtificial_Negativo,0.0,-0.19168298382244495,-0.19168297946453094
1nj94ze,val,ont_Innovacion_Neutro,0.0,-0.16443598256119465,-0.1644359827041626
1nj94ze,val,ont_Etica_Negativo,0.0,-0.06834085335022719,-0.06834085285663605
1nj94ze,val,ont_Tecnologia_Neutro,0.0,-0.27668578554642986,-0.27668577432632446
1ndguud,val,ont_domain_density,0.18181818181818182,2.115060563798819,2.115060567855835
1ndguud,val,ont_total_negativo_mentions,0.0,-0.21001172000820306,-0.21001172065734863
1ndguud,val,ont_InteligenciaArtificial_Negativo,0.0,-0.19168298382244495,-0.19168297946453094
1ndguud,val,ont_Innovacion_Neutro,0.0,-0.16443598256119465,-0.1644359827041626
1ndguud,val,ont_Etica_Negativo,0.0,-0.06834085335022719,-0.06834085285663605
1ndguud,val,ont_Tecnologia_Neutro,0.0,-0.27668578554642986,-0.27668577432632446
1n7f2w8,val,ont_domain_density,0.004132231404958678,-1.0720285298419847,-1.0720285177230835
1n7f2w8,val,ont_total_negativo_mentions,0.0,-0.21001172000820306,-0.21001172065734863
1n7f2w8,val,ont_InteligenciaArtificial_Negativo,0.0,-0.19168298382244495,-0.19168297946453094
1n7f2w8,val,ont_Innovacion_Neutro,0.0,-0.16443598256119465,-0.1644359827041626
1n7f2w8,val,ont_Etica_Negativo,0.0,-0.06834085335022719,-0.06834085285663605
1n7f2w8,val,ont_Tecnologia_Neutro,0.0,-0.27668578554642986,-0.27668577432632446
1n76dkq,val,ont_domain_density,0.006993006993006993,-1.0207158252932063,-1.0207158327102661
1n76dkq,val,ont_total_negativo_mentions,0.0,-0.21001172000820306,-0.21001172065734863
1n76dkq,val,ont_InteligenciaArtificial_Negativo,0.0,-0.19168298382244495,-0.19168297946453094
1n76dkq,val,ont_Innovacion_Neutro,1.0,5.324323711205579,5.324323654174805
1n76dkq,val,ont_Etica_Negativo,0.0,-0.06834085335022719,-0.06834085285663605
1n76dkq,val,ont_Tecnologia_Neutro,0.0,-0.27668578554642986,-0.27668577432632446
1n846k7,val,ont_domain_density,0.09090909090909091,0.4844568414709659,0.4844568371772766
1n846k7,val,ont_total_negativo_mentions,0.0,-0.21001172000820306,-0.21001172065734863
1n846k7,val,ont_InteligenciaArtificial_Negativo,0.0,-0.19168298382244495,-0.19168297946453094
1n846k7,val,ont_Innovacion_Neutro,0.0,-0.16443598256119465,-0.1644359827041626
1n846k7,val,ont_Etica_Negativo,0.0,-0.06834085335022719,-0.06834085285663605
1n846k7,val,ont_Tecnologia_Neutro,0.0,-0.27668578554642986,-0.27668577432632446
1n89vqv,val,ont_domain_density,0.0,-1.146146880856887,-1.1461468935012817
1n89vqv,val,ont_total_negativo_mentions,0.0,-0.21001172000820306,-0.21001172065734863
1n89vqv,val,ont_InteligenciaArtificial_Negativo,0.0,-0.19168298382244495,-0.19168297946453094
1n89vqv,val,ont_Innovacion_Neutro,0.0,-0.16443598256119465,-0.1644359827041626
1n89vqv,val,ont_Etica_Negativo,0.0,-0.06834085335022719,-0.06834085285663605
1n89vqv,val,ont_Tecnologia_Neutro,0.0,-0.27668578554642986,-0.27668577432632446
1n84i56,val,ont_domain_density,0.006535947712418301,-1.0289139334999826,-1.028913974761963
1n84i56,val,ont_total_negativo_mentions,0.0,-0.21001172000820306,-0.21001172065734863
1n84i56,val,ont_InteligenciaArtificial_Negativo,0.0,-0.19168298382244495,-0.19168297946453094
1n84i56,val,ont_Innovacion_Neutro,0.0,-0.16443598256119465,-0.1644359827041626
1n84i56,val,ont_Etica_Negativo,0.0,-0.06834085335022719,-0.06834085285663605
1n84i56,val,ont_Tecnologia_Neutro,1.0,1.2450860349589343,1.2450860738754272
1n9axh1,val,ont_domain_density,0.004415011037527594,-1.0669564131058655,-1.0669564008712769
1n9axh1,val,ont_total_negativo_mentions,0.0,-0.21001172000820306,-0.21001172065734863
1n9axh1,val,ont_InteligenciaArtificial_Negativo,0.0,-0.19168298382244495,-0.19168297946453094
1n9axh1,val,ont_Innovacion_Neutro,0.0,-0.16443598256119465,-0.1644359827041626
1n9axh1,val,ont_Etica_Negativo,0.0,-0.06834085335022719,-0.06834085285663605
1n9axh1,val,ont_Tecnologia_Neutro,0.0,-0.27668578554642986,-0.27668577432632446
1n915ev,val,ont_domain_density,0.005543237250554324,-1.0467198246173839,-1.0467197895050049
1n915ev,val,ont_total_negativo_mentions,0.0,-0.21001172000820306,-0.21001172065734863
1n915ev,val,ont_InteligenciaArtificial_Negativo,0.0,-0.19168298382244495,-0.19168297946453094
1n915ev,val,ont_Innovacion_Neutro,0.0,-0.16443598256119465,-0.1644359827041626
1n915ev,val,ont_Etica_Negativo,0.0,-0.06834085335022719,-0.06834085285663605
1n915ev,val,ont_Tecnologia_Neutro,0.0,-0.27668578554642986,-0.27668577432632446
1n7585n,val,ont_domain_density,0.009523809523809525,-0.9753217289939692,-0.9753217101097107
1n7585n,val,ont_total_negativo_mentions,0.0,-0.21001172000820306,-0.21001172065734863
1n7585n,val,ont_InteligenciaArtificial_Negativo,0.0,-0.19168298382244495,-0.19168297946453094
1n7585n,val,ont_Innovacion_Neutro,0.0,-0.16443598256119465,-0.1644359827041626
1n7585n,val,ont_Etica_Negativo,0.0,-0.06834085335022719,-0.06834085285663605
1n7585n,val,ont_Tecnologia_Neutro,1.0,1.2450860349589343,1.2450860738754272
1n9gc6p,val,ont_domain_density,0.061224489795918366,-0.047985190309557585,-0.04798518866300583
1n9gc6p,val,ont_total_negativo_mentions,0.0,-0.21001172000820306,-0.21001172065734863
1n9gc6p,val,ont_InteligenciaArtificial_Negativo,0.0,-0.19168298382244495,-0.19168297946453094
1n9gc6p,val,ont_Innovacion_Neutro,0.0,-0.16443598256119465,-0.1644359827041626
1n9gc6p,val,ont_Etica_Negativo,0.0,-0.06834085335022719,-0.06834085285663605
1n9gc6p,val,ont_Tecnologia_Neutro,0.0,-0.27668578554642986,-0.27668577432632446
1n9al3j,val,ont_domain_density,0.00749063670411985,-1.011790019841109,-1.0117900371551514
1n9al3j,val,ont_total_negativo_mentions,0.0,-0.21001172000820306,-0.21001172065734863
1n9al3j,val,ont_InteligenciaArtificial_Negativo,0.0,-0.19168298382244495,-0.19168297946453094
1n9al3j,val,ont_Innovacion_Neutro,0.0,-0.16443598256119465,-0.1644359827041626
1n9al3j,val,ont_Etica_Negativo,0.0,-0.06834085335022719,-0.06834085285663605
1n9al3j,val,ont_Tecnologia_Neutro,0.0,-0.27668578554642986,-0.27668577432632446
1n6z8oe,val,ont_domain_density,0.0,-1.146146880856887,-1.1461468935012817
1n6z8oe,val,ont_total_negativo_mentions,0.0,-0.21001172000820306,-0.21001172065734863
1n6z8oe,val,ont_InteligenciaArtificial_Negativo,0.0,-0.19168298382244495,-0.19168297946453094
1n6z8oe,val,ont_Innovacion_Neutro,0.0,-0.16443598256119465,-0.1644359827041626
1n6z8oe,val,ont_Etica_Negativo,0.0,-0.06834085335022719,-0.06834085285663605
1n6z8oe,val,ont_Tecnologia_Neutro,0.0,-0.27668578554642986,-0.27668577432632446
1n6hy1j,val,ont_domain_density,0.013888888888888888,-0.8970268677234652,-0.8970268964767456
1n6hy1j,val,ont_total_negativo_mentions,0.0,-0.21001172000820306,-0.21001172065734863
1n6hy1j,val,ont_InteligenciaArtificial_Negativo,0.0,-0.19168298382244495,-0.19168297946453094
1n6hy1j,val,ont_Innovacion_Neutro,0.0,-0.16443598256119465,-0.1644359827041626
1n6hy1j,val,ont_Etica_Negativo,0.0,-0.06834085335022719,-0.06834085285663605
1n6hy1j,val,ont_Tecnologia_Neutro,0.0,-0.27668578554642986,-0.27668577432632446
1nenznh,val,ont_domain_density,0.011627906976744186,-0.9375812884661152,-0.9375813007354736
1nenznh,val,ont_total_negativo_mentions,0.0,-0.21001172000820306,-0.21001172065734863
1nenznh,val,ont_InteligenciaArtificial_Negativo,0.0,-0.19168298382244495,-0.19168297946453094
1nenznh,val,ont_Innovacion_Neutro,0.0,-0.16443598256119465,-0.1644359827041626
1nenznh,val,ont_Etica_Negativo,0.0,-0.06834085335022719,-0.06834085285663605
1nenznh,val,ont_Tecnologia_Neutro,0.0,-0.27668578554642986,-0.27668577432632446
1nejgvm,val,ont_domain_density,0.0,-1.146146880856887,-1.1461468935012817
1nejgvm,val,ont_total_negativo_mentions,0.0,-0.21001172000820306,-0.21001172065734863
1nejgvm,val,ont_InteligenciaArtificial_Negativo,0.0,-0.19168298382244495,-0.19168297946453094
1nejgvm,val,ont_Innovacion_Neutro,0.0,-0.16443598256119465,-0.1644359827041626
1nejgvm,val,ont_Etica_Negativo,0.0,-0.06834085335022719,-0.06834085285663605
1nejgvm,val,ont_Tecnologia_Neutro,0.0,-0.27668578554642986,-0.27668577432632446
1niwzbi,val,ont_domain_density,0.06896551724137931,0.09086283952975996,0.09086284041404724
1niwzbi,val,ont_total_negativo_mentions,0.0,-0.21001172000820306,-0.21001172065734863
1niwzbi,val,ont_InteligenciaArtificial_Negativo,0.0,-0.19168298382244495,-0.19168297946453094
1niwzbi,val,ont_Innovacion_Neutro,0.0,-0.16443598256119465,-0.1644359827041626
1niwzbi,val,ont_Etica_Negativo,0.0,-0.06834085335022719,-0.06834085285663605
1niwzbi,val,ont_Tecnologia_Neutro,0.0,-0.27668578554642986,-0.27668577432632446
1njf25j,val,ont_domain_density,0.0,-1.146146880856887,-1.1461468935012817
1njf25j,val,ont_total_negativo_mentions,0.0,-0.21001172000820306,-0.21001172065734863
1njf25j,val,ont_InteligenciaArtificial_Negativo,0.0,-0.19168298382244495,-0.19168297946453094
1njf25j,val,ont_Innovacion_Neutro,0.0,-0.16443598256119465,-0.1644359827041626
1njf25j,val,ont_Etica_Negativo,0.0,-0.06834085335022719,-0.06834085285663605
1njf25j,val,ont_Tecnologia_Neutro,0.0,-0.27668578554642986,-0.27668577432632446
1n5nxl4,val,ont_domain_density,0.007142857142857143,-1.0180280169596987,-1.0180280208587646
1n5nxl4,val,ont_total_negativo_mentions,0.0,-0.21001172000820306,-0.21001172065734863
1n5nxl4,val,ont_InteligenciaArtificial_Negativo,0.0,-0.19168298382244495,-0.19168297946453094
1n5nxl4,val,ont_Innovacion_Neutro,0.0,-0.16443598256119465,-0.1644359827041626
1n5nxl4,val,ont_Etica_Negativo,0.0,-0.06834085335022719,-0.06834085285663605
1n5nxl4,val,ont_Tecnologia_Neutro,0.0,-0.27668578554642986,-0.27668577432632446
1n9zo07,val,ont_domain_density,0.014285714285714285,-0.8899091530625103,-0.8899091482162476
1n9zo07,val,ont_total_negativo_mentions,0.0,-0.21001172000820306,-0.21001172065734863
1n9zo07,val,ont_InteligenciaArtificial_Negativo,0.0,-0.19168298382244495,-0.19168297946453094
1n9zo07,val,ont_Innovacion_Neutro,0.0,-0.16443598256119465,-0.1644359827041626
1n9zo07,val,ont_Etica_Negativo,0.0,-0.06834085335022719,-0.06834085285663605
1n9zo07,val,ont_Tecnologia_Neutro,2.0,2.7668578554642984,2.766857862472534
1nhwyx7,val,ont_domain_density,0.10526315789473684,0.7419205871016794,0.7419205904006958
1nhwyx7,val,ont_total_negativo_mentions,0.0,-0.21001172000820306,-0.21001172065734863
1nhwyx7,val,ont_InteligenciaArtificial_Negativo,0.0,-0.19168298382244495,-0.19168297946453094
1nhwyx7,val,ont_Innovacion_Neutro,0.0,-0.16443598256119465,-0.1644359827041626
1nhwyx7,val,ont_Etica_Negativo,0.0,-0.06834085335022719,-0.06834085285663605
1nhwyx7,val,ont_Tecnologia_Neutro,0.0,-0.27668578554642986,-0.27668577432632446
1nhiz7t,val,ont_domain_density,0.019801980198019802,-0.7909658720329983,-0.7909658551216125
1nhiz7t,val,ont_total_negativo_mentions,0.0,-0.21001172000820306,-0.21001172065734863
1nhiz7t,val,ont_InteligenciaArtificial_Negativo,0.0,-0.19168298382244495,-0.19168297946453094
1nhiz7t,val,ont_Innovacion_Neutro,1.0,5.324323711205579,5.324323654174805
1nhiz7t,val,ont_Etica_Negativo,0.0,-0.06834085335022719,-0.06834085285663605
1nhiz7t,val,ont_Tecnologia_Neutro,0.0,-0.27668578554642986,-0.27668577432632446
1ni101n,val,ont_domain_density,0.0196078431372549,-0.7944480387861738,-0.7944480180740356
1ni101n,val,ont_total_negativo_mentions,0.0,-0.21001172000820306,-0.21001172065734863
1ni101n,val,ont_InteligenciaArtificial_Negativo,0.0,-0.19168298382244495,-0.19168297946453094
1ni101n,val,ont_Innovacion_Neutro,0.0,-0.16443598256119465,-0.1644359827041626
1ni101n,val,ont_Etica_Negativo,0.0,-0.06834085335022719,-0.06834085285663605
1ni101n,val,ont_Tecnologia_Neutro,0.0,-0.27668578554642986,-0.27668577432632446
1ng1b0t,val,ont_domain_density,0.05263157894736842,-0.20211314687760387,-0.20211315155029297
1ng1b0t,val,ont_total_negativo_mentions,0.0,-0.21001172000820306,-0.21001172065734863
1ng1b0t,val,ont_InteligenciaArtificial_Negativo,0.0,-0.19168298382244495,-0.19168297946453094
1ng1b0t,val,ont_Innovacion_Neutro,0.0,-0.16443598256119465,-0.1644359827041626
1ng1b0t,val,ont_Etica_Negativo,0.0,-0.06834085335022719,-0.06834085285663605
1ng1b0t,val,ont_Tecnologia_Neutro,0.0,-0.27668578554642986,-0.27668577432632446
1ngm5cj,val,ont_domain_density,0.011627906976744186,-0.9375812884661152,-0.9375813007354736
1ngm5cj,val,ont_total_negativo_mentions,0.0,-0.21001172000820306,-0.21001172065734863
1ngm5cj,val,ont_InteligenciaArtificial_Negativo,0.0,-0.19168298382244495,-0.19168297946453094
1ngm5cj,val,ont_Innovacion_Neutro,0.0,-0.16443598256119465,-0.1644359827041626
1ngm5cj,val,ont_Etica_Negativo,0.0,-0.06834085335022719,-0.06834085285663605
1ngm5cj,val,ont_Tecnologia_Neutro,0.0,-0.27668578554642986,-0.27668577432632446
1n4coy7,val,ont_domain_density,0.0196078431372549,-0.7944480387861738,-0.7944480180740356
1n4coy7,val,ont_total_negativo_mentions,0.0,-0.21001172000820306,-0.21001172065734863
1n4coy7,val,ont_InteligenciaArtificial_Negativo,0.0,-0.19168298382244495,-0.19168297946453094
1n4coy7,val,ont_Innovacion_Neutro,0.0,-0.16443598256119465,-0.1644359827041626
1n4coy7,val,ont_Etica_Negativo,0.0,-0.06834085335022719,-0.06834085285663605
1n4coy7,val,ont_Tecnologia_Neutro,1.0,1.2450860349589343,1.2450860738754272
1n7rysh,val,ont_domain_density,0.2727272727272727,3.745664286126672,3.745664358139038
1n7rysh,val,ont_total_negativo_mentions,0.0,-0.21001172000820306,-0.21001172065734863
1n7rysh,val,ont_InteligenciaArtificial_Negativo,0.0,-0.19168298382244495,-0.19168297946453094
1n7rysh,val,ont_Innovacion_Neutro,0.0,-0.16443598256119465,-0.1644359827041626
1n7rysh,val,ont_Etica_Negativo,0.0,-0.06834085335022719,-0.06834085285663605
1n7rysh,val,ont_Tecnologia_Neutro,0.0,-0.27668578554642986,-0.27668577432632446
1n7r83q,val,ont_domain_density,0.0,-1.146146880856887,-1.1461468935012817
1n7r83q,val,ont_total_negativo_mentions,0.0,-0.21001172000820306,-0.21001172065734863
1n7r83q,val,ont_InteligenciaArtificial_Negativo,0.0,-0.19168298382244495,-0.19168297946453094
1n7r83q,val,ont_Innovacion_Neutro,0.0,-0.16443598256119465,-0.1644359827041626
1n7r83q,val,ont_Etica_Negativo,0.0,-0.06834085335022719,-0.06834085285663605
1n7r83q,val,ont_Tecnologia_Neutro,0.0,-0.27668578554642986,-0.27668577432632446
1n7ceez,val,ont_domain_density,0.16666666666666666,1.8432932767441765,1.843293309211731
1n7ceez,val,ont_total_negativo_mentions,0.0,-0.21001172000820306,-0.21001172065734863
1n7ceez,val,ont_InteligenciaArtificial_Negativo,0.0,-0.19168298382244495,-0.19168297946453094
1n7ceez,val,ont_Innovacion_Neutro,0.0,-0.16443598256119465,-0.1644359827041626
1n7ceez,val,ont_Etica_Negativo,0.0,-0.06834085335022719,-0.06834085285663605
1n7ceez,val,ont_Tecnologia_Neutro,0.0,-0.27668578554642986,-0.27668577432632446
1n7fjuo,val,ont_domain_density,0.07692307692307693,0.23359473034360395,0.23359473049640656
1n7fjuo,val,ont_total_negativo_mentions,0.0,-0.21001172000820306,-0.21001172065734863
1n7fjuo,val,ont_InteligenciaArtificial_Negativo,0.0,-0.19168298382244495,-0.19168297946453094
1n7fjuo,val,ont_Innovacion_Neutro,0.0,-0.16443598256119465,-0.1644359827041626
1n7fjuo,val,ont_Etica_Negativo,0.0,-0.06834085335022719,-0.06834085285663605
1n7fjuo,val,ont_Tecnologia_Neutro,0.0,-0.27668578554642986,-0.27668577432632446
1n8fzj4,val,ont_domain_density,0.18181818181818182,2.115060563798819,2.115060567855835
1n8fzj4,val,ont_total_negativo_mentions,0.0,-0.21001172000820306,-0.21001172065734863
1n8fzj4,val,ont_InteligenciaArtificial_Negativo,0.0,-0.19168298382244495,-0.19168297946453094
1n8fzj4,val,ont_Innovacion_Neutro,0.0,-0.16443598256119465,-0.1644359827041626
1n8fzj4,val,ont_Etica_Negativo,0.0,-0.06834085335022719,-0.06834085285663605
1n8fzj4,val,ont_Tecnologia_Neutro,0.0,-0.27668578554642986,-0.27668577432632446
1n8ajoq,val,ont_domain_density,0.1,0.6475172137037513,0.647517204284668
1n8ajoq,val,ont_total_negativo_mentions,0.0,-0.21001172000820306,-0.21001172065734863
1n8ajoq,val,ont_InteligenciaArtificial_Negativo,0.0,-0.19168298382244495,-0.19168297946453094
1n8ajoq,val,ont_Innovacion_Neutro,0.0,-0.16443598256119465,-0.1644359827041626
1n8ajoq,val,ont_Etica_Negativo,0.0,-0.06834085335022719,-0.06834085285663605
1n8ajoq,val,ont_Tecnologia_Neutro,0.0,-0.27668578554642986,-0.27668577432632446
1n6um1w,val,ont_domain_density,0.0,-1.146146880856887,-1.1461468935012817
1n6um1w,val,ont_total_negativo_mentions,0.0,-0.21001172000820306,-0.21001172065734863
1n6um1w,val,ont_InteligenciaArtificial_Negativo,0.0,-0.19168298382244495,-0.19168297946453094
1n6um1w,val,ont_Innovacion_Neutro,0.0,-0.16443598256119465,-0.1644359827041626
1n6um1w,val,ont_Etica_Negativo,0.0,-0.06834085335022719,-0.06834085285663605
1n6um1w,val,ont_Tecnologia_Neutro,0.0,-0.27668578554642986,-0.27668577432632446
1neiy7d,val,ont_domain_density,0.0,-1.146146880856887,-1.1461468935012817
1neiy7d,val,ont_total_negativo_mentions,0.0,-0.21001172000820306,-0.21001172065734863
1neiy7d,val,ont_InteligenciaArtificial_Negativo,0.0,-0.19168298382244495,-0.19168297946453094
1neiy7d,val,ont_Innovacion_Neutro,0.0,-0.16443598256119465,-0.1644359827041626
1neiy7d,val,ont_Etica_Negativo,0.0,-0.06834085335022719,-0.06834085285663605
1neiy7d,val,ont_Tecnologia_Neutro,0.0,-0.27668578554642986,-0.27668577432632446
1ne7xl8,val,ont_domain_density,0.07692307692307693,0.23359473034360395,0.23359473049640656
1ne7xl8,val,ont_total_negativo_mentions,0.0,-0.21001172000820306,-0.21001172065734863
1ne7xl8,val,ont_InteligenciaArtificial_Negativo,0.0,-0.19168298382244495,-0.19168297946453094
1ne7xl8,val,ont_Innovacion_Neutro,0.0,-0.16443598256119465,-0.1644359827041626
1ne7xl8,val,ont_Etica_Negativo,0.0,-0.06834085335022719,-0.06834085285663605
1ne7xl8,val,ont_Tecnologia_Neutro,0.0,-0.27668578554642986,-0.27668577432632446
1nejftw,val,ont_domain_density,0.03571428571428571,-0.505552561370945,-0.5055525898933411
1nejftw,val,ont_total_negativo_mentions,0.0,-0.21001172000820306,-0.21001172065734863
1nejftw,val,ont_InteligenciaArtificial_Negativo,0.0,-0.19168298382244495,-0.19168297946453094
1nejftw,val,ont_Innovacion_Neutro,0.0,-0.16443598256119465,-0.1644359827041626
1nejftw,val,ont_Etica_Negativo,0.0,-0.06834085335022719,-0.06834085285663605
1nejftw,val,ont_Tecnologia_Neutro,0.0,-0.27668578554642986,-0.27668577432632446
1nio1oz,val,ont_domain_density,0.08333333333333333,0.3485731979436447,0.3485732078552246
1nio1oz,val,ont_total_negativo_mentions,0.0,-0.21001172000820306,-0.21001172065734863
1nio1oz,val,ont_InteligenciaArtificial_Negativo,0.0,-0.19168298382244495,-0.19168297946453094
1nio1oz,val,ont_Innovacion_Neutro,0.0,-0.16443598256119465,-0.1644359827041626
1nio1oz,val,ont_Etica_Negativo,0.0,-0.06834085335022719,-0.06834085285663605
1nio1oz,val,ont_Tecnologia_Neutro,0.0,-0.27668578554642986,-0.27668577432632446
1ninla5,val,ont_domain_density,0.041666666666666664,-0.39878684145662124,-0.39878684282302856
1ninla5,val,ont_total_negativo_mentions,0.0,-0.21001172000820306,-0.21001172065734863
1ninla5,val,ont_InteligenciaArtificial_Negativo,0.0,-0.19168298382244495,-0.19168297946453094
1ninla5,val,ont_Innovacion_Neutro,0.0,-0.16443598256119465,-0.1644359827041626
1ninla5,val,ont_Etica_Negativo,0.0,-0.06834085335022719,-0.06834085285663605
1ninla5,val,ont_Tecnologia_Neutro,1.0,1.2450860349589343,1.2450860738754272
1njlltb,val,ont_domain_density,0.0,-1.146146880856887,-1.1461468935012817
1njlltb,val,ont_total_negativo_mentions,0.0,-0.21001172000820306,-0.21001172065734863
1njlltb,val,ont_InteligenciaArtificial_Negativo,0.0,-0.19168298382244495,-0.19168297946453094
1njlltb,val,ont_Innovacion_Neutro,0.0,-0.16443598256119465,-0.1644359827041626
1njlltb,val,ont_Etica_Negativo,0.0,-0.06834085335022719,-0.06834085285663605
1njlltb,val,ont_Tecnologia_Neutro,0.0,-0.27668578554642986,-0.27668577432632446
1nb3qy2,val,ont_domain_density,0.023809523809523808,-0.7190840011995924,-0.7190840244293213
1nb3qy2,val,ont_total_negativo_mentions,0.0,-0.21001172000820306,-0.21001172065734863
1nb3qy2,val,ont_InteligenciaArtificial_Negativo,0.0,-0.19168298382244495,-0.19168297946453094
1nb3qy2,val,ont_Innovacion_Neutro,0.0,-0.16443598256119465,-0.1644359827041626
1nb3qy2,val,ont_Etica_Negativo,0.0,-0.06834085335022719,-0.06834085285663605
1nb3qy2,val,ont_Tecnologia_Neutro,0.0,-0.27668578554642986,-0.27668577432632446
1ncov0u,val,ont_domain_density,0.1,0.6475172137037513,0.647517204284668
1ncov0u,val,ont_total_negativo_mentions,0.0,-0.21001172000820306,-0.21001172065734863
1ncov0u,val,ont_InteligenciaArtificial_Negativo,0.0,-0.19168298382244495,-0.19168297946453094
1ncov0u,val,ont_Innovacion_Neutro,0.0,-0.16443598256119465,-0.1644359827041626
1ncov0u,val,ont_Etica_Negativo,0.0,-0.06834085335022719,-0.06834085285663605
1ncov0u,val,ont_Tecnologia_Neutro,0.0,-0.27668578554642986,-0.27668577432632446
1nclzsv,val,ont_domain_density,0.1111111111111111,0.8468132242104887,0.8468132019042969
1nclzsv,val,ont_total_negativo_mentions,0.0,-0.21001172000820306,-0.21001172065734863
1nclzsv,val,ont_InteligenciaArtificial_Negativo,0.0,-0.19168298382244495,-0.19168297946453094
1nclzsv,val,ont_Innovacion_Neutro,0.0,-0.16443598256119465,-0.1644359827041626
1nclzsv,val,ont_Etica_Negativo,0.0,-0.06834085335022719,-0.06834085285663605
1nclzsv,val,ont_Tecnologia_Neutro,0.0,-0.27668578554642986,-0.27668577432632446
1nd1hv4,val,ont_domain_density,0.06666666666666667,0.04962918218353839,0.04962918162345886
1nd1hv4,val,ont_total_negativo_mentions,0.0,-0.21001172000820306,-0.21001172065734863
1nd1hv4,val,ont_InteligenciaArtificial_Negativo,0.0,-0.19168298382244495,-0.19168297946453094
1nd1hv4,val,ont_Innovacion_Neutro,0.0,-0.16443598256119465,-0.1644359827041626
1nd1hv4,val,ont_Etica_Negativo,0.0,-0.06834085335022719,-0.06834085285663605
1nd1hv4,val,ont_Tecnologia_Neutro,0.0,-0.27668578554642986,-0.27668577432632446
1nbw60e,val,ont_domain_density,0.2,2.44118130826439,2.4411814212799072
1nbw60e,val,ont_total_negativo_mentions,0.0,-0.21001172000820306,-0.21001172065734863
1nbw60e,val,ont_InteligenciaArtificial_Negativo,0.0,-0.19168298382244495,-0.19168297946453094
1nbw60e,val,ont_Innovacion_Neutro,0.0,-0.16443598256119465,-0.1644359827041626
1nbw60e,val,ont_Etica_Negativo,0.0,-0.06834085335022719,-0.06834085285663605
1nbw60e,val,ont_Tecnologia_Neutro,0.0,-0.27668578554642986,-0.27668577432632446
1na5x6y,val,ont_domain_density,0.1111111111111111,0.8468132242104887,0.8468132019042969
1na5x6y,val,ont_total_negativo_mentions,0.0,-0.21001172000820306,-0.21001172065734863
1na5x6y,val,ont_InteligenciaArtificial_Negativo,0.0,-0.19168298382244495,-0.19168297946453094
1na5x6y,val,ont_Innovacion_Neutro,0.0,-0.16443598256119465,-0.1644359827041626
1na5x6y,val,ont_Etica_Negativo,0.0,-0.06834085335022719,-0.06834085285663605
1na5x6y,val,ont_Tecnologia_Neutro,1.0,1.2450860349589343,1.2450860738754272
1nae904,val,ont_domain_density,0.1,0.6475172137037513,0.647517204284668
1nae904,val,ont_total_negativo_mentions,1.0,3.1226332794662324,3.122633218765259
1nae904,val,ont_InteligenciaArtificial_Negativo,0.0,-0.19168298382244495,-0.19168297946453094
1nae904,val,ont_Innovacion_Neutro,0.0,-0.16443598256119465,-0.1644359827041626
1nae904,val,ont_Etica_Negativo,0.0,-0.06834085335022719,-0.06834085285663605
1nae904,val,ont_Tecnologia_Neutro,0.0,-0.27668578554642986,-0.27668577432632446
1nft1nl,val,ont_domain_density,0.07142857142857142,0.1350417581149973,0.1350417584180832
1nft1nl,val,ont_total_negativo_mentions,0.0,-0.21001172000820306,-0.21001172065734863
1nft1nl,val,ont_InteligenciaArtificial_Negativo,0.0,-0.19168298382244495,-0.19168297946453094
1nft1nl,val,ont_Innovacion_Neutro,0.0,-0.16443598256119465,-0.1644359827041626
1nft1nl,val,ont_Etica_Negativo,0.0,-0.06834085335022719,-0.06834085285663605
1nft1nl,val,ont_Tecnologia_Neutro,0.0,-0.27668578554642986,-0.27668577432632446
1n5fcxf,val,ont_domain_density,0.08333333333333333,0.3485731979436447,0.3485732078552246
1n5fcxf,val,ont_total_negativo_mentions,0.0,-0.21001172000820306,-0.21001172065734863
1n5fcxf,val,ont_InteligenciaArtificial_Negativo,0.0,-0.19168298382244495,-0.19168297946453094
1n5fcxf,val,ont_Innovacion_Neutro,0.0,-0.16443598256119465,-0.1644359827041626
1n5fcxf,val,ont_Etica_Negativo,0.0,-0.06834085335022719,-0.06834085285663605
1n5fcxf,val,ont_Tecnologia_Neutro,0.0,-0.27668578554642986,-0.27668577432632446
1kykx6z,val,ont_domain_density,0.018867924528301886,-0.8077196932039366,-0.8077197074890137
1kykx6z,val,ont_total_negativo_mentions,0.0,-0.21001172000820306,-0.21001172065734863
1kykx6z,val,ont_InteligenciaArtificial_Negativo,0.0,-0.19168298382244495,-0.19168297946453094
1kykx6z,val,ont_Innovacion_Neutro,0.0,-0.16443598256119465,-0.1644359827041626
1kykx6z,val,ont_Etica_Negativo,0.0,-0.06834085335022719,-0.06834085285663605
1kykx6z,val,ont_Tecnologia_Neutro,2.0,2.7668578554642984,2.766857862472534
1mn8x9j,val,ont_domain_density,0.05172413793103448,-0.21838959056690183,-0.2183895856142044
1mn8x9j,val,ont_total_negativo_mentions,0.0,-0.21001172000820306,-0.21001172065734863
1mn8x9j,val,ont_InteligenciaArtificial_Negativo,0.0,-0.19168298382244495,-0.19168297946453094
1mn8x9j,val,ont_Innovacion_Neutro,2.0,10.813083404972351,10.81308364868164
1mn8x9j,val,ont_Etica_Negativo,0.0,-0.06834085335022719,-0.06834085285663605
1mn8x9j,val,ont_Tecnologia_Neutro,0.0,-0.27668578554642986,-0.27668577432632446
1ldzyjc,val,ont_domain_density,0.030927835051546393,-0.5914054083123598,-0.5914053916931152
1ldzyjc,val,ont_total_negativo_mentions,0.0,-0.21001172000820306,-0.21001172065734863
1ldzyjc,val,ont_InteligenciaArtificial_Negativo,0.0,-0.19168298382244495,-0.19168297946453094
1ldzyjc,val,ont_Innovacion_Neutro,0.0,-0.16443598256119465,-0.1644359827041626
1ldzyjc,val,ont_Etica_Negativo,0.0,-0.06834085335022719,-0.06834085285663605
1ldzyjc,val,ont_Tecnologia_Neutro,1.0,1.2450860349589343,1.2450860738754272
1lfczre,val,ont_domain_density,0.05263157894736842,-0.20211314687760387,-0.20211315155029297
1lfczre,val,ont_total_negativo_mentions,0.0,-0.21001172000820306,-0.21001172065734863
1lfczre,val,ont_InteligenciaArtificial_Negativo,0.0,-0.19168298382244495,-0.19168297946453094
1lfczre,val,ont_Innovacion_Neutro,0.0,-0.16443598256119465,-0.1644359827041626
1lfczre,val,ont_Etica_Negativo,0.0,-0.06834085335022719,-0.06834085285663605
1lfczre,val,ont_Tecnologia_Neutro,0.0,-0.27668578554642986,-0.27668577432632446
1li8df3,val,ont_domain_density,0.02702702702702703,-0.6613728012459038,-0.6613727807998657
1li8df3,val,ont_total_negativo_mentions,0.0,-0.21001172000820306,-0.21001172065734863
1li8df3,val,ont_InteligenciaArtificial_Negativo,0.0,-0.19168298382244495,-0.19168297946453094
1li8df3,val,ont_Innovacion_Neutro,0.0,-0.16443598256119465,-0.1644359827041626
1li8df3,val,ont_Etica_Negativo,0.0,-0.06834085335022719,-0.06834085285663605
1li8df3,val,ont_Tecnologia_Neutro,0.0,-0.27668578554642986,-0.27668577432632446
1l7pe7r,val,ont_domain_density,0.007352941176470588,-1.0142598150803697,-1.0142598152160645
1l7pe7r,val,ont_total_negativo_mentions,0.0,-0.21001172000820306,-0.21001172065734863
1l7pe7r,val,ont_InteligenciaArtificial_Negativo,0.0,-0.19168298382244495,-0.19168297946453094
1l7pe7r,val,ont_Innovacion_Neutro,0.0,-0.16443598256119465,-0.1644359827041626
1l7pe7r,val,ont_Etica_Negativo,0.0,-0.06834085335022719,-0.06834085285663605
1l7pe7r,val,ont_Tecnologia_Neutro,0.0,-0.27668578554642986,-0.27668577432632446
1n86xcw,val,ont_domain_density,0.01639344262295082,-0.8521035866666185,-0.852103590965271
1n86xcw,val,ont_total_negativo_mentions,0.0,-0.21001172000820306,-0.21001172065734863
1n86xcw,val,ont_InteligenciaArtificial_Negativo,0.0,-0.19168298382244495,-0.19168297946453094
1n86xcw,val,ont_Innovacion_Neutro,1.0,5.324323711205579,5.324323654174805
1n86xcw,val,ont_Etica_Negativo,0.0,-0.06834085335022719,-0.06834085285663605
1n86xcw,val,ont_Tecnologia_Neutro,0.0,-0.27668578554642986,-0.27668577432632446
1neghla,val,ont_domain_density,0.0,-1.146146880856887,-1.1461468935012817
1neghla,val,ont_total_negativo_mentions,0.0,-0.21001172000820306,-0.21001172065734863
1neghla,val,ont_InteligenciaArtificial_Negativo,0.0,-0.19168298382244495,-0.19168297946453094
1neghla,val,ont_Innovacion_Neutro,0.0,-0.16443598256119465,-0.1644359827041626
1neghla,val,ont_Etica_Negativo,0.0,-0.06834085335022719,-0.06834085285663605
1neghla,val,ont_Tecnologia_Neutro,0.0,-0.27668578554642986,-0.27668577432632446
1ni9lvo,val,ont_domain_density,0.023255813953488372,-0.7290156960753433,-0.7290157079696655
1ni9lvo,val,ont_total_negativo_mentions,0.0,-0.21001172000820306,-0.21001172065734863
1ni9lvo,val,ont_InteligenciaArtificial_Negativo,0.0,-0.19168298382244495,-0.19168297946453094
1ni9lvo,val,ont_Innovacion_Neutro,0.0,-0.16443598256119465,-0.1644359827041626
1ni9lvo,val,ont_Etica_Negativo,0.0,-0.06834085335022719,-0.06834085285663605
1ni9lvo,val,ont_Tecnologia_Neutro,1.0,1.2450860349589343,1.2450860738754272
1niffpc,val,ont_domain_density,0.022727272727272728,-0.7384959502749239,-0.738495945930481
1niffpc,val,ont_total_negativo_mentions,0.0,-0.21001172000820306,-0.21001172065734863
1niffpc,val,ont_InteligenciaArtificial_Negativo,0.0,-0.19168298382244495,-0.19168297946453094
1niffpc,val,ont_Innovacion_Neutro,0.0,-0.16443598256119465,-0.1644359827041626
1niffpc,val,ont_Etica_Negativo,0.0,-0.06834085335022719,-0.06834085285663605
1niffpc,val,ont_Tecnologia_Neutro,0.0,-0.27668578554642986,-0.27668577432632446
1nih1do,val,ont_domain_density,0.024691358024691357,-0.7032668575085814,-0.7032668590545654
1nih1do,val,ont_total_negativo_mentions,0.0,-0.21001172000820306,-0.21001172065734863
1nih1do,val,ont_InteligenciaArtificial_Negativo,0.0,-0.19168298382244495,-0.19168297946453094
1nih1do,val,ont_Innovacion_Neutro,1.0,5.324323711205579,5.324323654174805
1nih1do,val,ont_Etica_Negativo,0.0,-0.06834085335022719,-0.06834085285663605
1nih1do,val,ont_Tecnologia_Neutro,3.0,4.288629675969663,4.288629531860352
1nic3fw,val,ont_domain_density,0.008064516129032258,-1.0014965506503841,-1.0014965534210205
1nic3fw,val,ont_total_negativo_mentions,0.0,-0.21001172000820306,-0.21001172065734863
1nic3fw,val,ont_InteligenciaArtificial_Negativo,0.0,-0.19168298382244495,-0.19168297946453094
1nic3fw,val,ont_Innovacion_Neutro,0.0,-0.16443598256119465,-0.1644359827041626
1nic3fw,val,ont_Etica_Negativo,0.0,-0.06834085335022719,-0.06834085285663605
1nic3fw,val,ont_Tecnologia_Neutro,1.0,1.2450860349589343,1.2450860738754272
1njbuuv,val,ont_domain_density,0.0070921985815602835,-1.0189366613845015,-1.0189366340637207
1njbuuv,val,ont_total_negativo_mentions,0.0,-0.21001172000820306,-0.21001172065734863
1njbuuv,val,ont_InteligenciaArtificial_Negativo,0.0,-0.19168298382244495,-0.19168297946453094
1njbuuv,val,ont_Innovacion_Neutro,0.0,-0.16443598256119465,-0.1644359827041626
1njbuuv,val,ont_Etica_Negativo,0.0,-0.06834085335022719,-0.06834085285663605
1njbuuv,val,ont_Tecnologia_Neutro,2.0,2.7668578554642984,2.766857862472534
1njbthg,val,ont_domain_density,0.024390243902439025,-0.7086678334030729,-0.7086678147315979
1njbthg,val,ont_total_negativo_mentions,0.0,-0.21001172000820306,-0.21001172065734863
1njbthg,val,ont_InteligenciaArtificial_Negativo,0.0,-0.19168298382244495,-0.19168297946453094
1njbthg,val,ont_Innovacion_Neutro,0.0,-0.16443598256119465,-0.1644359827041626
1njbthg,val,ont_Etica_Negativo,0.0,-0.06834085335022719,-0.06834085285663605
1njbthg,val,ont_Tecnologia_Neutro,1.0,1.2450860349589343,1.2450860738754272
1ndp7ep,val,ont_domain_density,0.03571428571428571,-0.505552561370945,-0.5055525898933411
1ndp7ep,val,ont_total_negativo_mentions,0.0,-0.21001172000820306,-0.21001172065734863
1ndp7ep,val,ont_InteligenciaArtificial_Negativo,0.0,-0.19168298382244495,-0.19168297946453094
1ndp7ep,val,ont_Innovacion_Neutro,0.0,-0.16443598256119465,-0.1644359827041626
1ndp7ep,val,ont_Etica_Negativo,0.0,-0.06834085335022719,-0.06834085285663605
1ndp7ep,val,ont_Tecnologia_Neutro,1.0,1.2450860349589343,1.2450860738754272
1nanssx,val,ont_domain_density,0.014388489208633094,-0.8880657161719032,-0.8880656957626343
1nanssx,val,ont_total_negativo_mentions,1.0,3.1226332794662324,3.122633218765259
1nanssx,val,ont_InteligenciaArtificial_Negativo,1.0,4.333905512278206,4.3339056968688965
1nanssx,val,ont_Innovacion_Neutro,0.0,-0.16443598256119465,-0.1644359827041626
1nanssx,val,ont_Etica_Negativo,0.0,-0.06834085335022719,-0.06834085285663605
1nanssx,val,ont_Tecnologia_Neutro,0.0,-0.27668578554642986,-0.27668577432632446
1nakq4e,val,ont_domain_density,0.030303030303030304,-0.6026123067476028,-0.602612316608429
1nakq4e,val,ont_total_negativo_mentions,0.0,-0.21001172000820306,-0.21001172065734863
1nakq4e,val,ont_InteligenciaArtificial_Negativo,0.0,-0.19168298382244495,-0.19168297946453094
1nakq4e,val,ont_Innovacion_Neutro,0.0,-0.16443598256119465,-0.1644359827041626
1nakq4e,val,ont_Etica_Negativo,0.0,-0.06834085335022719,-0.06834085285663605
1nakq4e,val,ont_Tecnologia_Neutro,0.0,-0.27668578554642986,-0.27668577432632446
1ncx1qm,val,ont_domain_density,0.01092896174863388,-0.9501180180633748,-0.9501180052757263
1ncx1qm,val,ont_total_negativo_mentions,0.0,-0.21001172000820306,-0.21001172065734863
1ncx1qm,val,ont_InteligenciaArtificial_Negativo,0.0,-0.19168298382244495,-0.19168297946453094
1ncx1qm,val,ont_Innovacion_Neutro,0.0,-0.16443598256119465,-0.1644359827041626
1ncx1qm,val,ont_Etica_Negativo,0.0,-0.06834085335022719,-0.06834085285663605
1ncx1qm,val,ont_Tecnologia_Neutro,0.0,-0.27668578554642986,-0.27668577432632446
1namjo2,val,ont_domain_density,0.05714285714285714,-0.12119596967937957,-0.1211959719657898
1namjo2,val,ont_total_negativo_mentions,0.0,-0.21001172000820306,-0.21001172065734863
1namjo2,val,ont_InteligenciaArtificial_Negativo,0.0,-0.19168298382244495,-0.19168297946453094
1namjo2,val,ont_Innovacion_Neutro,0.0,-0.16443598256119465,-0.1644359827041626
1namjo2,val,ont_Etica_Negativo,0.0,-0.06834085335022719,-0.06834085285663605
1namjo2,val,ont_Tecnologia_Neutro,1.0,1.2450860349589343,1.2450860738754272
1n9xt56,val,ont_domain_density,0.0058823529411764705,-1.040637228235673,-1.0406372547149658
1n9xt56,val,ont_total_negativo_mentions,0.0,-0.21001172000820306,-0.21001172065734863
1n9xt56,val,ont_InteligenciaArtificial_Negativo,0.0,-0.19168298382244495,-0.19168297946453094
1n9xt56,val,ont_Innovacion_Neutro,0.0,-0.16443598256119465,-0.1644359827041626
1n9xt56,val,ont_Etica_Negativo,0.0,-0.06834085335022719,-0.06834085285663605
1n9xt56,val,ont_Tecnologia_Neutro,1.0,1.2450860349589343,1.2450860738754272
1n9sxx1,val,ont_domain_density,0.02127659574468085,-0.76451622243973,-0.7645162343978882
1n9sxx1,val,ont_total_negativo_mentions,0.0,-0.21001172000820306,-0.21001172065734863
1n9sxx1,val,ont_InteligenciaArtificial_Negativo,0.0,-0.19168298382244495,-0.19168297946453094
1n9sxx1,val,ont_Innovacion_Neutro,0.0,-0.16443598256119465,-0.1644359827041626
1n9sxx1,val,ont_Etica_Negativo,0.0,-0.06834085335022719,-0.06834085285663605
1n9sxx1,val,ont_Tecnologia_Neutro,0.0,-0.27668578554642986,-0.27668577432632446
1na0ey1,val,ont_domain_density,0.05555555555555555,-0.14966682832319925,-0.14966683089733124
1na0ey1,val,ont_total_negativo_mentions,0.0,-0.21001172000820306,-0.21001172065734863
1na0ey1,val,ont_InteligenciaArtificial_Negativo,0.0,-0.19168298382244495,-0.19168297946453094
1na0ey1,val,ont_Innovacion_Neutro,0.0,-0.16443598256119465,-0.1644359827041626
1na0ey1,val,ont_Etica_Negativo,0.0,-0.06834085335022719,-0.06834085285663605
1na0ey1,val,ont_Tecnologia_Neutro,1.0,1.2450860349589343,1.2450860738754272
1n9vpmu,val,ont_domain_density,0.02040816326530612,-0.7800929840077774,-0.7800929546356201
1n9vpmu,val,ont_total_negativo_mentions,0.0,-0.21001172000820306,-0.21001172065734863
1n9vpmu,val,ont_InteligenciaArtificial_Negativo,0.0,-0.19168298382244495,-0.19168297946453094
1n9vpmu,val,ont_Innovacion_Neutro,0.0,-0.16443598256119465,-0.1644359827041626
1n9vpmu,val,ont_Etica_Negativo,0.0,-0.06834085335022719,-0.06834085285663605
1n9vpmu,val,ont_Tecnologia_Neutro,0.0,-0.27668578554642986,-0.27668577432632446
1nhi43i,val,ont_domain_density,0.0234375,-0.7257568586942376,-0.7257568836212158
1nhi43i,val,ont_total_negativo_mentions,0.0,-0.21001172000820306,-0.21001172065734863
1nhi43i,val,ont_InteligenciaArtificial_Negativo,0.0,-0.19168298382244495,-0.19168297946453094
1nhi43i,val,ont_Innovacion_Neutro,0.0,-0.16443598256119465,-0.1644359827041626
1nhi43i,val,ont_Etica_Negativo,0.0,-0.06834085335022719,-0.06834085285663605
1nhi43i,val,ont_Tecnologia_Neutro,1.0,1.2450860349589343,1.2450860738754272
1nhsc56,val,ont_domain_density,0.017857142857142856,-0.8258497211139161,-0.825849711894989
1nhsc56,val,ont_total_negativo_mentions,0.0,-0.21001172000820306,-0.21001172065734863
1nhsc56,val,ont_InteligenciaArtificial_Negativo,0.0,-0.19168298382244495,-0.19168297946453094
1nhsc56,val,ont_Innovacion_Neutro,0.0,-0.16443598256119465,-0.1644359827041626
1nhsc56,val,ont_Etica_Negativo,0.0,-0.06834085335022719,-0.06834085285663605
1nhsc56,val,ont_Tecnologia_Neutro,0.0,-0.27668578554642986,-0.27668577432632446
1nhffbu,val,ont_domain_density,0.00904977375565611,-0.9838243383627117,-0.9838243126869202
1nhffbu,val,ont_total_negativo_mentions,0.0,-0.21001172000820306,-0.21001172065734863
1nhffbu,val,ont_InteligenciaArtificial_Negativo,0.0,-0.19168298382244495,-0.19168297946453094
1nhffbu,val,ont_Innovacion_Neutro,0.0,-0.16443598256119465,-0.1644359827041626
1nhffbu,val,ont_Etica_Negativo,0.0,-0.06834085335022719,-0.06834085285663605
1nhffbu,val,ont_Tecnologia_Neutro,0.0,-0.27668578554642986,-0.27668577432632446
1nhtjfa,val,ont_domain_density,0.0018018018018018018,-1.1138286088828215,-1.1138286590576172
1nhtjfa,val,ont_total_negativo_mentions,0.0,-0.21001172000820306,-0.21001172065734863
1nhtjfa,val,ont_InteligenciaArtificial_Negativo,0.0,-0.19168298382244495,-0.19168297946453094
1nhtjfa,val,ont_Innovacion_Neutro,0.0,-0.16443598256119465,-0.1644359827041626
1nhtjfa,val,ont_Etica_Negativo,0.0,-0.06834085335022719,-0.06834085285663605
1nhtjfa,val,ont_Tecnologia_Neutro,0.0,-0.27668578554642986,-0.27668577432632446
1nfe7l5,val,ont_domain_density,0.00625,-1.0340428749468473,-1.0340428352355957
1nfe7l5,val,ont_total_negativo_mentions,0.0,-0.21001172000820306,-0.21001172065734863
1nfe7l5,val,ont_InteligenciaArtificial_Negativo,0.0,-0.19168298382244495,-0.19168297946453094
1nfe7l5,val,ont_Innovacion_Neutro,0.0,-0.16443598256119465,-0.1644359827041626
1nfe7l5,val,ont_Etica_Negativo,0.0,-0.06834085335022719,-0.06834085285663605
1nfe7l5,val,ont_Tecnologia_Neutro,0.0,-0.27668578554642986,-0.27668577432632446
1nhxh5e,val,ont_domain_density,0.013157894736842105,-0.9101384473620663,-0.9101384282112122
1nhxh5e,val,ont_total_negativo_mentions,0.0,-0.21001172000820306,-0.21001172065734863
1nhxh5e,val,ont_InteligenciaArtificial_Negativo,0.0,-0.19168298382244495,-0.19168297946453094
1nhxh5e,val,ont_Innovacion_Neutro,0.0,-0.16443598256119465,-0.1644359827041626
1nhxh5e,val,ont_Etica_Negativo,0.0,-0.06834085335022719,-0.06834085285663605
1nhxh5e,val,ont_Tecnologia_Neutro,0.0,-0.27668578554642986,-0.27668577432632446
1ngfzep,val,ont_domain_density,0.008333333333333333,-0.996674872976834,-0.9966748952865601
1ngfzep,val,ont_total_negativo_mentions,0.0,-0.21001172000820306,-0.21001172065734863
1ngfzep,val,ont_InteligenciaArtificial_Negativo,0.0,-0.19168298382244495,-0.19168297946453094
1ngfzep,val,ont_Innovacion_Neutro,0.0,-0.16443598256119465,-0.1644359827041626
1ngfzep,val,ont_Etica_Negativo,0.0,-0.06834085335022719,-0.06834085285663605
1ngfzep,val,ont_Tecnologia_Neutro,0.0,-0.27668578554642986,-0.27668577432632446
1nftqce,val,ont_domain_density,0.037037037037037035,-0.48182684583442853,-0.4818268418312073
1nftqce,val,ont_total_negativo_mentions,0.0,-0.21001172000820306,-0.21001172065734863
1nftqce,val,ont_InteligenciaArtificial_Negativo,0.0,-0.19168298382244495,-0.19168297946453094
1nftqce,val,ont_Innovacion_Neutro,0.0,-0.16443598256119465,-0.1644359827041626
1nftqce,val,ont_Etica_Negativo,0.0,-0.06834085335022719,-0.06834085285663605
1nftqce,val,ont_Tecnologia_Neutro,0.0,-0.27668578554642986,-0.27668577432632446
1nfri22,val,ont_domain_density,0.041666666666666664,-0.39878684145662124,-0.39878684282302856
1nfri22,val,ont_total_negativo_mentions,0.0,-0.21001172000820306,-0.21001172065734863
1nfri22,val,ont_InteligenciaArtificial_Negativo,0.0,-0.19168298382244495,-0.19168297946453094
1nfri22,val,ont_Innovacion_Neutro,0.0,-0.16443598256119465,-0.1644359827041626
1nfri22,val,ont_Etica_Negativo,0.0,-0.06834085335022719,-0.06834085285663605
1nfri22,val,ont_Tecnologia_Neutro,0.0,-0.27668578554642986,-0.27668577432632446
1nfu7sm,val,ont_domain_density,0.01775147928994083,-0.8277449705798507,-0.8277449607849121
1nfu7sm,val,ont_total_negativo_mentions,0.0,-0.21001172000820306,-0.21001172065734863
1nfu7sm,val,ont_InteligenciaArtificial_Negativo,0.0,-0.19168298382244495,-0.19168297946453094
1nfu7sm,val,ont_Innovacion_Neutro,0.0,-0.16443598256119465,-0.1644359827041626
1nfu7sm,val,ont_Etica_Negativo,0.0,-0.06834085335022719,-0.06834085285663605
1nfu7sm,val,ont_Tecnologia_Neutro,0.0,-0.27668578554642986,-0.27668577432632446
1nh34q8,val,ont_domain_density,0.0045871559633027525,-1.0638687113816285,-1.063868761062622
1nh34q8,val,ont_total_negativo_mentions,0.0,-0.21001172000820306,-0.21001172065734863
1nh34q8,val,ont_InteligenciaArtificial_Negativo,0.0,-0.19168298382244495,-0.19168297946453094
1nh34q8,val,ont_Innovacion_Neutro,0.0,-0.16443598256119465,-0.1644359827041626
1nh34q8,val,ont_Etica_Negativo,0.0,-0.06834085335022719,-0.06834085285663605
1nh34q8,val,ont_Tecnologia_Neutro,0.0,-0.27668578554642986,-0.27668577432632446
1ngmlwz,val,ont_domain_density,0.010101010101010102,-0.9649686894871257,-0.9649686813354492
1ngmlwz,val,ont_total_negativo_mentions,0.0,-0.21001172000820306,-0.21001172065734863
1ngmlwz,val,ont_InteligenciaArtificial_Negativo,0.0,-0.19168298382244495,-0.19168297946453094
1ngmlwz,val,ont_Innovacion_Neutro,0.0,-0.16443598256119465,-0.1644359827041626
1ngmlwz,val,ont_Etica_Negativo,0.0,-0.06834085335022719,-0.06834085285663605
1ngmlwz,val,ont_Tecnologia_Neutro,0.0,-0.27668578554642986,-0.27668577432632446
1nfq80i,val,ont_domain_density,0.1,0.6475172137037513,0.647517204284668
1nfq80i,val,ont_total_negativo_mentions,0.0,-0.21001172000820306,-0.21001172065734863
1nfq80i,val,ont_InteligenciaArtificial_Negativo,0.0,-0.19168298382244495,-0.19168297946453094
1nfq80i,val,ont_Innovacion_Neutro,0.0,-0.16443598256119465,-0.1644359827041626
1nfq80i,val,ont_Etica_Negativo,0.0,-0.06834085335022719,-0.06834085285663605
1nfq80i,val,ont_Tecnologia_Neutro,0.0,-0.27668578554642986,-0.27668577432632446
1nh0n0e,val,ont_domain_density,0.021505376344086023,-0.7604126669728789,-0.7604126930236816
1nh0n0e,val,ont_total_negativo_mentions,0.0,-0.21001172000820306,-0.21001172065734863
1nh0n0e,val,ont_InteligenciaArtificial_Negativo,0.0,-0.19168298382244495,-0.19168297946453094
1nh0n0e,val,ont_Innovacion_Neutro,0.0,-0.16443598256119465,-0.1644359827041626
1nh0n0e,val,ont_Etica_Negativo,0.0,-0.06834085335022719,-0.06834085285663605
1nh0n0e,val,ont_Tecnologia_Neutro,0.0,-0.27668578554642986,-0.27668577432632446
1ngywjm,val,ont_domain_density,0.007444168734491315,-1.0126234991278074,-1.0126235485076904
1ngywjm,val,ont_total_negativo_mentions,0.0,-0.21001172000820306,-0.21001172065734863
1ngywjm,val,ont_InteligenciaArtificial_Negativo,0.0,-0.19168298382244495,-0.19168297946453094
1ngywjm,val,ont_Innovacion_Neutro,0.0,-0.16443598256119465,-0.1644359827041626
1ngywjm,val,ont_Etica_Negativo,0.0,-0.06834085335022719,-0.06834085285663605
1ngywjm,val,ont_Tecnologia_Neutro,0.0,-0.27668578554642986,-0.27668577432632446
1ngrmc4,val,ont_domain_density,0.004540295119182747,-1.064709237517017,-1.064709186553955
1ngrmc4,val,ont_total_negativo_mentions,0.0,-0.21001172000820306,-0.21001172065734863
1ngrmc4,val,ont_InteligenciaArtificial_Negativo,0.0,-0.19168298382244495,-0.19168297946453094
1ngrmc4,val,ont_Innovacion_Neutro,0.0,-0.16443598256119465,-0.1644359827041626
1ngrmc4,val,ont_Etica_Negativo,0.0,-0.06834085335022719,-0.06834085285663605
1ngrmc4,val,ont_Tecnologia_Neutro,0.0,-0.27668578554642986,-0.27668577432632446
1ngvs56,val,ont_domain_density,0.10344827586206896,0.7093676997230836,0.7093676924705505
1ngvs56,val,ont_total_negativo_mentions,0.0,-0.21001172000820306,-0.21001172065734863
1ngvs56,val,ont_InteligenciaArtificial_Negativo,0.0,-0.19168298382244495,-0.19168297946453094
1ngvs56,val,ont_Innovacion_Neutro,0.0,-0.16443598256119465,-0.1644359827041626
1ngvs56,val,ont_Etica_Negativo,0.0,-0.06834085335022719,-0.06834085285663605
1ngvs56,val,ont_Tecnologia_Neutro,0.0,-0.27668578554642986,-0.27668577432632446
1ndndlc,val,ont_domain_density,0.125,1.0959332373439108,1.095933198928833
1ndndlc,val,ont_total_negativo_mentions,0.0,-0.21001172000820306,-0.21001172065734863
1ndndlc,val,ont_InteligenciaArtificial_Negativo,0.0,-0.19168298382244495,-0.19168297946453094
1ndndlc,val,ont_Innovacion_Neutro,0.0,-0.16443598256119465,-0.1644359827041626
1ndndlc,val,ont_Etica_Negativo,0.0,-0.06834085335022719,-0.06834085285663605
1ndndlc,val,ont_Tecnologia_Neutro,0.0,-0.27668578554642986,-0.27668577432632446
1nb37ya,val,ont_domain_density,0.08333333333333333,0.3485731979436447,0.3485732078552246
1nb37ya,val,ont_total_negativo_mentions,0.0,-0.21001172000820306,-0.21001172065734863
1nb37ya,val,ont_InteligenciaArtificial_Negativo,0.0,-0.19168298382244495,-0.19168297946453094
1nb37ya,val,ont_Innovacion_Neutro,0.0,-0.16443598256119465,-0.1644359827041626
1nb37ya,val,ont_Etica_Negativo,0.0,-0.06834085335022719,-0.06834085285663605
1nb37ya,val,ont_Tecnologia_Neutro,0.0,-0.27668578554642986,-0.27668577432632446
1n5rb2m,val,ont_domain_density,0.043478260869565216,-0.3662929267000879,-0.36629292368888855
1n5rb2m,val,ont_total_negativo_mentions,0.0,-0.21001172000820306,-0.21001172065734863
1n5rb2m,val,ont_InteligenciaArtificial_Negativo,0.0,-0.19168298382244495,-0.19168297946453094
1n5rb2m,val,ont_Innovacion_Neutro,0.0,-0.16443598256119465,-0.1644359827041626
1n5rb2m,val,ont_Etica_Negativo,0.0,-0.06834085335022719,-0.06834085285663605
1n5rb2m,val,ont_Tecnologia_Neutro,0.0,-0.27668578554642986,-0.27668577432632446
1n8xbei,val,ont_domain_density,0.0,-1.146146880856887,-1.1461468935012817
1n8xbei,val,ont_total_negativo_mentions,0.0,-0.21001172000820306,-0.21001172065734863
1n8xbei,val,ont_InteligenciaArtificial_Negativo,0.0,-0.19168298382244495,-0.19168297946453094
1n8xbei,val,ont_Innovacion_Neutro,0.0,-0.16443598256119465,-0.1644359827041626
1n8xbei,val,ont_Etica_Negativo,0.0,-0.06834085335022719,-0.06834085285663605
1n8xbei,val,ont_Tecnologia_Neutro,0.0,-0.27668578554642986,-0.27668577432632446
1n8x0b9,val,ont_domain_density,0.1,0.6475172137037513,0.647517204284668
1n8x0b9,val,ont_total_negativo_mentions,0.0,-0.21001172000820306,-0.21001172065734863
1n8x0b9,val,ont_InteligenciaArtificial_Negativo,0.0,-0.19168298382244495,-0.19168297946453094
1n8x0b9,val,ont_Innovacion_Neutro,0.0,-0.16443598256119465,-0.1644359827041626
1n8x0b9,val,ont_Etica_Negativo,0.0,-0.06834085335022719,-0.06834085285663605
1n8x0b9,val,ont_Tecnologia_Neutro,0.0,-0.27668578554642986,-0.27668577432632446
1nih944,val,ont_domain_density,0.1111111111111111,0.8468132242104887,0.8468132019042969
1nih944,val,ont_total_negativo_mentions,0.0,-0.21001172000820306,-0.21001172065734863
1nih944,val,ont_InteligenciaArtificial_Negativo,0.0,-0.19168298382244495,-0.19168297946453094
1nih944,val,ont_Innovacion_Neutro,1.0,5.324323711205579,5.324323654174805
1nih944,val,ont_Etica_Negativo,0.0,-0.06834085335022719,-0.06834085285663605
1nih944,val,ont_Tecnologia_Neutro,0.0,-0.27668578554642986,-0.27668577432632446
1njjq0r,val,ont_domain_density,0.08333333333333333,0.3485731979436447,0.3485732078552246
1njjq0r,val,ont_total_negativo_mentions,1.0,3.1226332794662324,3.122633218765259
1njjq0r,val,ont_InteligenciaArtificial_Negativo,1.0,4.333905512278206,4.3339056968688965
1njjq0r,val,ont_Innovacion_Neutro,0.0,-0.16443598256119465,-0.1644359827041626
1njjq0r,val,ont_Etica_Negativo,0.0,-0.06834085335022719,-0.06834085285663605
1njjq0r,val,ont_Tecnologia_Neutro,0.0,-0.27668578554642986,-0.27668577432632446
1ndbsfo,val,ont_domain_density,0.08333333333333333,0.3485731979436447,0.3485732078552246
1ndbsfo,val,ont_total_negativo_mentions,0.0,-0.21001172000820306,-0.21001172065734863
1ndbsfo,val,ont_InteligenciaArtificial_Negativo,0.0,-0.19168298382244495,-0.19168297946453094
1ndbsfo,val,ont_Innovacion_Neutro,1.0,5.324323711205579,5.324323654174805
1ndbsfo,val,ont_Etica_Negativo,0.0,-0.06834085335022719,-0.06834085285663605
1ndbsfo,val,ont_Tecnologia_Neutro,0.0,-0.27668578554642986,-0.27668577432632446
1nbvuyz,val,ont_domain_density,0.0,-1.146146880856887,-1.1461468935012817
1nbvuyz,val,ont_total_negativo_mentions,0.0,-0.21001172000820306,-0.21001172065734863
1nbvuyz,val,ont_InteligenciaArtificial_Negativo,0.0,-0.19168298382244495,-0.19168297946453094
1nbvuyz,val,ont_Innovacion_Neutro,0.0,-0.16443598256119465,-0.1644359827041626
1nbvuyz,val,ont_Etica_Negativo,0.0,-0.06834085335022719,-0.06834085285663605
1nbvuyz,val,ont_Tecnologia_Neutro,0.0,-0.27668578554642986,-0.27668577432632446
1n5wbo1,val,ont_domain_density,0.03125,-0.5856268513066877,-0.5856268405914307
1n5wbo1,val,ont_total_negativo_mentions,0.0,-0.21001172000820306,-0.21001172065734863
1n5wbo1,val,ont_InteligenciaArtificial_Negativo,0.0,-0.19168298382244495,-0.19168297946453094
1n5wbo1,val,ont_Innovacion_Neutro,0.0,-0.16443598256119465,-0.1644359827041626
1n5wbo1,val,ont_Etica_Negativo,0.0,-0.06834085335022719,-0.06834085285663605
1n5wbo1,val,ont_Tecnologia_Neutro,1.0,1.2450860349589343,1.2450860738754272
1n51ou6,val,ont_domain_density,0.07142857142857142,0.1350417581149973,0.1350417584180832
1n51ou6,val,ont_total_negativo_mentions,0.0,-0.21001172000820306,-0.21001172065734863
1n51ou6,val,ont_InteligenciaArtificial_Negativo,0.0,-0.19168298382244495,-0.19168297946453094
1n51ou6,val,ont_Innovacion_Neutro,0.0,-0.16443598256119465,-0.1644359827041626
1n51ou6,val,ont_Etica_Negativo,0.0,-0.06834085335022719,-0.06834085285663605
1n51ou6,val,ont_Tecnologia_Neutro,1.0,1.2450860349589343,1.2450860738754272
1n1plgb,test,ont_domain_density,0.0111731843575419,-0.9457374848165924,-0.9457374811172485
1n1plgb,test,ont_total_negativo_mentions,0.0,-0.21001172000820306,-0.21001172065734863
1n1plgb,test,ont_InteligenciaArtificial_Negativo,0.0,-0.19168298382244495,-0.19168297946453094
1n1plgb,test,ont_Innovacion_Neutro,0.0,-0.16443598256119465,-0.1644359827041626
1n1plgb,test,ont_Etica_Negativo,0.0,-0.06834085335022719,-0.06834085285663605
1n1plgb,test,ont_Tecnologia_Neutro,0.0,-0.27668578554642986,-0.27668577432632446
1n02v38,test,ont_domain_density,0.09090909090909091,0.4844568414709659,0.4844568371772766
1n02v38,test,ont_total_negativo_mentions,0.0,-0.21001172000820306,-0.21001172065734863
1n02v38,test,ont_InteligenciaArtificial_Negativo,0.0,-0.19168298382244495,-0.19168297946453094
1n02v38,test,ont_Innovacion_Neutro,0.0,-0.16443598256119465,-0.1644359827041626
1n02v38,test,ont_Etica_Negativo,0.0,-0.06834085335022719,-0.06834085285663605
1n02v38,test,ont_Tecnologia_Neutro,1.0,1.2450860349589343,1.2450860738754272
1mvw1s2,test,ont_domain_density,0.007462686567164179,-1.0122913514120633,-1.0122913122177124
1mvw1s2,test,ont_total_negativo_mentions,0.0,-0.21001172000820306,-0.21001172065734863
1mvw1s2,test,ont_InteligenciaArtificial_Negativo,0.0,-0.19168298382244495,-0.19168297946453094
1mvw1s2,test,ont_Innovacion_Neutro,1.0,5.324323711205579,5.324323654174805
1mvw1s2,test,ont_Etica_Negativo,0.0,-0.06834085335022719,-0.06834085285663605
1mvw1s2,test,ont_Tecnologia_Neutro,0.0,-0.27668578554642986,-0.27668577432632446
1n0q50o,test,ont_domain_density,0.0,-1.146146880856887,-1.1461468935012817
1n0q50o,test,ont_total_negativo_mentions,0.0,-0.21001172000820306,-0.21001172065734863
1n0q50o,test,ont_InteligenciaArtificial_Negativo,0.0,-0.19168298382244495,-0.19168297946453094
1n0q50o,test,ont_Innovacion_Neutro,0.0,-0.16443598256119465,-0.1644359827041626
1n0q50o,test,ont_Etica_Negativo,0.0,-0.06834085335022719,-0.06834085285663605
1n0q50o,test,ont_Tecnologia_Neutro,0.0,-0.27668578554642986,-0.27668577432632446
1mtw2r6,test,ont_domain_density,0.1,0.6475172137037513,0.647517204284668
1mtw2r6,test,ont_total_negativo_mentions,0.0,-0.21001172000820306,-0.21001172065734863
1mtw2r6,test,ont_InteligenciaArtificial_Negativo,0.0,-0.19168298382244495,-0.19168297946453094
1mtw2r6,test,ont_Innovacion_Neutro,0.0,-0.16443598256119465,-0.1644359827041626
1mtw2r6,test,ont_Etica_Negativo,0.0,-0.06834085335022719,-0.06834085285663605
1mtw2r6,test,ont_Tecnologia_Neutro,0.0,-0.27668578554642986,-0.27668577432632446
1mysdnr,test,ont_domain_density,0.07142857142857142,0.1350417581149973,0.1350417584180832
1mysdnr,test,ont_total_negativo_mentions,0.0,-0.21001172000820306,-0.21001172065734863
1mysdnr,test,ont_InteligenciaArtificial_Negativo,0.0,-0.19168298382244495,-0.19168297946453094
1mysdnr,test,ont_Innovacion_Neutro,0.0,-0.16443598256119465,-0.1644359827041626
1mysdnr,test,ont_Etica_Negativo,0.0,-0.06834085335022719,-0.06834085285663605
1mysdnr,test,ont_Tecnologia_Neutro,0.0,-0.27668578554642986,-0.27668577432632446
1mz7y5h,test,ont_domain_density,0.0625,-0.025106821756488196,-0.025106821209192276
1mz7y5h,test,ont_total_negativo_mentions,0.0,-0.21001172000820306,-0.21001172065734863
1mz7y5h,test,ont_InteligenciaArtificial_Negativo,0.0,-0.19168298382244495,-0.19168297946453094
1mz7y5h,test,ont_Innovacion_Neutro,0.0,-0.16443598256119465,-0.1644359827041626
1mz7y5h,test,ont_Etica_Negativo,0.0,-0.06834085335022719,-0.06834085285663605
1mz7y5h,test,ont_Tecnologia_Neutro,0.0,-0.27668578554642986,-0.27668577432632446
1n2axrv,test,ont_domain_density,0.038461538461538464,-0.4562760752566416,-0.4562760889530182
1n2axrv,test,ont_total_negativo_mentions,0.0,-0.21001172000820306,-0.21001172065734863
1n2axrv,test,ont_InteligenciaArtificial_Negativo,0.0,-0.19168298382244495,-0.19168297946453094
1n2axrv,test,ont_Innovacion_Neutro,0.0,-0.16443598256119465,-0.1644359827041626
1n2axrv,test,ont_Etica_Negativo,0.0,-0.06834085335022719,-0.06834085285663605
1n2axrv,test,ont_Tecnologia_Neutro,0.0,-0.27668578554642986,-0.27668577432632446
1n0k2w7,test,ont_domain_density,0.0,-1.146146880856887,-1.1461468935012817
1n0k2w7,test,ont_total_negativo_mentions,0.0,-0.21001172000820306,-0.21001172065734863
1n0k2w7,test,ont_InteligenciaArtificial_Negativo,0.0,-0.19168298382244495,-0.19168297946453094
1n0k2w7,test,ont_Innovacion_Neutro,0.0,-0.16443598256119465,-0.1644359827041626
1n0k2w7,test,ont_Etica_Negativo,0.0,-0.06834085335022719,-0.06834085285663605
1n0k2w7,test,ont_Tecnologia_Neutro,0.0,-0.27668578554642986,-0.27668577432632446
1n1htds,test,ont_domain_density,0.1,0.6475172137037513,0.647517204284668
1n1htds,test,ont_total_negativo_mentions,0.0,-0.21001172000820306,-0.21001172065734863
1n1htds,test,ont_InteligenciaArtificial_Negativo,0.0,-0.19168298382244495,-0.19168297946453094
1n1htds,test,ont_Innovacion_Neutro,0.0,-0.16443598256119465,-0.1644359827041626
1n1htds,test,ont_Etica_Negativo,0.0,-0.06834085335022719,-0.06834085285663605
1n1htds,test,ont_Tecnologia_Neutro,0.0,-0.27668578554642986,-0.27668577432632446
1n2dkvt,test,ont_domain_density,0.038461538461538464,-0.4562760752566416,-0.4562760889530182
1n2dkvt,test,ont_total_negativo_mentions,0.0,-0.21001172000820306,-0.21001172065734863
1n2dkvt,test,ont_InteligenciaArtificial_Negativo,0.0,-0.19168298382244495,-0.19168297946453094
1n2dkvt,test,ont_Innovacion_Neutro,0.0,-0.16443598256119465,-0.1644359827041626
1n2dkvt,test,ont_Etica_Negativo,0.0,-0.06834085335022719,-0.06834085285663605
1n2dkvt,test,ont_Tecnologia_Neutro,0.0,-0.27668578554642986,-0.27668577432632446
1myaljs,test,ont_domain_density,0.06666666666666667,0.04962918218353839,0.04962918162345886
1myaljs,test,ont_total_negativo_mentions,0.0,-0.21001172000820306,-0.21001172065734863
1myaljs,test,ont_InteligenciaArtificial_Negativo,0.0,-0.19168298382244495,-0.19168297946453094
1myaljs,test,ont_Innovacion_Neutro,0.0,-0.16443598256119465,-0.1644359827041626
1myaljs,test,ont_Etica_Negativo,0.0,-0.06834085335022719,-0.06834085285663605
1myaljs,test,ont_Tecnologia_Neutro,0.0,-0.27668578554642986,-0.27668577432632446
1n1q5u8,test,ont_domain_density,0.047619047619047616,-0.29202112154229753,-0.29202112555503845
1n1q5u8,test,ont_total_negativo_mentions,0.0,-0.21001172000820306,-0.21001172065734863
1n1q5u8,test,ont_InteligenciaArtificial_Negativo,0.0,-0.19168298382244495,-0.19168297946453094
1n1q5u8,test,ont_Innovacion_Neutro,0.0,-0.16443598256119465,-0.1644359827041626
1n1q5u8,test,ont_Etica_Negativo,0.0,-0.06834085335022719,-0.06834085285663605
1n1q5u8,test,ont_Tecnologia_Neutro,0.0,-0.27668578554642986,-0.27668577432632446
1n1hvhq,test,ont_domain_density,0.02631578947368421,-0.6741300138672455,-0.6741300225257874
1n1hvhq,test,ont_total_negativo_mentions,0.0,-0.21001172000820306,-0.21001172065734863
1n1hvhq,test,ont_InteligenciaArtificial_Negativo,0.0,-0.19168298382244495,-0.19168297946453094
1n1hvhq,test,ont_Innovacion_Neutro,0.0,-0.16443598256119465,-0.1644359827041626
1n1hvhq,test,ont_Etica_Negativo,0.0,-0.06834085335022719,-0.06834085285663605
1n1hvhq,test,ont_Tecnologia_Neutro,0.0,-0.27668578554642986,-0.27668577432632446
1my14fc,test,ont_domain_density,0.03333333333333333,-0.5482588493366743,-0.5482588410377502
1my14fc,test,ont_total_negativo_mentions,0.0,-0.21001172000820306,-0.21001172065734863
1my14fc,test,ont_InteligenciaArtificial_Negativo,0.0,-0.19168298382244495,-0.19168297946453094
1my14fc,test,ont_Innovacion_Neutro,0.0,-0.16443598256119465,-0.1644359827041626
1my14fc,test,ont_Etica_Negativo,0.0,-0.06834085335022719,-0.06834085285663605
1my14fc,test,ont_Tecnologia_Neutro,0.0,-0.27668578554642986,-0.27668577432632446
1n0of2u,test,ont_domain_density,0.08333333333333333,0.3485731979436447,0.3485732078552246
1n0of2u,test,ont_total_negativo_mentions,0.0,-0.21001172000820306,-0.21001172065734863
1n0of2u,test,ont_InteligenciaArtificial_Negativo,0.0,-0.19168298382244495,-0.19168297946453094
1n0of2u,test,ont_Innovacion_Neutro,0.0,-0.16443598256119465,-0.1644359827041626
1n0of2u,test,ont_Etica_Negativo,0.0,-0.06834085335022719,-0.06834085285663605
1n0of2u,test,ont_Tecnologia_Neutro,0.0,-0.27668578554642986,-0.27668577432632446
1my1b3t,test,ont_domain_density,0.07692307692307693,0.23359473034360395,0.23359473049640656
1my1b3t,test,ont_total_negativo_mentions,0.0,-0.21001172000820306,-0.21001172065734863
1my1b3t,test,ont_InteligenciaArtificial_Negativo,0.0,-0.19168298382244495,-0.19168297946453094
1my1b3t,test,ont_Innovacion_Neutro,0.0,-0.16443598256119465,-0.1644359827041626
1my1b3t,test,ont_Etica_Negativo,0.0,-0.06834085335022719,-0.06834085285663605
1my1b3t,test,ont_Tecnologia_Neutro,0.0,-0.27668578554642986,-0.27668577432632446
1myui69,test,ont_domain_density,0.08333333333333333,0.3485731979436447,0.3485732078552246
1myui69,test,ont_total_negativo_mentions,0.0,-0.21001172000820306,-0.21001172065734863
1myui69,test,ont_InteligenciaArtificial_Negativo,0.0,-0.19168298382244495,-0.19168297946453094
1myui69,test,ont_Innovacion_Neutro,0.0,-0.16443598256119465,-0.1644359827041626
1myui69,test,ont_Etica_Negativo,0.0,-0.06834085335022719,-0.06834085285663605
1myui69,test,ont_Tecnologia_Neutro,0.0,-0.27668578554642986,-0.27668577432632446
1n1oihz,test,ont_domain_density,0.1111111111111111,0.8468132242104887,0.8468132019042969
1n1oihz,test,ont_total_negativo_mentions,0.0,-0.21001172000820306,-0.21001172065734863
1n1oihz,test,ont_InteligenciaArtificial_Negativo,0.0,-0.19168298382244495,-0.19168297946453094
1n1oihz,test,ont_Innovacion_Neutro,0.0,-0.16443598256119465,-0.1644359827041626
1n1oihz,test,ont_Etica_Negativo,0.0,-0.06834085335022719,-0.06834085285663605
1n1oihz,test,ont_Tecnologia_Neutro,1.0,1.2450860349589343,1.2450860738754272
1mrao4m,test,ont_domain_density,0.08333333333333333,0.3485731979436447,0.3485732078552246
1mrao4m,test,ont_total_negativo_mentions,0.0,-0.21001172000820306,-0.21001172065734863
1mrao4m,test,ont_InteligenciaArtificial_Negativo,0.0,-0.19168298382244495,-0.19168297946453094
1mrao4m,test,ont_Innovacion_Neutro,0.0,-0.16443598256119465,-0.1644359827041626
1mrao4m,test,ont_Etica_Negativo,0.0,-0.06834085335022719,-0.06834085285663605
1mrao4m,test,ont_Tecnologia_Neutro,0.0,-0.27668578554642986,-0.27668577432632446
1n0f7yj,test,ont_domain_density,0.08333333333333333,0.3485731979436447,0.3485732078552246
1n0f7yj,test,ont_total_negativo_mentions,0.0,-0.21001172000820306,-0.21001172065734863
1n0f7yj,test,ont_InteligenciaArtificial_Negativo,0.0,-0.19168298382244495,-0.19168297946453094
1n0f7yj,test,ont_Innovacion_Neutro,0.0,-0.16443598256119465,-0.1644359827041626
1n0f7yj,test,ont_Etica_Negativo,0.0,-0.06834085335022719,-0.06834085285663605
1n0f7yj,test,ont_Tecnologia_Neutro,0.0,-0.27668578554642986,-0.27668577432632446
1n1ozoi,test,ont_domain_density,0.08333333333333333,0.3485731979436447,0.3485732078552246
1n1ozoi,test,ont_total_negativo_mentions,0.0,-0.21001172000820306,-0.21001172065734863
1n1ozoi,test,ont_InteligenciaArtificial_Negativo,0.0,-0.19168298382244495,-0.19168297946453094
1n1ozoi,test,ont_Innovacion_Neutro,0.0,-0.16443598256119465,-0.1644359827041626
1n1ozoi,test,ont_Etica_Negativo,0.0,-0.06834085335022719,-0.06834085285663605
1n1ozoi,test,ont_Tecnologia_Neutro,0.0,-0.27668578554642986,-0.27668577432632446
1n34aum,test,ont_domain_density,0.1,0.6475172137037513,0.647517204284668
1n34aum,test,ont_total_negativo_mentions,0.0,-0.21001172000820306,-0.21001172065734863
1n34aum,test,ont_InteligenciaArtificial_Negativo,0.0,-0.19168298382244495,-0.19168297946453094
1n34aum,test,ont_Innovacion_Neutro,0.0,-0.16443598256119465,-0.1644359827041626
1n34aum,test,ont_Etica_Negativo,0.0,-0.06834085335022719,-0.06834085285663605
1n34aum,test,ont_Tecnologia_Neutro,0.0,-0.27668578554642986,-0.27668577432632446
1mzo9bh,test,ont_domain_density,0.013986013986013986,-0.8952847697295252,-0.8952847719192505
1mzo9bh,test,ont_total_negativo_mentions,0.0,-0.21001172000820306,-0.21001172065734863
1mzo9bh,test,ont_InteligenciaArtificial_Negativo,0.0,-0.19168298382244495,-0.19168297946453094
1mzo9bh,test,ont_Innovacion_Neutro,0.0,-0.16443598256119465,-0.1644359827041626
1mzo9bh,test,ont_Etica_Negativo,0.0,-0.06834085335022719,-0.06834085285663605
1mzo9bh,test,ont_Tecnologia_Neutro,1.0,1.2450860349589343,1.2450860738754272
1n1lqwu,test,ont_domain_density,0.1,0.6475172137037513,0.647517204284668
1n1lqwu,test,ont_total_negativo_mentions,1.0,3.1226332794662324,3.122633218765259
1n1lqwu,test,ont_InteligenciaArtificial_Negativo,1.0,4.333905512278206,4.3339056968688965
1n1lqwu,test,ont_Innovacion_Neutro,0.0,-0.16443598256119465,-0.1644359827041626
1n1lqwu,test,ont_Etica_Negativo,0.0,-0.06834085335022719,-0.06834085285663605
1n1lqwu,test,ont_Tecnologia_Neutro,0.0,-0.27668578554642986,-0.27668577432632446
1mysu40,test,ont_domain_density,0.045454545454545456,-0.3308450196929606,-0.33084502816200256
1mysu40,test,ont_total_negativo_mentions,0.0,-0.21001172000820306,-0.21001172065734863
1mysu40,test,ont_InteligenciaArtificial_Negativo,0.0,-0.19168298382244495,-0.19168297946453094
1mysu40,test,ont_Innovacion_Neutro,0.0,-0.16443598256119465,-0.1644359827041626
1mysu40,test,ont_Etica_Negativo,0.0,-0.06834085335022719,-0.06834085285663605
1mysu40,test,ont_Tecnologia_Neutro,0.0,-0.27668578554642986,-0.27668577432632446
1mxx0b5,test,ont_domain_density,0.1111111111111111,0.8468132242104887,0.8468132019042969
1mxx0b5,test,ont_total_negativo_mentions,0.0,-0.21001172000820306,-0.21001172065734863
1mxx0b5,test,ont_InteligenciaArtificial_Negativo,0.0,-0.19168298382244495,-0.19168297946453094
1mxx0b5,test,ont_Innovacion_Neutro,0.0,-0.16443598256119465,-0.1644359827041626
1mxx0b5,test,ont_Etica_Negativo,0.0,-0.06834085335022719,-0.06834085285663605
1mxx0b5,test,ont_Tecnologia_Neutro,0.0,-0.27668578554642986,-0.27668577432632446
1n3d70x,test,ont_domain_density,0.08333333333333333,0.3485731979436447,0.3485732078552246
1n3d70x,test,ont_total_negativo_mentions,0.0,-0.21001172000820306,-0.21001172065734863
1n3d70x,test,ont_InteligenciaArtificial_Negativo,0.0,-0.19168298382244495,-0.19168297946453094
1n3d70x,test,ont_Innovacion_Neutro,0.0,-0.16443598256119465,-0.1644359827041626
1n3d70x,test,ont_Etica_Negativo,0.0,-0.06834085335022719,-0.06834085285663605
1n3d70x,test,ont_Tecnologia_Neutro,0.0,-0.27668578554642986,-0.27668577432632446
1n20qyo,test,ont_domain_density,0.125,1.0959332373439108,1.095933198928833
1n20qyo,test,ont_total_negativo_mentions,0.0,-0.21001172000820306,-0.21001172065734863
1n20qyo,test,ont_InteligenciaArtificial_Negativo,0.0,-0.19168298382244495,-0.19168297946453094
1n20qyo,test,ont_Innovacion_Neutro,0.0,-0.16443598256119465,-0.1644359827041626
1n20qyo,test,ont_Etica_Negativo,0.0,-0.06834085335022719,-0.06834085285663605
1n20qyo,test,ont_Tecnologia_Neutro,0.0,-0.27668578554642986,-0.27668577432632446
1n34p2j,test,ont_domain_density,0.08333333333333333,0.3485731979436447,0.3485732078552246
1n34p2j,test,ont_total_negativo_mentions,0.0,-0.21001172000820306,-0.21001172065734863
1n34p2j,test,ont_InteligenciaArtificial_Negativo,0.0,-0.19168298382244495,-0.19168297946453094
1n34p2j,test,ont_Innovacion_Neutro,0.0,-0.16443598256119465,-0.1644359827041626
1n34p2j,test,ont_Etica_Negativo,0.0,-0.06834085335022719,-0.06834085285663605
1n34p2j,test,ont_Tecnologia_Neutro,0.0,-0.27668578554642986,-0.27668577432632446
1mua4z8,test,ont_domain_density,0.09090909090909091,0.4844568414709659,0.4844568371772766
1mua4z8,test,ont_total_negativo_mentions,0.0,-0.21001172000820306,-0.21001172065734863
1mua4z8,test,ont_InteligenciaArtificial_Negativo,0.0,-0.19168298382244495,-0.19168297946453094
1mua4z8,test,ont_Innovacion_Neutro,0.0,-0.16443598256119465,-0.1644359827041626
1mua4z8,test,ont_Etica_Negativo,0.0,-0.06834085335022719,-0.06834085285663605
1mua4z8,test,ont_Tecnologia_Neutro,0.0,-0.27668578554642986,-0.27668577432632446
1mxnb6o,test,ont_domain_density,0.08333333333333333,0.3485731979436447,0.3485732078552246
1mxnb6o,test,ont_total_negativo_mentions,0.0,-0.21001172000820306,-0.21001172065734863
1mxnb6o,test,ont_InteligenciaArtificial_Negativo,0.0,-0.19168298382244495,-0.19168297946453094
1mxnb6o,test,ont_Innovacion_Neutro,0.0,-0.16443598256119465,-0.1644359827041626
1mxnb6o,test,ont_Etica_Negativo,0.0,-0.06834085335022719,-0.06834085285663605
1mxnb6o,test,ont_Tecnologia_Neutro,0.0,-0.27668578554642986,-0.27668577432632446
1mvsxls,test,ont_domain_density,0.1,0.6475172137037513,0.647517204284668
1mvsxls,test,ont_total_negativo_mentions,0.0,-0.21001172000820306,-0.21001172065734863
1mvsxls,test,ont_InteligenciaArtificial_Negativo,0.0,-0.19168298382244495,-0.19168297946453094
1mvsxls,test,ont_Innovacion_Neutro,0.0,-0.16443598256119465,-0.1644359827041626
1mvsxls,test,ont_Etica_Negativo,0.0,-0.06834085335022719,-0.06834085285663605
1mvsxls,test,ont_Tecnologia_Neutro,0.0,-0.27668578554642986,-0.27668577432632446
1n2wdts,test,ont_domain_density,0.08333333333333333,0.3485731979436447,0.3485732078552246
1n2wdts,test,ont_total_negativo_mentions,0.0,-0.21001172000820306,-0.21001172065734863
1n2wdts,test,ont_InteligenciaArtificial_Negativo,0.0,-0.19168298382244495,-0.19168297946453094
1n2wdts,test,ont_Innovacion_Neutro,0.0,-0.16443598256119465,-0.1644359827041626
1n2wdts,test,ont_Etica_Negativo,0.0,-0.06834085335022719,-0.06834085285663605
1n2wdts,test,ont_Tecnologia_Neutro,0.0,-0.27668578554642986,-0.27668577432632446
1n1i6t6,test,ont_domain_density,0.1,0.6475172137037513,0.647517204284668
1n1i6t6,test,ont_total_negativo_mentions,0.0,-0.21001172000820306,-0.21001172065734863
1n1i6t6,test,ont_InteligenciaArtificial_Negativo,0.0,-0.19168298382244495,-0.19168297946453094
1n1i6t6,test,ont_Innovacion_Neutro,0.0,-0.16443598256119465,-0.1644359827041626
1n1i6t6,test,ont_Etica_Negativo,0.0,-0.06834085335022719,-0.06834085285663605
1n1i6t6,test,ont_Tecnologia_Neutro,0.0,-0.27668578554642986,-0.27668577432632446
1n3hm5m,test,ont_domain_density,0.08333333333333333,0.3485731979436447,0.3485732078552246
1n3hm5m,test,ont_total_negativo_mentions,0.0,-0.21001172000820306,-0.21001172065734863
1n3hm5m,test,ont_InteligenciaArtificial_Negativo,0.0,-0.19168298382244495,-0.19168297946453094
1n3hm5m,test,ont_Innovacion_Neutro,0.0,-0.16443598256119465,-0.1644359827041626
1n3hm5m,test,ont_Etica_Negativo,0.0,-0.06834085335022719,-0.06834085285663605
1n3hm5m,test,ont_Tecnologia_Neutro,0.0,-0.27668578554642986,-0.27668577432632446
1n377mn,test,ont_domain_density,0.03225806451612903,-0.5675455600308748,-0.5675455331802368
1n377mn,test,ont_total_negativo_mentions,0.0,-0.21001172000820306,-0.21001172065734863
1n377mn,test,ont_InteligenciaArtificial_Negativo,0.0,-0.19168298382244495,-0.19168297946453094
1n377mn,test,ont_Innovacion_Neutro,0.0,-0.16443598256119465,-0.1644359827041626
1n377mn,test,ont_Etica_Negativo,0.0,-0.06834085335022719,-0.06834085285663605
1n377mn,test,ont_Tecnologia_Neutro,0.0,-0.27668578554642986,-0.27668577432632446
1n1mbsv,test,ont_domain_density,0.043478260869565216,-0.3662929267000879,-0.36629292368888855
1n1mbsv,test,ont_total_negativo_mentions,0.0,-0.21001172000820306,-0.21001172065734863
1n1mbsv,test,ont_InteligenciaArtificial_Negativo,0.0,-0.19168298382244495,-0.19168297946453094
1n1mbsv,test,ont_Innovacion_Neutro,0.0,-0.16443598256119465,-0.1644359827041626
1n1mbsv,test,ont_Etica_Negativo,0.0,-0.06834085335022719,-0.06834085285663605
1n1mbsv,test,ont_Tecnologia_Neutro,0.0,-0.27668578554642986,-0.27668577432632446
1mvjllq,test,ont_domain_density,0.0,-1.146146880856887,-1.1461468935012817
1mvjllq,test,ont_total_negativo_mentions,0.0,-0.21001172000820306,-0.21001172065734863
1mvjllq,test,ont_InteligenciaArtificial_Negativo,0.0,-0.19168298382244495,-0.19168297946453094
1mvjllq,test,ont_Innovacion_Neutro,0.0,-0.16443598256119465,-0.1644359827041626
1mvjllq,test,ont_Etica_Negativo,0.0,-0.06834085335022719,-0.06834085285663605
1mvjllq,test,ont_Tecnologia_Neutro,0.0,-0.27668578554642986,-0.27668577432632446
1mzyjxb,test,ont_domain_density,0.0,-1.146146880856887,-1.1461468935012817
1mzyjxb,test,ont_total_negativo_mentions,0.0,-0.21001172000820306,-0.21001172065734863
1mzyjxb,test,ont_InteligenciaArtificial_Negativo,0.0,-0.19168298382244495,-0.19168297946453094
1mzyjxb,test,ont_Innovacion_Neutro,0.0,-0.16443598256119465,-0.1644359827041626
1mzyjxb,test,ont_Etica_Negativo,0.0,-0.06834085335022719,-0.06834085285663605
1mzyjxb,test,ont_Tecnologia_Neutro,0.0,-0.27668578554642986,-0.27668577432632446
1n3bubx,test,ont_domain_density,0.125,1.0959332373439108,1.095933198928833
1n3bubx,test,ont_total_negativo_mentions,1.0,3.1226332794662324,3.122633218765259
1n3bubx,test,ont_InteligenciaArtificial_Negativo,1.0,4.333905512278206,4.3339056968688965
1n3bubx,test,ont_Innovacion_Neutro,0.0,-0.16443598256119465,-0.1644359827041626
1n3bubx,test,ont_Etica_Negativo,0.0,-0.06834085335022719,-0.06834085285663605
1n3bubx,test,ont_Tecnologia_Neutro,0.0,-0.27668578554642986,-0.27668577432632446
1mzbqnl,test,ont_domain_density,0.0,-1.146146880856887,-1.1461468935012817
1mzbqnl,test,ont_total_negativo_mentions,0.0,-0.21001172000820306,-0.21001172065734863
1mzbqnl,test,ont_InteligenciaArtificial_Negativo,0.0,-0.19168298382244495,-0.19168297946453094
1mzbqnl,test,ont_Innovacion_Neutro,0.0,-0.16443598256119465,-0.1644359827041626
1mzbqnl,test,ont_Etica_Negativo,0.0,-0.06834085335022719,-0.06834085285663605
1mzbqnl,test,ont_Tecnologia_Neutro,0.0,-0.27668578554642986,-0.27668577432632446
1n0rcvb,test,ont_domain_density,0.06666666666666667,0.04962918218353839,0.04962918162345886
1n0rcvb,test,ont_total_negativo_mentions,0.0,-0.21001172000820306,-0.21001172065734863
1n0rcvb,test,ont_InteligenciaArtificial_Negativo,0.0,-0.19168298382244495,-0.19168297946453094
1n0rcvb,test,ont_Innovacion_Neutro,0.0,-0.16443598256119465,-0.1644359827041626
1n0rcvb,test,ont_Etica_Negativo,0.0,-0.06834085335022719,-0.06834085285663605
1n0rcvb,test,ont_Tecnologia_Neutro,0.0,-0.27668578554642986,-0.27668577432632446
1mzn4bc,test,ont_domain_density,0.05,-0.24931483357656795,-0.2493148297071457
1mzn4bc,test,ont_total_negativo_mentions,0.0,-0.21001172000820306,-0.21001172065734863
1mzn4bc,test,ont_InteligenciaArtificial_Negativo,0.0,-0.19168298382244495,-0.19168297946453094
1mzn4bc,test,ont_Innovacion_Neutro,0.0,-0.16443598256119465,-0.1644359827041626
1mzn4bc,test,ont_Etica_Negativo,0.0,-0.06834085335022719,-0.06834085285663605
1mzn4bc,test,ont_Tecnologia_Neutro,0.0,-0.27668578554642986,-0.27668577432632446
1mz8zra,test,ont_domain_density,0.007042253521126761,-1.0198325080005042,-1.0198324918746948
1mz8zra,test,ont_total_negativo_mentions,0.0,-0.21001172000820306,-0.21001172065734863
1mz8zra,test,ont_InteligenciaArtificial_Negativo,0.0,-0.19168298382244495,-0.19168297946453094
1mz8zra,test,ont_Innovacion_Neutro,0.0,-0.16443598256119465,-0.1644359827041626
1mz8zra,test,ont_Etica_Negativo,0.0,-0.06834085335022719,-0.06834085285663605
1mz8zra,test,ont_Tecnologia_Neutro,0.0,-0.27668578554642986,-0.27668577432632446
1myyx7w,test,ont_domain_density,0.16666666666666666,1.8432932767441765,1.843293309211731
1myyx7w,test,ont_total_negativo_mentions,0.0,-0.21001172000820306,-0.21001172065734863
1myyx7w,test,ont_InteligenciaArtificial_Negativo,0.0,-0.19168298382244495,-0.19168297946453094
1myyx7w,test,ont_Innovacion_Neutro,0.0,-0.16443598256119465,-0.1644359827041626
1myyx7w,test,ont_Etica_Negativo,0.0,-0.06834085335022719,-0.06834085285663605
1myyx7w,test,ont_Tecnologia_Neutro,1.0,1.2450860349589343,1.2450860738754272
1mwdsym,test,ont_domain_density,0.0,-1.146146880856887,-1.1461468935012817
1mwdsym,test,ont_total_negativo_mentions,0.0,-0.21001172000820306,-0.21001172065734863
1mwdsym,test,ont_InteligenciaArtificial_Negativo,0.0,-0.19168298382244495,-0.19168297946453094
1mwdsym,test,ont_Innovacion_Neutro,0.0,-0.16443598256119465,-0.1644359827041626
1mwdsym,test,ont_Etica_Negativo,0.0,-0.06834085335022719,-0.06834085285663605
1mwdsym,test,ont_Tecnologia_Neutro,0.0,-0.27668578554642986,-0.27668577432632446
1n34bp0,test,ont_domain_density,0.04,-0.4286812430326318,-0.42868125438690186
1n34bp0,test,ont_total_negativo_mentions,0.0,-0.21001172000820306,-0.21001172065734863
1n34bp0,test,ont_InteligenciaArtificial_Negativo,0.0,-0.19168298382244495,-0.19168297946453094
1n34bp0,test,ont_Innovacion_Neutro,0.0,-0.16443598256119465,-0.1644359827041626
1n34bp0,test,ont_Etica_Negativo,0.0,-0.06834085335022719,-0.06834085285663605
1n34bp0,test,ont_Tecnologia_Neutro,0.0,-0.27668578554642986,-0.27668577432632446
1n0nvk5,test,ont_domain_density,0.016666666666666666,-0.8472028650967808,-0.8472028374671936
1n0nvk5,test,ont_total_negativo_mentions,0.0,-0.21001172000820306,-0.21001172065734863
1n0nvk5,test,ont_InteligenciaArtificial_Negativo,0.0,-0.19168298382244495,-0.19168297946453094
1n0nvk5,test,ont_Innovacion_Neutro,1.0,5.324323711205579,5.324323654174805
1n0nvk5,test,ont_Etica_Negativo,0.0,-0.06834085335022719,-0.06834085285663605
1n0nvk5,test,ont_Tecnologia_Neutro,0.0,-0.27668578554642986,-0.27668577432632446
1myajbg,test,ont_domain_density,0.045454545454545456,-0.3308450196929606,-0.33084502816200256
1myajbg,test,ont_total_negativo_mentions,0.0,-0.21001172000820306,-0.21001172065734863
1myajbg,test,ont_InteligenciaArtificial_Negativo,0.0,-0.19168298382244495,-0.19168297946453094
1myajbg,test,ont_Innovacion_Neutro,0.0,-0.16443598256119465,-0.1644359827041626
1myajbg,test,ont_Etica_Negativo,0.0,-0.06834085335022719,-0.06834085285663605
1myajbg,test,ont_Tecnologia_Neutro,0.0,-0.27668578554642986,-0.27668577432632446
1mzw58j,test,ont_domain_density,0.2,2.44118130826439,2.4411814212799072
1mzw58j,test,ont_total_negativo_mentions,0.0,-0.21001172000820306,-0.21001172065734863
1mzw58j,test,ont_InteligenciaArtificial_Negativo,0.0,-0.19168298382244495,-0.19168297946453094
1mzw58j,test,ont_Innovacion_Neutro,0.0,-0.16443598256119465,-0.1644359827041626
1mzw58j,test,ont_Etica_Negativo,0.0,-0.06834085335022719,-0.06834085285663605
1mzw58j,test,ont_Tecnologia_Neutro,0.0,-0.27668578554642986,-0.27668577432632446
1n0qxw7,test,ont_domain_density,0.0,-1.146146880856887,-1.1461468935012817
1n0qxw7,test,ont_total_negativo_mentions,0.0,-0.21001172000820306,-0.21001172065734863
1n0qxw7,test,ont_InteligenciaArtificial_Negativo,0.0,-0.19168298382244495,-0.19168297946453094
1n0qxw7,test,ont_Innovacion_Neutro,0.0,-0.16443598256119465,-0.1644359827041626
1n0qxw7,test,ont_Etica_Negativo,0.0,-0.06834085335022719,-0.06834085285663605
1n0qxw7,test,ont_Tecnologia_Neutro,0.0,-0.27668578554642986,-0.27668577432632446
1mrndkp,test,ont_domain_density,0.1111111111111111,0.8468132242104887,0.8468132019042969
1mrndkp,test,ont_total_negativo_mentions,0.0,-0.21001172000820306,-0.21001172065734863
1mrndkp,test,ont_InteligenciaArtificial_Negativo,0.0,-0.19168298382244495,-0.19168297946453094
1mrndkp,test,ont_Innovacion_Neutro,0.0,-0.16443598256119465,-0.1644359827041626
1mrndkp,test,ont_Etica_Negativo,0.0,-0.06834085335022719,-0.06834085285663605
1mrndkp,test,ont_Tecnologia_Neutro,0.0,-0.27668578554642986,-0.27668577432632446
1n2yhr4,test,ont_domain_density,0.0,-1.146146880856887,-1.1461468935012817
1n2yhr4,test,ont_total_negativo_mentions,0.0,-0.21001172000820306,-0.21001172065734863
1n2yhr4,test,ont_InteligenciaArtificial_Negativo,0.0,-0.19168298382244495,-0.19168297946453094
1n2yhr4,test,ont_Innovacion_Neutro,0.0,-0.16443598256119465,-0.1644359827041626
1n2yhr4,test,ont_Etica_Negativo,0.0,-0.06834085335022719,-0.06834085285663605
1n2yhr4,test,ont_Tecnologia_Neutro,0.0,-0.27668578554642986,-0.27668577432632446
1mukgv0,test,ont_domain_density,0.16666666666666666,1.8432932767441765,1.843293309211731
1mukgv0,test,ont_total_negativo_mentions,0.0,-0.21001172000820306,-0.21001172065734863
1mukgv0,test,ont_InteligenciaArtificial_Negativo,0.0,-0.19168298382244495,-0.19168297946453094
1mukgv0,test,ont_Innovacion_Neutro,0.0,-0.16443598256119465,-0.1644359827041626
1mukgv0,test,ont_Etica_Negativo,0.0,-0.06834085335022719,-0.06834085285663605
1mukgv0,test,ont_Tecnologia_Neutro,0.0,-0.27668578554642986,-0.27668577432632446
1n3dr35,test,ont_domain_density,0.08,0.28878439479162354,0.288784384727478
1n3dr35,test,ont_total_negativo_mentions,0.0,-0.21001172000820306,-0.21001172065734863
1n3dr35,test,ont_InteligenciaArtificial_Negativo,0.0,-0.19168298382244495,-0.19168297946453094
1n3dr35,test,ont_Innovacion_Neutro,0.0,-0.16443598256119465,-0.1644359827041626
1n3dr35,test,ont_Etica_Negativo,0.0,-0.06834085335022719,-0.06834085285663605
1n3dr35,test,ont_Tecnologia_Neutro,0.0,-0.27668578554642986,-0.27668577432632446
1mx3mh8,test,ont_domain_density,0.08333333333333333,0.3485731979436447,0.3485732078552246
1mx3mh8,test,ont_total_negativo_mentions,0.0,-0.21001172000820306,-0.21001172065734863
1mx3mh8,test,ont_InteligenciaArtificial_Negativo,0.0,-0.19168298382244495,-0.19168297946453094
1mx3mh8,test,ont_Innovacion_Neutro,0.0,-0.16443598256119465,-0.1644359827041626
1mx3mh8,test,ont_Etica_Negativo,0.0,-0.06834085335022719,-0.06834085285663605
1mx3mh8,test,ont_Tecnologia_Neutro,0.0,-0.27668578554642986,-0.27668577432632446
1n0zve8,test,ont_domain_density,0.07692307692307693,0.23359473034360395,0.23359473049640656
1n0zve8,test,ont_total_negativo_mentions,0.0,-0.21001172000820306,-0.21001172065734863
1n0zve8,test,ont_InteligenciaArtificial_Negativo,0.0,-0.19168298382244495,-0.19168297946453094
1n0zve8,test,ont_Innovacion_Neutro,0.0,-0.16443598256119465,-0.1644359827041626
1n0zve8,test,ont_Etica_Negativo,0.0,-0.06834085335022719,-0.06834085285663605
1n0zve8,test,ont_Tecnologia_Neutro,0.0,-0.27668578554642986,-0.27668577432632446
1mxx643,test,ont_domain_density,0.18181818181818182,2.115060563798819,2.115060567855835
1mxx643,test,ont_total_negativo_mentions,0.0,-0.21001172000820306,-0.21001172065734863
1mxx643,test,ont_InteligenciaArtificial_Negativo,0.0,-0.19168298382244495,-0.19168297946453094
1mxx643,test,ont_Innovacion_Neutro,0.0,-0.16443598256119465,-0.1644359827041626
1mxx643,test,ont_Etica_Negativo,0.0,-0.06834085335022719,-0.06834085285663605
1mxx643,test,ont_Tecnologia_Neutro,0.0,-0.27668578554642986,-0.27668577432632446
1my0t4v,test,ont_domain_density,0.0625,-0.025106821756488196,-0.025106821209192276
1my0t4v,test,ont_total_negativo_mentions,0.0,-0.21001172000820306,-0.21001172065734863
1my0t4v,test,ont_InteligenciaArtificial_Negativo,0.0,-0.19168298382244495,-0.19168297946453094
1my0t4v,test,ont_Innovacion_Neutro,0.0,-0.16443598256119465,-0.1644359827041626
1my0t4v,test,ont_Etica_Negativo,0.0,-0.06834085335022719,-0.06834085285663605
1my0t4v,test,ont_Tecnologia_Neutro,0.0,-0.27668578554642986,-0.27668577432632446
1mybwin,test,ont_domain_density,0.0,-1.146146880856887,-1.1461468935012817
1mybwin,test,ont_total_negativo_mentions,0.0,-0.21001172000820306,-0.21001172065734863
1mybwin,test,ont_InteligenciaArtificial_Negativo,0.0,-0.19168298382244495,-0.19168297946453094
1mybwin,test,ont_Innovacion_Neutro,0.0,-0.16443598256119465,-0.1644359827041626
1mybwin,test,ont_Etica_Negativo,0.0,-0.06834085335022719,-0.06834085285663605
1mybwin,test,ont_Tecnologia_Neutro,0.0,-0.27668578554642986,-0.27668577432632446
1n08xkr,test,ont_domain_density,0.07692307692307693,0.23359473034360395,0.23359473049640656
1n08xkr,test,ont_total_negativo_mentions,0.0,-0.21001172000820306,-0.21001172065734863
1n08xkr,test,ont_InteligenciaArtificial_Negativo,0.0,-0.19168298382244495,-0.19168297946453094
1n08xkr,test,ont_Innovacion_Neutro,0.0,-0.16443598256119465,-0.1644359827041626
1n08xkr,test,ont_Etica_Negativo,0.0,-0.06834085335022719,-0.06834085285663605
1n08xkr,test,ont_Tecnologia_Neutro,0.0,-0.27668578554642986,-0.27668577432632446
1n2jos3,test,ont_domain_density,0.1,0.6475172137037513,0.647517204284668
1n2jos3,test,ont_total_negativo_mentions,0.0,-0.21001172000820306,-0.21001172065734863
1n2jos3,test,ont_InteligenciaArtificial_Negativo,0.0,-0.19168298382244495,-0.19168297946453094
1n2jos3,test,ont_Innovacion_Neutro,0.0,-0.16443598256119465,-0.1644359827041626
1n2jos3,test,ont_Etica_Negativo,0.0,-0.06834085335022719,-0.06834085285663605
1n2jos3,test,ont_Tecnologia_Neutro,0.0,-0.27668578554642986,-0.27668577432632446
1n0f6zq,test,ont_domain_density,0.07692307692307693,0.23359473034360395,0.23359473049640656
1n0f6zq,test,ont_total_negativo_mentions,0.0,-0.21001172000820306,-0.21001172065734863
1n0f6zq,test,ont_InteligenciaArtificial_Negativo,0.0,-0.19168298382244495,-0.19168297946453094
1n0f6zq,test,ont_Innovacion_Neutro,0.0,-0.16443598256119465,-0.1644359827041626
1n0f6zq,test,ont_Etica_Negativo,0.0,-0.06834085335022719,-0.06834085285663605
1n0f6zq,test,ont_Tecnologia_Neutro,0.0,-0.27668578554642986,-0.27668577432632446
1n1si6b,test,ont_domain_density,0.08333333333333333,0.3485731979436447,0.3485732078552246
1n1si6b,test,ont_total_negativo_mentions,0.0,-0.21001172000820306,-0.21001172065734863
1n1si6b,test,ont_InteligenciaArtificial_Negativo,0.0,-0.19168298382244495,-0.19168297946453094
1n1si6b,test,ont_Innovacion_Neutro,0.0,-0.16443598256119465,-0.1644359827041626
1n1si6b,test,ont_Etica_Negativo,0.0,-0.06834085335022719,-0.06834085285663605
1n1si6b,test,ont_Tecnologia_Neutro,1.0,1.2450860349589343,1.2450860738754272
1mzrna3,test,ont_domain_density,0.06666666666666667,0.04962918218353839,0.04962918162345886
1mzrna3,test,ont_total_negativo_mentions,0.0,-0.21001172000820306,-0.21001172065734863
1mzrna3,test,ont_InteligenciaArtificial_Negativo,0.0,-0.19168298382244495,-0.19168297946453094
1mzrna3,test,ont_Innovacion_Neutro,0.0,-0.16443598256119465,-0.1644359827041626
1mzrna3,test,ont_Etica_Negativo,0.0,-0.06834085335022719,-0.06834085285663605
1mzrna3,test,ont_Tecnologia_Neutro,0.0,-0.27668578554642986,-0.27668577432632446
1n2d5tp,test,ont_domain_density,0.1,0.6475172137037513,0.647517204284668
1n2d5tp,test,ont_total_negativo_mentions,0.0,-0.21001172000820306,-0.21001172065734863
1n2d5tp,test,ont_InteligenciaArtificial_Negativo,0.0,-0.19168298382244495,-0.19168297946453094
1n2d5tp,test,ont_Innovacion_Neutro,0.0,-0.16443598256119465,-0.1644359827041626
1n2d5tp,test,ont_Etica_Negativo,0.0,-0.06834085335022719,-0.06834085285663605
1n2d5tp,test,ont_Tecnologia_Neutro,1.0,1.2450860349589343,1.2450860738754272
1mwy5jl,test,ont_domain_density,0.02564102564102564,-0.6862330104567235,-0.6862329840660095
1mwy5jl,test,ont_total_negativo_mentions,0.0,-0.21001172000820306,-0.21001172065734863
1mwy5jl,test,ont_InteligenciaArtificial_Negativo,0.0,-0.19168298382244495,-0.19168297946453094
1mwy5jl,test,ont_Innovacion_Neutro,0.0,-0.16443598256119465,-0.1644359827041626
1mwy5jl,test,ont_Etica_Negativo,0.0,-0.06834085335022719,-0.06834085285663605
1mwy5jl,test,ont_Tecnologia_Neutro,0.0,-0.27668578554642986,-0.27668577432632446
1n3x9ye,test,ont_domain_density,0.07692307692307693,0.23359473034360395,0.23359473049640656
1n3x9ye,test,ont_total_negativo_mentions,0.0,-0.21001172000820306,-0.21001172065734863
1n3x9ye,test,ont_InteligenciaArtificial_Negativo,0.0,-0.19168298382244495,-0.19168297946453094
1n3x9ye,test,ont_Innovacion_Neutro,0.0,-0.16443598256119465,-0.1644359827041626
1n3x9ye,test,ont_Etica_Negativo,0.0,-0.06834085335022719,-0.06834085285663605
1n3x9ye,test,ont_Tecnologia_Neutro,0.0,-0.27668578554642986,-0.27668577432632446
1n26kud,test,ont_domain_density,0.1,0.6475172137037513,0.647517204284668
1n26kud,test,ont_total_negativo_mentions,0.0,-0.21001172000820306,-0.21001172065734863
1n26kud,test,ont_InteligenciaArtificial_Negativo,0.0,-0.19168298382244495,-0.19168297946453094
1n26kud,test,ont_Innovacion_Neutro,0.0,-0.16443598256119465,-0.1644359827041626
1n26kud,test,ont_Etica_Negativo,0.0,-0.06834085335022719,-0.06834085285663605
1n26kud,test,ont_Tecnologia_Neutro,0.0,-0.27668578554642986,-0.27668577432632446
1mxciw8,test,ont_domain_density,0.025,-0.6977308572167276,-0.6977308392524719
1mxciw8,test,ont_total_negativo_mentions,0.0,-0.21001172000820306,-0.21001172065734863
1mxciw8,test,ont_InteligenciaArtificial_Negativo,0.0,-0.19168298382244495,-0.19168297946453094
1mxciw8,test,ont_Innovacion_Neutro,0.0,-0.16443598256119465,-0.1644359827041626
1mxciw8,test,ont_Etica_Negativo,0.0,-0.06834085335022719,-0.06834085285663605
1mxciw8,test,ont_Tecnologia_Neutro,0.0,-0.27668578554642986,-0.27668577432632446
1n3p33e,test,ont_domain_density,0.07692307692307693,0.23359473034360395,0.23359473049640656
1n3p33e,test,ont_total_negativo_mentions,0.0,-0.21001172000820306,-0.21001172065734863
1n3p33e,test,ont_InteligenciaArtificial_Negativo,0.0,-0.19168298382244495,-0.19168297946453094
1n3p33e,test,ont_Innovacion_Neutro,0.0,-0.16443598256119465,-0.1644359827041626
1n3p33e,test,ont_Etica_Negativo,0.0,-0.06834085335022719,-0.06834085285663605
1n3p33e,test,ont_Tecnologia_Neutro,0.0,-0.27668578554642986,-0.27668577432632446
1n3md2i,test,ont_domain_density,0.0,-1.146146880856887,-1.1461468935012817
1n3md2i,test,ont_total_negativo_mentions,0.0,-0.21001172000820306,-0.21001172065734863
1n3md2i,test,ont_InteligenciaArtificial_Negativo,0.0,-0.19168298382244495,-0.19168297946453094
1n3md2i,test,ont_Innovacion_Neutro,0.0,-0.16443598256119465,-0.1644359827041626
1n3md2i,test,ont_Etica_Negativo,0.0,-0.06834085335022719,-0.06834085285663605
1n3md2i,test,ont_Tecnologia_Neutro,0.0,-0.27668578554642986,-0.27668577432632446
1n3ygx4,test,ont_domain_density,0.05263157894736842,-0.20211314687760387,-0.20211315155029297
1n3ygx4,test,ont_total_negativo_mentions,0.0,-0.21001172000820306,-0.21001172065734863
1n3ygx4,test,ont_InteligenciaArtificial_Negativo,0.0,-0.19168298382244495,-0.19168297946453094
1n3ygx4,test,ont_Innovacion_Neutro,0.0,-0.16443598256119465,-0.1644359827041626
1n3ygx4,test,ont_Etica_Negativo,0.0,-0.06834085335022719,-0.06834085285663605
1n3ygx4,test,ont_Tecnologia_Neutro,0.0,-0.27668578554642986,-0.27668577432632446
1n1zg62,test,ont_domain_density,0.015267175572519083,-0.8723050343590798,-0.8723050355911255
1n1zg62,test,ont_total_negativo_mentions,0.0,-0.21001172000820306,-0.21001172065734863
1n1zg62,test,ont_InteligenciaArtificial_Negativo,0.0,-0.19168298382244495,-0.19168297946453094
1n1zg62,test,ont_Innovacion_Neutro,0.0,-0.16443598256119465,-0.1644359827041626
1n1zg62,test,ont_Etica_Negativo,0.0,-0.06834085335022719,-0.06834085285663605
1n1zg62,test,ont_Tecnologia_Neutro,0.0,-0.27668578554642986,-0.27668577432632446
1my2d76,test,ont_domain_density,0.0,-1.146146880856887,-1.1461468935012817
1my2d76,test,ont_total_negativo_mentions,0.0,-0.21001172000820306,-0.21001172065734863
1my2d76,test,ont_InteligenciaArtificial_Negativo,0.0,-0.19168298382244495,-0.19168297946453094
1my2d76,test,ont_Innovacion_Neutro,0.0,-0.16443598256119465,-0.1644359827041626
1my2d76,test,ont_Etica_Negativo,0.0,-0.06834085335022719,-0.06834085285663605
1my2d76,test,ont_Tecnologia_Neutro,0.0,-0.27668578554642986,-0.27668577432632446
1n1mh86,test,ont_domain_density,0.1111111111111111,0.8468132242104887,0.8468132019042969
1n1mh86,test,ont_total_negativo_mentions,0.0,-0.21001172000820306,-0.21001172065734863
1n1mh86,test,ont_InteligenciaArtificial_Negativo,0.0,-0.19168298382244495,-0.19168297946453094
1n1mh86,test,ont_Innovacion_Neutro,0.0,-0.16443598256119465,-0.1644359827041626
1n1mh86,test,ont_Etica_Negativo,0.0,-0.06834085335022719,-0.06834085285663605
1n1mh86,test,ont_Tecnologia_Neutro,0.0,-0.27668578554642986,-0.27668577432632446
1n40wdf,test,ont_domain_density,0.13333333333333333,1.245405245223964,1.2454051971435547
1n40wdf,test,ont_total_negativo_mentions,0.0,-0.21001172000820306,-0.21001172065734863
1n40wdf,test,ont_InteligenciaArtificial_Negativo,0.0,-0.19168298382244495,-0.19168297946453094
1n40wdf,test,ont_Innovacion_Neutro,0.0,-0.16443598256119465,-0.1644359827041626
1n40wdf,test,ont_Etica_Negativo,0.0,-0.06834085335022719,-0.06834085285663605
1n40wdf,test,ont_Tecnologia_Neutro,0.0,-0.27668578554642986,-0.27668577432632446
1n0sm95,test,ont_domain_density,0.043478260869565216,-0.3662929267000879,-0.36629292368888855
1n0sm95,test,ont_total_negativo_mentions,0.0,-0.21001172000820306,-0.21001172065734863
1n0sm95,test,ont_InteligenciaArtificial_Negativo,0.0,-0.19168298382244495,-0.19168297946453094
1n0sm95,test,ont_Innovacion_Neutro,0.0,-0.16443598256119465,-0.1644359827041626
1n0sm95,test,ont_Etica_Negativo,0.0,-0.06834085335022719,-0.06834085285663605
1n0sm95,test,ont_Tecnologia_Neutro,0.0,-0.27668578554642986,-0.27668577432632446
1n0f0r7,test,ont_domain_density,0.037037037037037035,-0.48182684583442853,-0.4818268418312073
1n0f0r7,test,ont_total_negativo_mentions,0.0,-0.21001172000820306,-0.21001172065734863
1n0f0r7,test,ont_InteligenciaArtificial_Negativo,0.0,-0.19168298382244495,-0.19168297946453094
1n0f0r7,test,ont_Innovacion_Neutro,0.0,-0.16443598256119465,-0.1644359827041626
1n0f0r7,test,ont_Etica_Negativo,0.0,-0.06834085335022719,-0.06834085285663605
1n0f0r7,test,ont_Tecnologia_Neutro,1.0,1.2450860349589343,1.2450860738754272
1n0lpbx,test,ont_domain_density,0.1,0.6475172137037513,0.647517204284668
1n0lpbx,test,ont_total_negativo_mentions,0.0,-0.21001172000820306,-0.21001172065734863
1n0lpbx,test,ont_InteligenciaArtificial_Negativo,0.0,-0.19168298382244495,-0.19168297946453094
1n0lpbx,test,ont_Innovacion_Neutro,1.0,5.324323711205579,5.324323654174805
1n0lpbx,test,ont_Etica_Negativo,0.0,-0.06834085335022719,-0.06834085285663605
1n0lpbx,test,ont_Tecnologia_Neutro,0.0,-0.27668578554642986,-0.27668577432632446
1mwsg0q,test,ont_domain_density,0.1,0.6475172137037513,0.647517204284668
1mwsg0q,test,ont_total_negativo_mentions,0.0,-0.21001172000820306,-0.21001172065734863
1mwsg0q,test,ont_InteligenciaArtificial_Negativo,0.0,-0.19168298382244495,-0.19168297946453094
1mwsg0q,test,ont_Innovacion_Neutro,0.0,-0.16443598256119465,-0.1644359827041626
1mwsg0q,test,ont_Etica_Negativo,0.0,-0.06834085335022719,-0.06834085285663605
1mwsg0q,test,ont_Tecnologia_Neutro,0.0,-0.27668578554642986,-0.27668577432632446
1mxbbct,test,ont_domain_density,0.2,2.44118130826439,2.4411814212799072
1mxbbct,test,ont_total_negativo_mentions,0.0,-0.21001172000820306,-0.21001172065734863
1mxbbct,test,ont_InteligenciaArtificial_Negativo,0.0,-0.19168298382244495,-0.19168297946453094
1mxbbct,test,ont_Innovacion_Neutro,0.0,-0.16443598256119465,-0.1644359827041626
1mxbbct,test,ont_Etica_Negativo,0.0,-0.06834085335022719,-0.06834085285663605
1mxbbct,test,ont_Tecnologia_Neutro,0.0,-0.27668578554642986,-0.27668577432632446
1mx0pwd,test,ont_domain_density,0.13333333333333333,1.245405245223964,1.2454051971435547
1mx0pwd,test,ont_total_negativo_mentions,0.0,-0.21001172000820306,-0.21001172065734863
1mx0pwd,test,ont_InteligenciaArtificial_Negativo,0.0,-0.19168298382244495,-0.19168297946453094
1mx0pwd,test,ont_Innovacion_Neutro,0.0,-0.16443598256119465,-0.1644359827041626
1mx0pwd,test,ont_Etica_Negativo,0.0,-0.06834085335022719,-0.06834085285663605
1mx0pwd,test,ont_Tecnologia_Neutro,0.0,-0.27668578554642986,-0.27668577432632446
1mvxox8,test,ont_domain_density,0.0,-1.146146880856887,-1.1461468935012817
1mvxox8,test,ont_total_negativo_mentions,0.0,-0.21001172000820306,-0.21001172065734863
1mvxox8,test,ont_InteligenciaArtificial_Negativo,0.0,-0.19168298382244495,-0.19168297946453094
1mvxox8,test,ont_Innovacion_Neutro,0.0,-0.16443598256119465,-0.1644359827041626
1mvxox8,test,ont_Etica_Negativo,0.0,-0.06834085335022719,-0.06834085285663605
1mvxox8,test,ont_Tecnologia_Neutro,0.0,-0.27668578554642986,-0.27668577432632446
1mx5tca,test,ont_domain_density,0.09090909090909091,0.4844568414709659,0.4844568371772766
1mx5tca,test,ont_total_negativo_mentions,0.0,-0.21001172000820306,-0.21001172065734863
1mx5tca,test,ont_InteligenciaArtificial_Negativo,0.0,-0.19168298382244495,-0.19168297946453094
1mx5tca,test,ont_Innovacion_Neutro,0.0,-0.16443598256119465,-0.1644359827041626
1mx5tca,test,ont_Etica_Negativo,0.0,-0.06834085335022719,-0.06834085285663605
1mx5tca,test,ont_Tecnologia_Neutro,0.0,-0.27668578554642986,-0.27668577432632446
1mvqnm3,test,ont_domain_density,0.05,-0.24931483357656795,-0.2493148297071457
1mvqnm3,test,ont_total_negativo_mentions,0.0,-0.21001172000820306,-0.21001172065734863
1mvqnm3,test,ont_InteligenciaArtificial_Negativo,0.0,-0.19168298382244495,-0.19168297946453094
1mvqnm3,test,ont_Innovacion_Neutro,0.0,-0.16443598256119465,-0.1644359827041626
1mvqnm3,test,ont_Etica_Negativo,0.0,-0.06834085335022719,-0.06834085285663605
1mvqnm3,test,ont_Tecnologia_Neutro,0.0,-0.27668578554642986,-0.27668577432632446
1mvmtvf,test,ont_domain_density,0.07692307692307693,0.23359473034360395,0.23359473049640656
1mvmtvf,test,ont_total_negativo_mentions,0.0,-0.21001172000820306,-0.21001172065734863
1mvmtvf,test,ont_InteligenciaArtificial_Negativo,0.0,-0.19168298382244495,-0.19168297946453094
1mvmtvf,test,ont_Innovacion_Neutro,0.0,-0.16443598256119465,-0.1644359827041626
1mvmtvf,test,ont_Etica_Negativo,0.0,-0.06834085335022719,-0.06834085285663605
1mvmtvf,test,ont_Tecnologia_Neutro,0.0,-0.27668578554642986,-0.27668577432632446
1n2fdxl,test,ont_domain_density,0.009302325581395349,-0.9792944069442696,-0.9792944192886353
1n2fdxl,test,ont_total_negativo_mentions,0.0,-0.21001172000820306,-0.21001172065734863
1n2fdxl,test,ont_InteligenciaArtificial_Negativo,0.0,-0.19168298382244495,-0.19168297946453094
1n2fdxl,test,ont_Innovacion_Neutro,0.0,-0.16443598256119465,-0.1644359827041626
1n2fdxl,test,ont_Etica_Negativo,0.0,-0.06834085335022719,-0.06834085285663605
1n2fdxl,test,ont_Tecnologia_Neutro,1.0,1.2450860349589343,1.2450860738754272
1n0ra9s,test,ont_domain_density,0.16666666666666666,1.8432932767441765,1.843293309211731
1n0ra9s,test,ont_total_negativo_mentions,0.0,-0.21001172000820306,-0.21001172065734863
1n0ra9s,test,ont_InteligenciaArtificial_Negativo,0.0,-0.19168298382244495,-0.19168297946453094
1n0ra9s,test,ont_Innovacion_Neutro,0.0,-0.16443598256119465,-0.1644359827041626
1n0ra9s,test,ont_Etica_Negativo,0.0,-0.06834085335022719,-0.06834085285663605
1n0ra9s,test,ont_Tecnologia_Neutro,0.0,-0.27668578554642986,-0.27668577432632446
1n3dyec,test,ont_domain_density,0.09090909090909091,0.4844568414709659,0.4844568371772766
1n3dyec,test,ont_total_negativo_mentions,0.0,-0.21001172000820306,-0.21001172065734863
1n3dyec,test,ont_InteligenciaArtificial_Negativo,0.0,-0.19168298382244495,-0.19168297946453094
1n3dyec,test,ont_Innovacion_Neutro,0.0,-0.16443598256119465,-0.1644359827041626
1n3dyec,test,ont_Etica_Negativo,0.0,-0.06834085335022719,-0.06834085285663605
1n3dyec,test,ont_Tecnologia_Neutro,0.0,-0.27668578554642986,-0.27668577432632446
1n0gnds,test,ont_domain_density,0.1,0.6475172137037513,0.647517204284668
1n0gnds,test,ont_total_negativo_mentions,0.0,-0.21001172000820306,-0.21001172065734863
1n0gnds,test,ont_InteligenciaArtificial_Negativo,0.0,-0.19168298382244495,-0.19168297946453094
1n0gnds,test,ont_Innovacion_Neutro,0.0,-0.16443598256119465,-0.1644359827041626
1n0gnds,test,ont_Etica_Negativo,0.0,-0.06834085335022719,-0.06834085285663605
1n0gnds,test,ont_Tecnologia_Neutro,0.0,-0.27668578554642986,-0.27668577432632446
1mv6rgr,test,ont_domain_density,0.006369426751592357,-1.0319007601842352,-1.0319007635116577
1mv6rgr,test,ont_total_negativo_mentions,0.0,-0.21001172000820306,-0.21001172065734863
1mv6rgr,test,ont_InteligenciaArtificial_Negativo,0.0,-0.19168298382244495,-0.19168297946453094
1mv6rgr,test,ont_Innovacion_Neutro,0.0,-0.16443598256119465,-0.1644359827041626
1mv6rgr,test,ont_Etica_Negativo,0.0,-0.06834085335022719,-0.06834085285663605
1mv6rgr,test,ont_Tecnologia_Neutro,0.0,-0.27668578554642986,-0.27668577432632446
1mxmc04,test,ont_domain_density,0.058823529411764705,-0.09105035464474698,-0.09105035662651062
1mxmc04,test,ont_total_negativo_mentions,0.0,-0.21001172000820306,-0.21001172065734863
1mxmc04,test,ont_InteligenciaArtificial_Negativo,0.0,-0.19168298382244495,-0.19168297946453094
1mxmc04,test,ont_Innovacion_Neutro,0.0,-0.16443598256119465,-0.1644359827041626
1mxmc04,test,ont_Etica_Negativo,0.0,-0.06834085335022719,-0.06834085285663605
1mxmc04,test,ont_Tecnologia_Neutro,0.0,-0.27668578554642986,-0.27668577432632446
1mxn9l6,test,ont_domain_density,0.06666666666666667,0.04962918218353839,0.04962918162345886
1mxn9l6,test,ont_total_negativo_mentions,0.0,-0.21001172000820306,-0.21001172065734863
1mxn9l6,test,ont_InteligenciaArtificial_Negativo,0.0,-0.19168298382244495,-0.19168297946453094
1mxn9l6,test,ont_Innovacion_Neutro,0.0,-0.16443598256119465,-0.1644359827041626
1mxn9l6,test,ont_Etica_Negativo,0.0,-0.06834085335022719,-0.06834085285663605
1mxn9l6,test,ont_Tecnologia_Neutro,0.0,-0.27668578554642986,-0.27668577432632446
1n3ze1l,test,ont_domain_density,0.004166666666666667,-1.0714108769168607,-1.071410894393921
1n3ze1l,test,ont_total_negativo_mentions,0.0,-0.21001172000820306,-0.21001172065734863
1n3ze1l,test,ont_InteligenciaArtificial_Negativo,0.0,-0.19168298382244495,-0.19168297946453094
1n3ze1l,test,ont_Innovacion_Neutro,0.0,-0.16443598256119465,-0.1644359827041626
1n3ze1l,test,ont_Etica_Negativo,0.0,-0.06834085335022719,-0.06834085285663605
1n3ze1l,test,ont_Tecnologia_Neutro,0.0,-0.27668578554642986,-0.27668577432632446
1n1jd0k,test,ont_domain_density,0.07692307692307693,0.23359473034360395,0.23359473049640656
1n1jd0k,test,ont_total_negativo_mentions,0.0,-0.21001172000820306,-0.21001172065734863
1n1jd0k,test,ont_InteligenciaArtificial_Negativo,0.0,-0.19168298382244495,-0.19168297946453094
1n1jd0k,test,ont_Innovacion_Neutro,0.0,-0.16443598256119465,-0.1644359827041626
1n1jd0k,test,ont_Etica_Negativo,0.0,-0.06834085335022719,-0.06834085285663605
1n1jd0k,test,ont_Tecnologia_Neutro,0.0,-0.27668578554642986,-0.27668577432632446
1n0f6gi,test,ont_domain_density,0.010869565217391304,-0.9511833923176873,-0.9511833786964417
1n0f6gi,test,ont_total_negativo_mentions,0.0,-0.21001172000820306,-0.21001172065734863
1n0f6gi,test,ont_InteligenciaArtificial_Negativo,0.0,-0.19168298382244495,-0.19168297946453094
1n0f6gi,test,ont_Innovacion_Neutro,0.0,-0.16443598256119465,-0.1644359827041626
1n0f6gi,test,ont_Etica_Negativo,0.0,-0.06834085335022719,-0.06834085285663605
1n0f6gi,test,ont_Tecnologia_Neutro,0.0,-0.27668578554642986,-0.27668577432632446
1ms5644,test,ont_domain_density,0.09090909090909091,0.4844568414709659,0.4844568371772766
1ms5644,test,ont_total_negativo_mentions,0.0,-0.21001172000820306,-0.21001172065734863
1ms5644,test,ont_InteligenciaArtificial_Negativo,0.0,-0.19168298382244495,-0.19168297946453094
1ms5644,test,ont_Innovacion_Neutro,0.0,-0.16443598256119465,-0.1644359827041626
1ms5644,test,ont_Etica_Negativo,0.0,-0.06834085335022719,-0.06834085285663605
1ms5644,test,ont_Tecnologia_Neutro,0.0,-0.27668578554642986,-0.27668577432632446
1mqak9v,test,ont_domain_density,0.0,-1.146146880856887,-1.1461468935012817
1mqak9v,test,ont_total_negativo_mentions,0.0,-0.21001172000820306,-0.21001172065734863
1mqak9v,test,ont_InteligenciaArtificial_Negativo,0.0,-0.19168298382244495,-0.19168297946453094
1mqak9v,test,ont_Innovacion_Neutro,0.0,-0.16443598256119465,-0.1644359827041626
1mqak9v,test,ont_Etica_Negativo,0.0,-0.06834085335022719,-0.06834085285663605
1mqak9v,test,ont_Tecnologia_Neutro,0.0,-0.27668578554642986,-0.27668577432632446
1mqqwys,test,ont_domain_density,0.0,-1.146146880856887,-1.1461468935012817
1mqqwys,test,ont_total_negativo_mentions,0.0,-0.21001172000820306,-0.21001172065734863
1mqqwys,test,ont_InteligenciaArtificial_Negativo,0.0,-0.19168298382244495,-0.19168297946453094
1mqqwys,test,ont_Innovacion_Neutro,0.0,-0.16443598256119465,-0.1644359827041626
1mqqwys,test,ont_Etica_Negativo,0.0,-0.06834085335022719,-0.06834085285663605
1mqqwys,test,ont_Tecnologia_Neutro,0.0,-0.27668578554642986,-0.27668577432632446
1mqxp6w,test,ont_domain_density,0.030303030303030304,-0.6026123067476028,-0.602612316608429
1mqxp6w,test,ont_total_negativo_mentions,0.0,-0.21001172000820306,-0.21001172065734863
1mqxp6w,test,ont_InteligenciaArtificial_Negativo,0.0,-0.19168298382244495,-0.19168297946453094
1mqxp6w,test,ont_Innovacion_Neutro,0.0,-0.16443598256119465,-0.1644359827041626
1mqxp6w,test,ont_Etica_Negativo,0.0,-0.06834085335022719,-0.06834085285663605
1mqxp6w,test,ont_Tecnologia_Neutro,0.0,-0.27668578554642986,-0.27668577432632446
1mrncpi,test,ont_domain_density,0.1111111111111111,0.8468132242104887,0.8468132019042969
1mrncpi,test,ont_total_negativo_mentions,0.0,-0.21001172000820306,-0.21001172065734863
1mrncpi,test,ont_InteligenciaArtificial_Negativo,0.0,-0.19168298382244495,-0.19168297946453094
1mrncpi,test,ont_Innovacion_Neutro,0.0,-0.16443598256119465,-0.1644359827041626
1mrncpi,test,ont_Etica_Negativo,0.0,-0.06834085335022719,-0.06834085285663605
1mrncpi,test,ont_Tecnologia_Neutro,0.0,-0.27668578554642986,-0.27668577432632446
1mrydyp,test,ont_domain_density,0.0,-1.146146880856887,-1.1461468935012817
1mrydyp,test,ont_total_negativo_mentions,0.0,-0.21001172000820306,-0.21001172065734863
1mrydyp,test,ont_InteligenciaArtificial_Negativo,0.0,-0.19168298382244495,-0.19168297946453094
1mrydyp,test,ont_Innovacion_Neutro,0.0,-0.16443598256119465,-0.1644359827041626
1mrydyp,test,ont_Etica_Negativo,0.0,-0.06834085335022719,-0.06834085285663605
1mrydyp,test,ont_Tecnologia_Neutro,0.0,-0.27668578554642986,-0.27668577432632446
1nhy73t,test,ont_domain_density,0.011363636363636364,-0.9423214155659054,-0.9423214197158813
1nhy73t,test,ont_total_negativo_mentions,0.0,-0.21001172000820306,-0.21001172065734863
1nhy73t,test,ont_InteligenciaArtificial_Negativo,0.0,-0.19168298382244495,-0.19168297946453094
1nhy73t,test,ont_Innovacion_Neutro,0.0,-0.16443598256119465,-0.1644359827041626
1nhy73t,test,ont_Etica_Negativo,0.0,-0.06834085335022719,-0.06834085285663605
1nhy73t,test,ont_Tecnologia_Neutro,1.0,1.2450860349589343,1.2450860738754272
1mimalb,test,ont_domain_density,0.03076923076923077,-0.5942502363766907,-0.5942502617835999
1mimalb,test,ont_total_negativo_mentions,0.0,-0.21001172000820306,-0.21001172065734863
1mimalb,test,ont_InteligenciaArtificial_Negativo,0.0,-0.19168298382244495,-0.19168297946453094
1mimalb,test,ont_Innovacion_Neutro,0.0,-0.16443598256119465,-0.1644359827041626
1mimalb,test,ont_Etica_Negativo,0.0,-0.06834085335022719,-0.06834085285663605
1mimalb,test,ont_Tecnologia_Neutro,0.0,-0.27668578554642986,-0.27668577432632446
1n7d0kl,test,ont_domain_density,0.058823529411764705,-0.09105035464474698,-0.09105035662651062
1n7d0kl,test,ont_total_negativo_mentions,0.0,-0.21001172000820306,-0.21001172065734863
1n7d0kl,test,ont_InteligenciaArtificial_Negativo,0.0,-0.19168298382244495,-0.19168297946453094
1n7d0kl,test,ont_Innovacion_Neutro,0.0,-0.16443598256119465,-0.1644359827041626
1n7d0kl,test,ont_Etica_Negativo,0.0,-0.06834085335022719,-0.06834085285663605
1n7d0kl,test,ont_Tecnologia_Neutro,0.0,-0.27668578554642986,-0.27668577432632446
1n954q2,test,ont_domain_density,0.03571428571428571,-0.505552561370945,-0.5055525898933411
1n954q2,test,ont_total_negativo_mentions,0.0,-0.21001172000820306,-0.21001172065734863
1n954q2,test,ont_InteligenciaArtificial_Negativo,0.0,-0.19168298382244495,-0.19168297946453094
1n954q2,test,ont_Innovacion_Neutro,0.0,-0.16443598256119465,-0.1644359827041626
1n954q2,test,ont_Etica_Negativo,0.0,-0.06834085335022719,-0.06834085285663605
1n954q2,test,ont_Tecnologia_Neutro,0.0,-0.27668578554642986,-0.27668577432632446
1n6nu9o,test,ont_domain_density,0.0625,-0.025106821756488196,-0.025106821209192276
1n6nu9o,test,ont_total_negativo_mentions,0.0,-0.21001172000820306,-0.21001172065734863
1n6nu9o,test,ont_InteligenciaArtificial_Negativo,0.0,-0.19168298382244495,-0.19168297946453094
1n6nu9o,test,ont_Innovacion_Neutro,0.0,-0.16443598256119465,-0.1644359827041626
1n6nu9o,test,ont_Etica_Negativo,0.0,-0.06834085335022719,-0.06834085285663605
1n6nu9o,test,ont_Tecnologia_Neutro,0.0,-0.27668578554642986,-0.27668577432632446
1ninyq2,test,ont_domain_density,0.07692307692307693,0.23359473034360395,0.23359473049640656
1ninyq2,test,ont_total_negativo_mentions,0.0,-0.21001172000820306,-0.21001172065734863
1ninyq2,test,ont_InteligenciaArtificial_Negativo,0.0,-0.19168298382244495,-0.19168297946453094
1ninyq2,test,ont_Innovacion_Neutro,0.0,-0.16443598256119465,-0.1644359827041626
1ninyq2,test,ont_Etica_Negativo,0.0,-0.06834085335022719,-0.06834085285663605
1ninyq2,test,ont_Tecnologia_Neutro,0.0,-0.27668578554642986,-0.27668577432632446
1njafux,test,ont_domain_density,0.08,0.28878439479162354,0.288784384727478
1njafux,test,ont_total_negativo_mentions,0.0,-0.21001172000820306,-0.21001172065734863
1njafux,test,ont_InteligenciaArtificial_Negativo,0.0,-0.19168298382244495,-0.19168297946453094
1njafux,test,ont_Innovacion_Neutro,0.0,-0.16443598256119465,-0.1644359827041626
1njafux,test,ont_Etica_Negativo,0.0,-0.06834085335022719,-0.06834085285663605
1njafux,test,ont_Tecnologia_Neutro,0.0,-0.27668578554642986,-0.27668577432632446
1nckpme,test,ont_domain_density,0.1111111111111111,0.8468132242104887,0.8468132019042969
1nckpme,test,ont_total_negativo_mentions,0.0,-0.21001172000820306,-0.21001172065734863
1nckpme,test,ont_InteligenciaArtificial_Negativo,0.0,-0.19168298382244495,-0.19168297946453094
1nckpme,test,ont_Innovacion_Neutro,0.0,-0.16443598256119465,-0.1644359827041626
1nckpme,test,ont_Etica_Negativo,0.0,-0.06834085335022719,-0.06834085285663605
1nckpme,test,ont_Tecnologia_Neutro,0.0,-0.27668578554642986,-0.27668577432632446
1nd4qd2,test,ont_domain_density,0.07142857142857142,0.1350417581149973,0.1350417584180832
1nd4qd2,test,ont_total_negativo_mentions,0.0,-0.21001172000820306,-0.21001172065734863
1nd4qd2,test,ont_InteligenciaArtificial_Negativo,0.0,-0.19168298382244495,-0.19168297946453094
1nd4qd2,test,ont_Innovacion_Neutro,0.0,-0.16443598256119465,-0.1644359827041626
1nd4qd2,test,ont_Etica_Negativo,0.0,-0.06834085335022719,-0.06834085285663605
1nd4qd2,test,ont_Tecnologia_Neutro,0.0,-0.27668578554642986,-0.27668577432632446
1ncogom,test,ont_domain_density,0.041666666666666664,-0.39878684145662124,-0.39878684282302856
1ncogom,test,ont_total_negativo_mentions,0.0,-0.21001172000820306,-0.21001172065734863
1ncogom,test,ont_InteligenciaArtificial_Negativo,0.0,-0.19168298382244495,-0.19168297946453094
1ncogom,test,ont_Innovacion_Neutro,0.0,-0.16443598256119465,-0.1644359827041626
1ncogom,test,ont_Etica_Negativo,0.0,-0.06834085335022719,-0.06834085285663605
1ncogom,test,ont_Tecnologia_Neutro,0.0,-0.27668578554642986,-0.27668577432632446
1nc69ss,test,ont_domain_density,0.1,0.6475172137037513,0.647517204284668
1nc69ss,test,ont_total_negativo_mentions,0.0,-0.21001172000820306,-0.21001172065734863
1nc69ss,test,ont_InteligenciaArtificial_Negativo,0.0,-0.19168298382244495,-0.19168297946453094
1nc69ss,test,ont_Innovacion_Neutro,0.0,-0.16443598256119465,-0.1644359827041626
1nc69ss,test,ont_Etica_Negativo,0.0,-0.06834085335022719,-0.06834085285663605
1nc69ss,test,ont_Tecnologia_Neutro,0.0,-0.27668578554642986,-0.27668577432632446
1nbfia7,test,ont_domain_density,0.09090909090909091,0.4844568414709659,0.4844568371772766
1nbfia7,test,ont_total_negativo_mentions,0.0,-0.21001172000820306,-0.21001172065734863
1nbfia7,test,ont_InteligenciaArtificial_Negativo,0.0,-0.19168298382244495,-0.19168297946453094
1nbfia7,test,ont_Innovacion_Neutro,0.0,-0.16443598256119465,-0.1644359827041626
1nbfia7,test,ont_Etica_Negativo,0.0,-0.06834085335022719,-0.06834085285663605
1nbfia7,test,ont_Tecnologia_Neutro,0.0,-0.27668578554642986,-0.27668577432632446
1n5m9m3,test,ont_domain_density,0.07692307692307693,0.23359473034360395,0.23359473049640656
1n5m9m3,test,ont_total_negativo_mentions,0.0,-0.21001172000820306,-0.21001172065734863
1n5m9m3,test,ont_InteligenciaArtificial_Negativo,0.0,-0.19168298382244495,-0.19168297946453094
1n5m9m3,test,ont_Innovacion_Neutro,0.0,-0.16443598256119465,-0.1644359827041626
1n5m9m3,test,ont_Etica_Negativo,0.0,-0.06834085335022719,-0.06834085285663605
1n5m9m3,test,ont_Tecnologia_Neutro,1.0,1.2450860349589343,1.2450860738754272
1n9x9m4,test,ont_domain_density,0.043478260869565216,-0.3662929267000879,-0.36629292368888855
1n9x9m4,test,ont_total_negativo_mentions,0.0,-0.21001172000820306,-0.21001172065734863
1n9x9m4,test,ont_InteligenciaArtificial_Negativo,0.0,-0.19168298382244495,-0.19168297946453094
1n9x9m4,test,ont_Innovacion_Neutro,0.0,-0.16443598256119465,-0.1644359827041626
1n9x9m4,test,ont_Etica_Negativo,0.0,-0.06834085335022719,-0.06834085285663605
1n9x9m4,test,ont_Tecnologia_Neutro,0.0,-0.27668578554642986,-0.27668577432632446
1nflale,test,ont_domain_density,0.14285714285714285,1.4162303970868817,1.4162304401397705
1nflale,test,ont_total_negativo_mentions,0.0,-0.21001172000820306,-0.21001172065734863
1nflale,test,ont_InteligenciaArtificial_Negativo,0.0,-0.19168298382244495,-0.19168297946453094
1nflale,test,ont_Innovacion_Neutro,0.0,-0.16443598256119465,-0.1644359827041626
1nflale,test,ont_Etica_Negativo,0.0,-0.06834085335022719,-0.06834085285663605
1nflale,test,ont_Tecnologia_Neutro,1.0,1.2450860349589343,1.2450860738754272
1n4gvki,test,ont_domain_density,0.0,-1.146146880856887,-1.1461468935012817
1n4gvki,test,ont_total_negativo_mentions,0.0,-0.21001172000820306,-0.21001172065734863
1n4gvki,test,ont_InteligenciaArtificial_Negativo,0.0,-0.19168298382244495,-0.19168297946453094
1n4gvki,test,ont_Innovacion_Neutro,0.0,-0.16443598256119465,-0.1644359827041626
1n4gvki,test,ont_Etica_Negativo,0.0,-0.06834085335022719,-0.06834085285663605
1n4gvki,test,ont_Tecnologia_Neutro,0.0,-0.27668578554642986,-0.27668577432632446
1n7e1sh,test,ont_domain_density,0.09090909090909091,0.4844568414709659,0.4844568371772766
1n7e1sh,test,ont_total_negativo_mentions,0.0,-0.21001172000820306,-0.21001172065734863
1n7e1sh,test,ont_InteligenciaArtificial_Negativo,0.0,-0.19168298382244495,-0.19168297946453094
1n7e1sh,test,ont_Innovacion_Neutro,0.0,-0.16443598256119465,-0.1644359827041626
1n7e1sh,test,ont_Etica_Negativo,0.0,-0.06834085335022719,-0.06834085285663605
1n7e1sh,test,ont_Tecnologia_Neutro,0.0,-0.27668578554642986,-0.27668577432632446
1n8s08n,test,ont_domain_density,0.18181818181818182,2.115060563798819,2.115060567855835
1n8s08n,test,ont_total_negativo_mentions,0.0,-0.21001172000820306,-0.21001172065734863
1n8s08n,test,ont_InteligenciaArtificial_Negativo,0.0,-0.19168298382244495,-0.19168297946453094
1n8s08n,test,ont_Innovacion_Neutro,0.0,-0.16443598256119465,-0.1644359827041626
1n8s08n,test,ont_Etica_Negativo,0.0,-0.06834085335022719,-0.06834085285663605
1n8s08n,test,ont_Tecnologia_Neutro,1.0,1.2450860349589343,1.2450860738754272
1n8eydj,test,ont_domain_density,0.0,-1.146146880856887,-1.1461468935012817
1n8eydj,test,ont_total_negativo_mentions,0.0,-0.21001172000820306,-0.21001172065734863
1n8eydj,test,ont_InteligenciaArtificial_Negativo,0.0,-0.19168298382244495,-0.19168297946453094
1n8eydj,test,ont_Innovacion_Neutro,0.0,-0.16443598256119465,-0.1644359827041626
1n8eydj,test,ont_Etica_Negativo,0.0,-0.06834085335022719,-0.06834085285663605
1n8eydj,test,ont_Tecnologia_Neutro,0.0,-0.27668578554642986,-0.27668577432632446
1n8l2zr,test,ont_domain_density,0.0,-1.146146880856887,-1.1461468935012817
1n8l2zr,test,ont_total_negativo_mentions,0.0,-0.21001172000820306,-0.21001172065734863
1n8l2zr,test,ont_InteligenciaArtificial_Negativo,0.0,-0.19168298382244495,-0.19168297946453094
1n8l2zr,test,ont_Innovacion_Neutro,0.0,-0.16443598256119465,-0.1644359827041626
1n8l2zr,test,ont_Etica_Negativo,0.0,-0.06834085335022719,-0.06834085285663605
1n8l2zr,test,ont_Tecnologia_Neutro,0.0,-0.27668578554642986,-0.27668577432632446
1n8laad,test,ont_domain_density,0.14285714285714285,1.4162303970868817,1.4162304401397705
1n8laad,test,ont_total_negativo_mentions,0.0,-0.21001172000820306,-0.21001172065734863
1n8laad,test,ont_InteligenciaArtificial_Negativo,0.0,-0.19168298382244495,-0.19168297946453094
1n8laad,test,ont_Innovacion_Neutro,0.0,-0.16443598256119465,-0.1644359827041626
1n8laad,test,ont_Etica_Negativo,0.0,-0.06834085335022719,-0.06834085285663605
1n8laad,test,ont_Tecnologia_Neutro,0.0,-0.27668578554642986,-0.27668577432632446
1n9fjss,test,ont_domain_density,0.06666666666666667,0.04962918218353839,0.04962918162345886
1n9fjss,test,ont_total_negativo_mentions,0.0,-0.21001172000820306,-0.21001172065734863
1n9fjss,test,ont_InteligenciaArtificial_Negativo,0.0,-0.19168298382244495,-0.19168297946453094
1n9fjss,test,ont_Innovacion_Neutro,0.0,-0.16443598256119465,-0.1644359827041626
1n9fjss,test,ont_Etica_Negativo,0.0,-0.06834085335022719,-0.06834085285663605
1n9fjss,test,ont_Tecnologia_Neutro,0.0,-0.27668578554642986,-0.27668577432632446
1n9a0vt,test,ont_domain_density,0.0,-1.146146880856887,-1.1461468935012817
1n9a0vt,test,ont_total_negativo_mentions,0.0,-0.21001172000820306,-0.21001172065734863
1n9a0vt,test,ont_InteligenciaArtificial_Negativo,0.0,-0.19168298382244495,-0.19168297946453094
1n9a0vt,test,ont_Innovacion_Neutro,0.0,-0.16443598256119465,-0.1644359827041626
1n9a0vt,test,ont_Etica_Negativo,0.0,-0.06834085335022719,-0.06834085285663605
1n9a0vt,test,ont_Tecnologia_Neutro,0.0,-0.27668578554642986,-0.27668577432632446
1n9h0s6,test,ont_domain_density,0.06666666666666667,0.04962918218353839,0.04962918162345886
1n9h0s6,test,ont_total_negativo_mentions,0.0,-0.21001172000820306,-0.21001172065734863
1n9h0s6,test,ont_InteligenciaArtificial_Negativo,0.0,-0.19168298382244495,-0.19168297946453094
1n9h0s6,test,ont_Innovacion_Neutro,0.0,-0.16443598256119465,-0.1644359827041626
1n9h0s6,test,ont_Etica_Negativo,0.0,-0.06834085335022719,-0.06834085285663605
1n9h0s6,test,ont_Tecnologia_Neutro,1.0,1.2450860349589343,1.2450860738754272
1n98yfi,test,ont_domain_density,0.0,-1.146146880856887,-1.1461468935012817
1n98yfi,test,ont_total_negativo_mentions,0.0,-0.21001172000820306,-0.21001172065734863
1n98yfi,test,ont_InteligenciaArtificial_Negativo,0.0,-0.19168298382244495,-0.19168297946453094
1n98yfi,test,ont_Innovacion_Neutro,0.0,-0.16443598256119465,-0.1644359827041626
1n98yfi,test,ont_Etica_Negativo,0.0,-0.06834085335022719,-0.06834085285663605
1n98yfi,test,ont_Tecnologia_Neutro,0.0,-0.27668578554642986,-0.27668577432632446
1n91n38,test,ont_domain_density,0.07692307692307693,0.23359473034360395,0.23359473049640656
1n91n38,test,ont_total_negativo_mentions,0.0,-0.21001172000820306,-0.21001172065734863
1n91n38,test,ont_InteligenciaArtificial_Negativo,0.0,-0.19168298382244495,-0.19168297946453094
1n91n38,test,ont_Innovacion_Neutro,0.0,-0.16443598256119465,-0.1644359827041626
1n91n38,test,ont_Etica_Negativo,0.0,-0.06834085335022719,-0.06834085285663605
1n91n38,test,ont_Tecnologia_Neutro,0.0,-0.27668578554642986,-0.27668577432632446
1n98sh7,test,ont_domain_density,0.07692307692307693,0.23359473034360395,0.23359473049640656
1n98sh7,test,ont_total_negativo_mentions,0.0,-0.21001172000820306,-0.21001172065734863
1n98sh7,test,ont_InteligenciaArtificial_Negativo,0.0,-0.19168298382244495,-0.19168297946453094
1n98sh7,test,ont_Innovacion_Neutro,0.0,-0.16443598256119465,-0.1644359827041626
1n98sh7,test,ont_Etica_Negativo,0.0,-0.06834085335022719,-0.06834085285663605
1n98sh7,test,ont_Tecnologia_Neutro,1.0,1.2450860349589343,1.2450860738754272
1n94iku,test,ont_domain_density,0.0,-1.146146880856887,-1.1461468935012817
1n94iku,test,ont_total_negativo_mentions,0.0,-0.21001172000820306,-0.21001172065734863
1n94iku,test,ont_InteligenciaArtificial_Negativo,0.0,-0.19168298382244495,-0.19168297946453094
1n94iku,test,ont_Innovacion_Neutro,0.0,-0.16443598256119465,-0.1644359827041626
1n94iku,test,ont_Etica_Negativo,0.0,-0.06834085335022719,-0.06834085285663605
1n94iku,test,ont_Tecnologia_Neutro,0.0,-0.27668578554642986,-0.27668577432632446
1n6jbsd,test,ont_domain_density,0.2,2.44118130826439,2.4411814212799072
1n6jbsd,test,ont_total_negativo_mentions,0.0,-0.21001172000820306,-0.21001172065734863
1n6jbsd,test,ont_InteligenciaArtificial_Negativo,0.0,-0.19168298382244495,-0.19168297946453094
1n6jbsd,test,ont_Innovacion_Neutro,0.0,-0.16443598256119465,-0.1644359827041626
1n6jbsd,test,ont_Etica_Negativo,0.0,-0.06834085335022719,-0.06834085285663605
1n6jbsd,test,ont_Tecnologia_Neutro,0.0,-0.27668578554642986,-0.27668577432632446
1n6isge,test,ont_domain_density,0.09090909090909091,0.4844568414709659,0.4844568371772766
1n6isge,test,ont_total_negativo_mentions,0.0,-0.21001172000820306,-0.21001172065734863
1n6isge,test,ont_InteligenciaArtificial_Negativo,0.0,-0.19168298382244495,-0.19168297946453094
1n6isge,test,ont_Innovacion_Neutro,0.0,-0.16443598256119465,-0.1644359827041626
1n6isge,test,ont_Etica_Negativo,0.0,-0.06834085335022719,-0.06834085285663605
1n6isge,test,ont_Tecnologia_Neutro,0.0,-0.27668578554642986,-0.27668577432632446
1n6tjl8,test,ont_domain_density,0.08333333333333333,0.3485731979436447,0.3485732078552246
1n6tjl8,test,ont_total_negativo_mentions,0.0,-0.21001172000820306,-0.21001172065734863
1n6tjl8,test,ont_InteligenciaArtificial_Negativo,0.0,-0.19168298382244495,-0.19168297946453094
1n6tjl8,test,ont_Innovacion_Neutro,0.0,-0.16443598256119465,-0.1644359827041626
1n6tjl8,test,ont_Etica_Negativo,0.0,-0.06834085335022719,-0.06834085285663605
1n6tjl8,test,ont_Tecnologia_Neutro,0.0,-0.27668578554642986,-0.27668577432632446
1n6ewn3,test,ont_domain_density,0.04,-0.4286812430326318,-0.42868125438690186
1n6ewn3,test,ont_total_negativo_mentions,0.0,-0.21001172000820306,-0.21001172065734863
1n6ewn3,test,ont_InteligenciaArtificial_Negativo,0.0,-0.19168298382244495,-0.19168297946453094
1n6ewn3,test,ont_Innovacion_Neutro,0.0,-0.16443598256119465,-0.1644359827041626
1n6ewn3,test,ont_Etica_Negativo,0.0,-0.06834085335022719,-0.06834085285663605
1n6ewn3,test,ont_Tecnologia_Neutro,1.0,1.2450860349589343,1.2450860738754272
1n6tmya,test,ont_domain_density,0.08333333333333333,0.3485731979436447,0.3485732078552246
1n6tmya,test,ont_total_negativo_mentions,1.0,3.1226332794662324,3.122633218765259
1n6tmya,test,ont_InteligenciaArtificial_Negativo,1.0,4.333905512278206,4.3339056968688965
1n6tmya,test,ont_Innovacion_Neutro,0.0,-0.16443598256119465,-0.1644359827041626
1n6tmya,test,ont_Etica_Negativo,0.0,-0.06834085335022719,-0.06834085285663605
1n6tmya,test,ont_Tecnologia_Neutro,0.0,-0.27668578554642986,-0.27668577432632446
1n6h3qc,test,ont_domain_density,0.09090909090909091,0.4844568414709659,0.4844568371772766
1n6h3qc,test,ont_total_negativo_mentions,0.0,-0.21001172000820306,-0.21001172065734863
1n6h3qc,test,ont_InteligenciaArtificial_Negativo,0.0,-0.19168298382244495,-0.19168297946453094
1n6h3qc,test,ont_Innovacion_Neutro,0.0,-0.16443598256119465,-0.1644359827041626
1n6h3qc,test,ont_Etica_Negativo,0.0,-0.06834085335022719,-0.06834085285663605
1n6h3qc,test,ont_Tecnologia_Neutro,0.0,-0.27668578554642986,-0.27668577432632446
1n6paes,test,ont_domain_density,0.07692307692307693,0.23359473034360395,0.23359473049640656
1n6paes,test,ont_total_negativo_mentions,0.0,-0.21001172000820306,-0.21001172065734863
1n6paes,test,ont_InteligenciaArtificial_Negativo,0.0,-0.19168298382244495,-0.19168297946453094
1n6paes,test,ont_Innovacion_Neutro,0.0,-0.16443598256119465,-0.1644359827041626
1n6paes,test,ont_Etica_Negativo,0.0,-0.06834085335022719,-0.06834085285663605
1n6paes,test,ont_Tecnologia_Neutro,1.0,1.2450860349589343,1.2450860738754272
1n6qrba,test,ont_domain_density,0.0,-1.146146880856887,-1.1461468935012817
1n6qrba,test,ont_total_negativo_mentions,0.0,-0.21001172000820306,-0.21001172065734863
1n6qrba,test,ont_InteligenciaArtificial_Negativo,0.0,-0.19168298382244495,-0.19168297946453094
1n6qrba,test,ont_Innovacion_Neutro,0.0,-0.16443598256119465,-0.1644359827041626
1n6qrba,test,ont_Etica_Negativo,0.0,-0.06834085335022719,-0.06834085285663605
1n6qrba,test,ont_Tecnologia_Neutro,0.0,-0.27668578554642986,-0.27668577432632446
1ne4ie6,test,ont_domain_density,0.14285714285714285,1.4162303970868817,1.4162304401397705
1ne4ie6,test,ont_total_negativo_mentions,0.0,-0.21001172000820306,-0.21001172065734863
1ne4ie6,test,ont_InteligenciaArtificial_Negativo,0.0,-0.19168298382244495,-0.19168297946453094
1ne4ie6,test,ont_Innovacion_Neutro,0.0,-0.16443598256119465,-0.1644359827041626
1ne4ie6,test,ont_Etica_Negativo,0.0,-0.06834085335022719,-0.06834085285663605
1ne4ie6,test,ont_Tecnologia_Neutro,0.0,-0.27668578554642986,-0.27668577432632446
1nedsmc,test,ont_domain_density,0.14285714285714285,1.4162303970868817,1.4162304401397705
1nedsmc,test,ont_total_negativo_mentions,0.0,-0.21001172000820306,-0.21001172065734863
1nedsmc,test,ont_InteligenciaArtificial_Negativo,0.0,-0.19168298382244495,-0.19168297946453094
1nedsmc,test,ont_Innovacion_Neutro,0.0,-0.16443598256119465,-0.1644359827041626
1nedsmc,test,ont_Etica_Negativo,0.0,-0.06834085335022719,-0.06834085285663605
1nedsmc,test,ont_Tecnologia_Neutro,0.0,-0.27668578554642986,-0.27668577432632446
1nefh06,test,ont_domain_density,0.02564102564102564,-0.6862330104567235,-0.6862329840660095
1nefh06,test,ont_total_negativo_mentions,0.0,-0.21001172000820306,-0.21001172065734863
1nefh06,test,ont_InteligenciaArtificial_Negativo,0.0,-0.19168298382244495,-0.19168297946453094
1nefh06,test,ont_Innovacion_Neutro,0.0,-0.16443598256119465,-0.1644359827041626
1nefh06,test,ont_Etica_Negativo,0.0,-0.06834085335022719,-0.06834085285663605
1nefh06,test,ont_Tecnologia_Neutro,0.0,-0.27668578554642986,-0.27668577432632446
1nirfhg,test,ont_domain_density,0.1,0.6475172137037513,0.647517204284668
1nirfhg,test,ont_total_negativo_mentions,0.0,-0.21001172000820306,-0.21001172065734863
1nirfhg,test,ont_InteligenciaArtificial_Negativo,0.0,-0.19168298382244495,-0.19168297946453094
1nirfhg,test,ont_Innovacion_Neutro,0.0,-0.16443598256119465,-0.1644359827041626
1nirfhg,test,ont_Etica_Negativo,0.0,-0.06834085335022719,-0.06834085285663605
1nirfhg,test,ont_Tecnologia_Neutro,0.0,-0.27668578554642986,-0.27668577432632446
1ni9zl1,test,ont_domain_density,0.16666666666666666,1.8432932767441765,1.843293309211731
1ni9zl1,test,ont_total_negativo_mentions,0.0,-0.21001172000820306,-0.21001172065734863
1ni9zl1,test,ont_InteligenciaArtificial_Negativo,0.0,-0.19168298382244495,-0.19168297946453094
1ni9zl1,test,ont_Innovacion_Neutro,0.0,-0.16443598256119465,-0.1644359827041626
1ni9zl1,test,ont_Etica_Negativo,0.0,-0.06834085335022719,-0.06834085285663605
1ni9zl1,test,ont_Tecnologia_Neutro,0.0,-0.27668578554642986,-0.27668577432632446
1nifd02,test,ont_domain_density,0.0,-1.146146880856887,-1.1461468935012817
1nifd02,test,ont_total_negativo_mentions,0.0,-0.21001172000820306,-0.21001172065734863
1nifd02,test,ont_InteligenciaArtificial_Negativo,0.0,-0.19168298382244495,-0.19168297946453094
1nifd02,test,ont_Innovacion_Neutro,0.0,-0.16443598256119465,-0.1644359827041626
1nifd02,test,ont_Etica_Negativo,0.0,-0.06834085335022719,-0.06834085285663605
1nifd02,test,ont_Tecnologia_Neutro,0.0,-0.27668578554642986,-0.27668577432632446
1nicvxs,test,ont_domain_density,0.058823529411764705,-0.09105035464474698,-0.09105035662651062
1nicvxs,test,ont_total_negativo_mentions,0.0,-0.21001172000820306,-0.21001172065734863
1nicvxs,test,ont_InteligenciaArtificial_Negativo,0.0,-0.19168298382244495,-0.19168297946453094
1nicvxs,test,ont_Innovacion_Neutro,0.0,-0.16443598256119465,-0.1644359827041626
1nicvxs,test,ont_Etica_Negativo,0.0,-0.06834085335022719,-0.06834085285663605
1nicvxs,test,ont_Tecnologia_Neutro,0.0,-0.27668578554642986,-0.27668577432632446
1nilfao,test,ont_domain_density,0.08333333333333333,0.3485731979436447,0.3485732078552246
1nilfao,test,ont_total_negativo_mentions,0.0,-0.21001172000820306,-0.21001172065734863
1nilfao,test,ont_InteligenciaArtificial_Negativo,0.0,-0.19168298382244495,-0.19168297946453094
1nilfao,test,ont_Innovacion_Neutro,0.0,-0.16443598256119465,-0.1644359827041626
1nilfao,test,ont_Etica_Negativo,0.0,-0.06834085335022719,-0.06834085285663605
1nilfao,test,ont_Tecnologia_Neutro,0.0,-0.27668578554642986,-0.27668577432632446
1niviph,test,ont_domain_density,0.125,1.0959332373439108,1.095933198928833
1niviph,test,ont_total_negativo_mentions,0.0,-0.21001172000820306,-0.21001172065734863
1niviph,test,ont_InteligenciaArtificial_Negativo,0.0,-0.19168298382244495,-0.19168297946453094
1niviph,test,ont_Innovacion_Neutro,0.0,-0.16443598256119465,-0.1644359827041626
1niviph,test,ont_Etica_Negativo,0.0,-0.06834085335022719,-0.06834085285663605
1niviph,test,ont_Tecnologia_Neutro,0.0,-0.27668578554642986,-0.27668577432632446
1nird29,test,ont_domain_density,0.0,-1.146146880856887,-1.1461468935012817
1nird29,test,ont_total_negativo_mentions,0.0,-0.21001172000820306,-0.21001172065734863
1nird29,test,ont_InteligenciaArtificial_Negativo,0.0,-0.19168298382244495,-0.19168297946453094
1nird29,test,ont_Innovacion_Neutro,0.0,-0.16443598256119465,-0.1644359827041626
1nird29,test,ont_Etica_Negativo,0.0,-0.06834085335022719,-0.06834085285663605
1nird29,test,ont_Tecnologia_Neutro,0.0,-0.27668578554642986,-0.27668577432632446
1nif3u0,test,ont_domain_density,0.2,2.44118130826439,2.4411814212799072
1nif3u0,test,ont_total_negativo_mentions,0.0,-0.21001172000820306,-0.21001172065734863
1nif3u0,test,ont_InteligenciaArtificial_Negativo,0.0,-0.19168298382244495,-0.19168297946453094
1nif3u0,test,ont_Innovacion_Neutro,0.0,-0.16443598256119465,-0.1644359827041626
1nif3u0,test,ont_Etica_Negativo,0.0,-0.06834085335022719,-0.06834085285663605
1nif3u0,test,ont_Tecnologia_Neutro,0.0,-0.27668578554642986,-0.27668577432632446
1nj91mo,test,ont_domain_density,0.0,-1.146146880856887,-1.1461468935012817
1nj91mo,test,ont_total_negativo_mentions,0.0,-0.21001172000820306,-0.21001172065734863
1nj91mo,test,ont_InteligenciaArtificial_Negativo,0.0,-0.19168298382244495,-0.19168297946453094
1nj91mo,test,ont_Innovacion_Neutro,0.0,-0.16443598256119465,-0.1644359827041626
1nj91mo,test,ont_Etica_Negativo,0.0,-0.06834085335022719,-0.06834085285663605
1nj91mo,test,ont_Tecnologia_Neutro,0.0,-0.27668578554642986,-0.27668577432632446
1njpn8e,test,ont_domain_density,0.16666666666666666,1.8432932767441765,1.843293309211731
1njpn8e,test,ont_total_negativo_mentions,0.0,-0.21001172000820306,-0.21001172065734863
1njpn8e,test,ont_InteligenciaArtificial_Negativo,0.0,-0.19168298382244495,-0.19168297946453094
1njpn8e,test,ont_Innovacion_Neutro,0.0,-0.16443598256119465,-0.1644359827041626
1njpn8e,test,ont_Etica_Negativo,0.0,-0.06834085335022719,-0.06834085285663605
1njpn8e,test,ont_Tecnologia_Neutro,0.0,-0.27668578554642986,-0.27668577432632446
1njam4d,test,ont_domain_density,0.07142857142857142,0.1350417581149973,0.1350417584180832
1njam4d,test,ont_total_negativo_mentions,0.0,-0.21001172000820306,-0.21001172065734863
1njam4d,test,ont_InteligenciaArtificial_Negativo,0.0,-0.19168298382244495,-0.19168297946453094
1njam4d,test,ont_Innovacion_Neutro,0.0,-0.16443598256119465,-0.1644359827041626
1njam4d,test,ont_Etica_Negativo,0.0,-0.06834085335022719,-0.06834085285663605
1njam4d,test,ont_Tecnologia_Neutro,0.0,-0.27668578554642986,-0.27668577432632446
1njefac,test,ont_domain_density,0.05263157894736842,-0.20211314687760387,-0.20211315155029297
1njefac,test,ont_total_negativo_mentions,0.0,-0.21001172000820306,-0.21001172065734863
1njefac,test,ont_InteligenciaArtificial_Negativo,0.0,-0.19168298382244495,-0.19168297946453094
1njefac,test,ont_Innovacion_Neutro,0.0,-0.16443598256119465,-0.1644359827041626
1njefac,test,ont_Etica_Negativo,0.0,-0.06834085335022719,-0.06834085285663605
1njefac,test,ont_Tecnologia_Neutro,0.0,-0.27668578554642986,-0.27668577432632446
1nduqj2,test,ont_domain_density,0.09090909090909091,0.4844568414709659,0.4844568371772766
1nduqj2,test,ont_total_negativo_mentions,0.0,-0.21001172000820306,-0.21001172065734863
1nduqj2,test,ont_InteligenciaArtificial_Negativo,0.0,-0.19168298382244495,-0.19168297946453094
1nduqj2,test,ont_Innovacion_Neutro,0.0,-0.16443598256119465,-0.1644359827041626
1nduqj2,test,ont_Etica_Negativo,0.0,-0.06834085335022719,-0.06834085285663605
1nduqj2,test,ont_Tecnologia_Neutro,0.0,-0.27668578554642986,-0.27668577432632446
1nd69hu,test,ont_domain_density,0.0,-1.146146880856887,-1.1461468935012817
1nd69hu,test,ont_total_negativo_mentions,0.0,-0.21001172000820306,-0.21001172065734863
1nd69hu,test,ont_InteligenciaArtificial_Negativo,0.0,-0.19168298382244495,-0.19168297946453094
1nd69hu,test,ont_Innovacion_Neutro,0.0,-0.16443598256119465,-0.1644359827041626
1nd69hu,test,ont_Etica_Negativo,0.0,-0.06834085335022719,-0.06834085285663605
1nd69hu,test,ont_Tecnologia_Neutro,0.0,-0.27668578554642986,-0.27668577432632446
1ndb9a8,test,ont_domain_density,0.0,-1.146146880856887,-1.1461468935012817
1ndb9a8,test,ont_total_negativo_mentions,0.0,-0.21001172000820306,-0.21001172065734863
1ndb9a8,test,ont_InteligenciaArtificial_Negativo,0.0,-0.19168298382244495,-0.19168297946453094
1ndb9a8,test,ont_Innovacion_Neutro,0.0,-0.16443598256119465,-0.1644359827041626
1ndb9a8,test,ont_Etica_Negativo,0.0,-0.06834085335022719,-0.06834085285663605
1ndb9a8,test,ont_Tecnologia_Neutro,0.0,-0.27668578554642986,-0.27668577432632446
1ndmkxq,test,ont_domain_density,0.14285714285714285,1.4162303970868817,1.4162304401397705
1ndmkxq,test,ont_total_negativo_mentions,0.0,-0.21001172000820306,-0.21001172065734863
1ndmkxq,test,ont_InteligenciaArtificial_Negativo,0.0,-0.19168298382244495,-0.19168297946453094
1ndmkxq,test,ont_Innovacion_Neutro,0.0,-0.16443598256119465,-0.1644359827041626
1ndmkxq,test,ont_Etica_Negativo,0.0,-0.06834085335022719,-0.06834085285663605
1ndmkxq,test,ont_Tecnologia_Neutro,0.0,-0.27668578554642986,-0.27668577432632446
1ndmbat,test,ont_domain_density,0.07142857142857142,0.1350417581149973,0.1350417584180832
1ndmbat,test,ont_total_negativo_mentions,0.0,-0.21001172000820306,-0.21001172065734863
1ndmbat,test,ont_InteligenciaArtificial_Negativo,0.0,-0.19168298382244495,-0.19168297946453094
1ndmbat,test,ont_Innovacion_Neutro,0.0,-0.16443598256119465,-0.1644359827041626
1ndmbat,test,ont_Etica_Negativo,0.0,-0.06834085335022719,-0.06834085285663605
1ndmbat,test,ont_Tecnologia_Neutro,0.0,-0.27668578554642986,-0.27668577432632446
1ndt8pg,test,ont_domain_density,0.05555555555555555,-0.14966682832319925,-0.14966683089733124
1ndt8pg,test,ont_total_negativo_mentions,0.0,-0.21001172000820306,-0.21001172065734863
1ndt8pg,test,ont_InteligenciaArtificial_Negativo,0.0,-0.19168298382244495,-0.19168297946453094
1ndt8pg,test,ont_Innovacion_Neutro,0.0,-0.16443598256119465,-0.1644359827041626
1ndt8pg,test,ont_Etica_Negativo,0.0,-0.06834085335022719,-0.06834085285663605
1ndt8pg,test,ont_Tecnologia_Neutro,0.0,-0.27668578554642986,-0.27668577432632446
1nd7w72,test,ont_domain_density,0.06666666666666667,0.04962918218353839,0.04962918162345886
1nd7w72,test,ont_total_negativo_mentions,0.0,-0.21001172000820306,-0.21001172065734863
1nd7w72,test,ont_InteligenciaArtificial_Negativo,0.0,-0.19168298382244495,-0.19168297946453094
1nd7w72,test,ont_Innovacion_Neutro,0.0,-0.16443598256119465,-0.1644359827041626
1nd7w72,test,ont_Etica_Negativo,0.0,-0.06834085335022719,-0.06834085285663605
1nd7w72,test,ont_Tecnologia_Neutro,0.0,-0.27668578554642986,-0.27668577432632446
1ndecpe,test,ont_domain_density,0.0,-1.146146880856887,-1.1461468935012817
1ndecpe,test,ont_total_negativo_mentions,0.0,-0.21001172000820306,-0.21001172065734863
1ndecpe,test,ont_InteligenciaArtificial_Negativo,0.0,-0.19168298382244495,-0.19168297946453094
1ndecpe,test,ont_Innovacion_Neutro,0.0,-0.16443598256119465,-0.1644359827041626
1ndecpe,test,ont_Etica_Negativo,0.0,-0.06834085335022719,-0.06834085285663605
1ndecpe,test,ont_Tecnologia_Neutro,0.0,-0.27668578554642986,-0.27668577432632446
1ndjc6p,test,ont_domain_density,0.125,1.0959332373439108,1.095933198928833
1ndjc6p,test,ont_total_negativo_mentions,0.0,-0.21001172000820306,-0.21001172065734863
1ndjc6p,test,ont_InteligenciaArtificial_Negativo,0.0,-0.19168298382244495,-0.19168297946453094
1ndjc6p,test,ont_Innovacion_Neutro,0.0,-0.16443598256119465,-0.1644359827041626
1ndjc6p,test,ont_Etica_Negativo,0.0,-0.06834085335022719,-0.06834085285663605
1ndjc6p,test,ont_Tecnologia_Neutro,0.0,-0.27668578554642986,-0.27668577432632446
1naw5hz,test,ont_domain_density,0.1,0.6475172137037513,0.647517204284668
1naw5hz,test,ont_total_negativo_mentions,0.0,-0.21001172000820306,-0.21001172065734863
1naw5hz,test,ont_InteligenciaArtificial_Negativo,0.0,-0.19168298382244495,-0.19168297946453094
1naw5hz,test,ont_Innovacion_Neutro,0.0,-0.16443598256119465,-0.1644359827041626
1naw5hz,test,ont_Etica_Negativo,0.0,-0.06834085335022719,-0.06834085285663605
1naw5hz,test,ont_Tecnologia_Neutro,1.0,1.2450860349589343,1.2450860738754272
1narvkw,test,ont_domain_density,0.1,0.6475172137037513,0.647517204284668
1narvkw,test,ont_total_negativo_mentions,0.0,-0.21001172000820306,-0.21001172065734863
1narvkw,test,ont_InteligenciaArtificial_Negativo,0.0,-0.19168298382244495,-0.19168297946453094
1narvkw,test,ont_Innovacion_Neutro,0.0,-0.16443598256119465,-0.1644359827041626
1narvkw,test,ont_Etica_Negativo,0.0,-0.06834085335022719,-0.06834085285663605
1narvkw,test,ont_Tecnologia_Neutro,0.0,-0.27668578554642986,-0.27668577432632446
1nb0r40,test,ont_domain_density,0.1111111111111111,0.8468132242104887,0.8468132019042969
1nb0r40,test,ont_total_negativo_mentions,0.0,-0.21001172000820306,-0.21001172065734863
1nb0r40,test,ont_InteligenciaArtificial_Negativo,0.0,-0.19168298382244495,-0.19168297946453094
1nb0r40,test,ont_Innovacion_Neutro,0.0,-0.16443598256119465,-0.1644359827041626
1nb0r40,test,ont_Etica_Negativo,0.0,-0.06834085335022719,-0.06834085285663605
1nb0r40,test,ont_Tecnologia_Neutro,0.0,-0.27668578554642986,-0.27668577432632446
1nb2eq9,test,ont_domain_density,0.1,0.6475172137037513,0.647517204284668
1nb2eq9,test,ont_total_negativo_mentions,0.0,-0.21001172000820306,-0.21001172065734863
1nb2eq9,test,ont_InteligenciaArtificial_Negativo,0.0,-0.19168298382244495,-0.19168297946453094
1nb2eq9,test,ont_Innovacion_Neutro,0.0,-0.16443598256119465,-0.1644359827041626
1nb2eq9,test,ont_Etica_Negativo,0.0,-0.06834085335022719,-0.06834085285663605
1nb2eq9,test,ont_Tecnologia_Neutro,0.0,-0.27668578554642986,-0.27668577432632446
1nci86l,test,ont_domain_density,0.1,0.6475172137037513,0.647517204284668
1nci86l,test,ont_total_negativo_mentions,0.0,-0.21001172000820306,-0.21001172065734863
1nci86l,test,ont_InteligenciaArtificial_Negativo,0.0,-0.19168298382244495,-0.19168297946453094
1nci86l,test,ont_Innovacion_Neutro,0.0,-0.16443598256119465,-0.1644359827041626
1nci86l,test,ont_Etica_Negativo,0.0,-0.06834085335022719,-0.06834085285663605
1nci86l,test,ont_Tecnologia_Neutro,0.0,-0.27668578554642986,-0.27668577432632446
1nctqbj,test,ont_domain_density,0.041666666666666664,-0.39878684145662124,-0.39878684282302856
1nctqbj,test,ont_total_negativo_mentions,0.0,-0.21001172000820306,-0.21001172065734863
1nctqbj,test,ont_InteligenciaArtificial_Negativo,0.0,-0.19168298382244495,-0.19168297946453094
1nctqbj,test,ont_Innovacion_Neutro,0.0,-0.16443598256119465,-0.1644359827041626
1nctqbj,test,ont_Etica_Negativo,0.0,-0.06834085335022719,-0.06834085285663605
1nctqbj,test,ont_Tecnologia_Neutro,0.0,-0.27668578554642986,-0.27668577432632446
1nc2z09,test,ont_domain_density,0.0,-1.146146880856887,-1.1461468935012817
1nc2z09,test,ont_total_negativo_mentions,0.0,-0.21001172000820306,-0.21001172065734863
1nc2z09,test,ont_InteligenciaArtificial_Negativo,0.0,-0.19168298382244495,-0.19168297946453094
1nc2z09,test,ont_Innovacion_Neutro,0.0,-0.16443598256119465,-0.1644359827041626
1nc2z09,test,ont_Etica_Negativo,0.0,-0.06834085335022719,-0.06834085285663605
1nc2z09,test,ont_Tecnologia_Neutro,0.0,-0.27668578554642986,-0.27668577432632446
1nbzrwk,test,ont_domain_density,0.09090909090909091,0.4844568414709659,0.4844568371772766
1nbzrwk,test,ont_total_negativo_mentions,0.0,-0.21001172000820306,-0.21001172065734863
1nbzrwk,test,ont_InteligenciaArtificial_Negativo,0.0,-0.19168298382244495,-0.19168297946453094
1nbzrwk,test,ont_Innovacion_Neutro,0.0,-0.16443598256119465,-0.1644359827041626
1nbzrwk,test,ont_Etica_Negativo,0.0,-0.06834085335022719,-0.06834085285663605
1nbzrwk,test,ont_Tecnologia_Neutro,0.0,-0.27668578554642986,-0.27668577432632446
1nbn3oj,test,ont_domain_density,0.08333333333333333,0.3485731979436447,0.3485732078552246
1nbn3oj,test,ont_total_negativo_mentions,0.0,-0.21001172000820306,-0.21001172065734863
1nbn3oj,test,ont_InteligenciaArtificial_Negativo,0.0,-0.19168298382244495,-0.19168297946453094
1nbn3oj,test,ont_Innovacion_Neutro,0.0,-0.16443598256119465,-0.1644359827041626
1nbn3oj,test,ont_Etica_Negativo,0.0,-0.06834085335022719,-0.06834085285663605
1nbn3oj,test,ont_Tecnologia_Neutro,0.0,-0.27668578554642986,-0.27668577432632446
1nbvuwc,test,ont_domain_density,0.07142857142857142,0.1350417581149973,0.1350417584180832
1nbvuwc,test,ont_total_negativo_mentions,0.0,-0.21001172000820306,-0.21001172065734863
1nbvuwc,test,ont_InteligenciaArtificial_Negativo,0.0,-0.19168298382244495,-0.19168297946453094
1nbvuwc,test,ont_Innovacion_Neutro,0.0,-0.16443598256119465,-0.1644359827041626
1nbvuwc,test,ont_Etica_Negativo,0.0,-0.06834085335022719,-0.06834085285663605
1nbvuwc,test,ont_Tecnologia_Neutro,0.0,-0.27668578554642986,-0.27668577432632446
1nbvqt8,test,ont_domain_density,0.125,1.0959332373439108,1.095933198928833
1nbvqt8,test,ont_total_negativo_mentions,0.0,-0.21001172000820306,-0.21001172065734863
1nbvqt8,test,ont_InteligenciaArtificial_Negativo,0.0,-0.19168298382244495,-0.19168297946453094
1nbvqt8,test,ont_Innovacion_Neutro,0.0,-0.16443598256119465,-0.1644359827041626
1nbvqt8,test,ont_Etica_Negativo,0.0,-0.06834085335022719,-0.06834085285663605
1nbvqt8,test,ont_Tecnologia_Neutro,0.0,-0.27668578554642986,-0.27668577432632446
1n5qsr5,test,ont_domain_density,0.0,-1.146146880856887,-1.1461468935012817
1n5qsr5,test,ont_total_negativo_mentions,0.0,-0.21001172000820306,-0.21001172065734863
1n5qsr5,test,ont_InteligenciaArtificial_Negativo,0.0,-0.19168298382244495,-0.19168297946453094
1n5qsr5,test,ont_Innovacion_Neutro,0.0,-0.16443598256119465,-0.1644359827041626
1n5qsr5,test,ont_Etica_Negativo,0.0,-0.06834085335022719,-0.06834085285663605
1n5qsr5,test,ont_Tecnologia_Neutro,0.0,-0.27668578554642986,-0.27668577432632446
1na957j,test,ont_domain_density,0.06666666666666667,0.04962918218353839,0.04962918162345886
1na957j,test,ont_total_negativo_mentions,0.0,-0.21001172000820306,-0.21001172065734863
1na957j,test,ont_InteligenciaArtificial_Negativo,0.0,-0.19168298382244495,-0.19168297946453094
1na957j,test,ont_Innovacion_Neutro,0.0,-0.16443598256119465,-0.1644359827041626
1na957j,test,ont_Etica_Negativo,0.0,-0.06834085335022719,-0.06834085285663605
1na957j,test,ont_Tecnologia_Neutro,1.0,1.2450860349589343,1.2450860738754272
1n9v3dk,test,ont_domain_density,0.07692307692307693,0.23359473034360395,0.23359473049640656
1n9v3dk,test,ont_total_negativo_mentions,0.0,-0.21001172000820306,-0.21001172065734863
1n9v3dk,test,ont_InteligenciaArtificial_Negativo,0.0,-0.19168298382244495,-0.19168297946453094
1n9v3dk,test,ont_Innovacion_Neutro,0.0,-0.16443598256119465,-0.1644359827041626
1n9v3dk,test,ont_Etica_Negativo,0.0,-0.06834085335022719,-0.06834085285663605
1n9v3dk,test,ont_Tecnologia_Neutro,0.0,-0.27668578554642986,-0.27668577432632446
1n9re19,test,ont_domain_density,0.16666666666666666,1.8432932767441765,1.843293309211731
1n9re19,test,ont_total_negativo_mentions,0.0,-0.21001172000820306,-0.21001172065734863
1n9re19,test,ont_InteligenciaArtificial_Negativo,0.0,-0.19168298382244495,-0.19168297946453094
1n9re19,test,ont_Innovacion_Neutro,0.0,-0.16443598256119465,-0.1644359827041626
1n9re19,test,ont_Etica_Negativo,0.0,-0.06834085335022719,-0.06834085285663605
1n9re19,test,ont_Tecnologia_Neutro,0.0,-0.27668578554642986,-0.27668577432632446
1na5mm2,test,ont_domain_density,0.08333333333333333,0.3485731979436447,0.3485732078552246
1na5mm2,test,ont_total_negativo_mentions,0.0,-0.21001172000820306,-0.21001172065734863
1na5mm2,test,ont_InteligenciaArtificial_Negativo,0.0,-0.19168298382244495,-0.19168297946453094
1na5mm2,test,ont_Innovacion_Neutro,0.0,-0.16443598256119465,-0.1644359827041626
1na5mm2,test,ont_Etica_Negativo,0.0,-0.06834085335022719,-0.06834085285663605
1na5mm2,test,ont_Tecnologia_Neutro,1.0,1.2450860349589343,1.2450860738754272
1nae1hc,test,ont_domain_density,0.047619047619047616,-0.29202112154229753,-0.29202112555503845
1nae1hc,test,ont_total_negativo_mentions,0.0,-0.21001172000820306,-0.21001172065734863
1nae1hc,test,ont_InteligenciaArtificial_Negativo,0.0,-0.19168298382244495,-0.19168297946453094
1nae1hc,test,ont_Innovacion_Neutro,0.0,-0.16443598256119465,-0.1644359827041626
1nae1hc,test,ont_Etica_Negativo,0.0,-0.06834085335022719,-0.06834085285663605
1nae1hc,test,ont_Tecnologia_Neutro,0.0,-0.27668578554642986,-0.27668577432632446
1nhujnk,test,ont_domain_density,0.07142857142857142,0.1350417581149973,0.1350417584180832
1nhujnk,test,ont_total_negativo_mentions,0.0,-0.21001172000820306,-0.21001172065734863
1nhujnk,test,ont_InteligenciaArtificial_Negativo,0.0,-0.19168298382244495,-0.19168297946453094
1nhujnk,test,ont_Innovacion_Neutro,0.0,-0.16443598256119465,-0.1644359827041626
1nhujnk,test,ont_Etica_Negativo,0.0,-0.06834085335022719,-0.06834085285663605
1nhujnk,test,ont_Tecnologia_Neutro,0.0,-0.27668578554642986,-0.27668577432632446
1nf1ofz,test,ont_domain_density,0.0,-1.146146880856887,-1.1461468935012817
1nf1ofz,test,ont_total_negativo_mentions,0.0,-0.21001172000820306,-0.21001172065734863
1nf1ofz,test,ont_InteligenciaArtificial_Negativo,0.0,-0.19168298382244495,-0.19168297946453094
1nf1ofz,test,ont_Innovacion_Neutro,0.0,-0.16443598256119465,-0.1644359827041626
1nf1ofz,test,ont_Etica_Negativo,0.0,-0.06834085335022719,-0.06834085285663605
1nf1ofz,test,ont_Tecnologia_Neutro,0.0,-0.27668578554642986,-0.27668577432632446
1nez75x,test,ont_domain_density,0.03333333333333333,-0.5482588493366743,-0.5482588410377502
1nez75x,test,ont_total_negativo_mentions,0.0,-0.21001172000820306,-0.21001172065734863
1nez75x,test,ont_InteligenciaArtificial_Negativo,0.0,-0.19168298382244495,-0.19168297946453094
1nez75x,test,ont_Innovacion_Neutro,0.0,-0.16443598256119465,-0.1644359827041626
1nez75x,test,ont_Etica_Negativo,0.0,-0.06834085335022719,-0.06834085285663605
1nez75x,test,ont_Tecnologia_Neutro,0.0,-0.27668578554642986,-0.27668577432632446
1nfag0t,test,ont_domain_density,0.25,3.338013355544709,3.3380134105682373
1nfag0t,test,ont_total_negativo_mentions,0.0,-0.21001172000820306,-0.21001172065734863
1nfag0t,test,ont_InteligenciaArtificial_Negativo,0.0,-0.19168298382244495,-0.19168297946453094
1nfag0t,test,ont_Innovacion_Neutro,0.0,-0.16443598256119465,-0.1644359827041626
1nfag0t,test,ont_Etica_Negativo,0.0,-0.06834085335022719,-0.06834085285663605
1nfag0t,test,ont_Tecnologia_Neutro,0.0,-0.27668578554642986,-0.27668577432632446
1nfsrko,test,ont_domain_density,0.07692307692307693,0.23359473034360395,0.23359473049640656
1nfsrko,test,ont_total_negativo_mentions,0.0,-0.21001172000820306,-0.21001172065734863
1nfsrko,test,ont_InteligenciaArtificial_Negativo,0.0,-0.19168298382244495,-0.19168297946453094
1nfsrko,test,ont_Innovacion_Neutro,0.0,-0.16443598256119465,-0.1644359827041626
1nfsrko,test,ont_Etica_Negativo,0.0,-0.06834085335022719,-0.06834085285663605
1nfsrko,test,ont_Tecnologia_Neutro,0.0,-0.27668578554642986,-0.27668577432632446
1ng8dzr,test,ont_domain_density,0.1,0.6475172137037513,0.647517204284668
1ng8dzr,test,ont_total_negativo_mentions,0.0,-0.21001172000820306,-0.21001172065734863
1ng8dzr,test,ont_InteligenciaArtificial_Negativo,0.0,-0.19168298382244495,-0.19168297946453094
1ng8dzr,test,ont_Innovacion_Neutro,0.0,-0.16443598256119465,-0.1644359827041626
1ng8dzr,test,ont_Etica_Negativo,0.0,-0.06834085335022719,-0.06834085285663605
1ng8dzr,test,ont_Tecnologia_Neutro,0.0,-0.27668578554642986,-0.27668577432632446
1nfunlc,test,ont_domain_density,0.07692307692307693,0.23359473034360395,0.23359473049640656
1nfunlc,test,ont_total_negativo_mentions,0.0,-0.21001172000820306,-0.21001172065734863
1nfunlc,test,ont_InteligenciaArtificial_Negativo,0.0,-0.19168298382244495,-0.19168297946453094
1nfunlc,test,ont_Innovacion_Neutro,0.0,-0.16443598256119465,-0.1644359827041626
1nfunlc,test,ont_Etica_Negativo,0.0,-0.06834085335022719,-0.06834085285663605
1nfunlc,test,ont_Tecnologia_Neutro,0.0,-0.27668578554642986,-0.27668577432632446
1ngr3r7,test,ont_domain_density,0.1111111111111111,0.8468132242104887,0.8468132019042969
1ngr3r7,test,ont_total_negativo_mentions,0.0,-0.21001172000820306,-0.21001172065734863
1ngr3r7,test,ont_InteligenciaArtificial_Negativo,0.0,-0.19168298382244495,-0.19168297946453094
1ngr3r7,test,ont_Innovacion_Neutro,0.0,-0.16443598256119465,-0.1644359827041626
1ngr3r7,test,ont_Etica_Negativo,0.0,-0.06834085335022719,-0.06834085285663605
1ngr3r7,test,ont_Tecnologia_Neutro,0.0,-0.27668578554642986,-0.27668577432632446
1n524mk,test,ont_domain_density,0.058823529411764705,-0.09105035464474698,-0.09105035662651062
1n524mk,test,ont_total_negativo_mentions,0.0,-0.21001172000820306,-0.21001172065734863
1n524mk,test,ont_InteligenciaArtificial_Negativo,0.0,-0.19168298382244495,-0.19168297946453094
1n524mk,test,ont_Innovacion_Neutro,0.0,-0.16443598256119465,-0.1644359827041626
1n524mk,test,ont_Etica_Negativo,0.0,-0.06834085335022719,-0.06834085285663605
1n524mk,test,ont_Tecnologia_Neutro,0.0,-0.27668578554642986,-0.27668577432632446
1n573nd,test,ont_domain_density,0.041666666666666664,-0.39878684145662124,-0.39878684282302856
1n573nd,test,ont_total_negativo_mentions,0.0,-0.21001172000820306,-0.21001172065734863
1n573nd,test,ont_InteligenciaArtificial_Negativo,0.0,-0.19168298382244495,-0.19168297946453094
1n573nd,test,ont_Innovacion_Neutro,0.0,-0.16443598256119465,-0.1644359827041626
1n573nd,test,ont_Etica_Negativo,0.0,-0.06834085335022719,-0.06834085285663605
1n573nd,test,ont_Tecnologia_Neutro,0.0,-0.27668578554642986,-0.27668577432632446
1n4a8nw,test,ont_domain_density,0.1111111111111111,0.8468132242104887,0.8468132019042969
1n4a8nw,test,ont_total_negativo_mentions,0.0,-0.21001172000820306,-0.21001172065734863
1n4a8nw,test,ont_InteligenciaArtificial_Negativo,0.0,-0.19168298382244495,-0.19168297946453094
1n4a8nw,test,ont_Innovacion_Neutro,0.0,-0.16443598256119465,-0.1644359827041626
1n4a8nw,test,ont_Etica_Negativo,0.0,-0.06834085335022719,-0.06834085285663605
1n4a8nw,test,ont_Tecnologia_Neutro,0.0,-0.27668578554642986,-0.27668577432632446
1ne7j9v,test,ont_domain_density,0.125,1.0959332373439108,1.095933198928833
1ne7j9v,test,ont_total_negativo_mentions,0.0,-0.21001172000820306,-0.21001172065734863
1ne7j9v,test,ont_InteligenciaArtificial_Negativo,0.0,-0.19168298382244495,-0.19168297946453094
1ne7j9v,test,ont_Innovacion_Neutro,0.0,-0.16443598256119465,-0.1644359827041626
1ne7j9v,test,ont_Etica_Negativo,0.0,-0.06834085335022719,-0.06834085285663605
1ne7j9v,test,ont_Tecnologia_Neutro,0.0,-0.27668578554642986,-0.27668577432632446
1nelzc3,test,ont_domain_density,0.034482758620689655,-0.5276420206635636,-0.527642011642456
1nelzc3,test,ont_total_negativo_mentions,0.0,-0.21001172000820306,-0.21001172065734863
1nelzc3,test,ont_InteligenciaArtificial_Negativo,0.0,-0.19168298382244495,-0.19168297946453094
1nelzc3,test,ont_Innovacion_Neutro,0.0,-0.16443598256119465,-0.1644359827041626
1nelzc3,test,ont_Etica_Negativo,0.0,-0.06834085335022719,-0.06834085285663605
1nelzc3,test,ont_Tecnologia_Neutro,0.0,-0.27668578554642986,-0.27668577432632446
1nem7e6,test,ont_domain_density,0.01056338028169014,-0.9566753215723127,-0.9566753506660461
1nem7e6,test,ont_total_negativo_mentions,0.0,-0.21001172000820306,-0.21001172065734863
1nem7e6,test,ont_InteligenciaArtificial_Negativo,0.0,-0.19168298382244495,-0.19168297946453094
1nem7e6,test,ont_Innovacion_Neutro,0.0,-0.16443598256119465,-0.1644359827041626
1nem7e6,test,ont_Etica_Negativo,0.0,-0.06834085335022719,-0.06834085285663605
1nem7e6,test,ont_Tecnologia_Neutro,0.0,-0.27668578554642986,-0.27668577432632446
1neftmf,test,ont_domain_density,0.0625,-0.025106821756488196,-0.025106821209192276
1neftmf,test,ont_total_negativo_mentions,0.0,-0.21001172000820306,-0.21001172065734863
1neftmf,test,ont_InteligenciaArtificial_Negativo,0.0,-0.19168298382244495,-0.19168297946453094
1neftmf,test,ont_Innovacion_Neutro,0.0,-0.16443598256119465,-0.1644359827041626
1neftmf,test,ont_Etica_Negativo,0.0,-0.06834085335022719,-0.06834085285663605
1neftmf,test,ont_Tecnologia_Neutro,0.0,-0.27668578554642986,-0.27668577432632446
1ne4fz6,test,ont_domain_density,0.03571428571428571,-0.505552561370945,-0.5055525898933411
1ne4fz6,test,ont_total_negativo_mentions,0.0,-0.21001172000820306,-0.21001172065734863
1ne4fz6,test,ont_InteligenciaArtificial_Negativo,0.0,-0.19168298382244495,-0.19168297946453094
1ne4fz6,test,ont_Innovacion_Neutro,0.0,-0.16443598256119465,-0.1644359827041626
1ne4fz6,test,ont_Etica_Negativo,0.0,-0.06834085335022719,-0.06834085285663605
1ne4fz6,test,ont_Tecnologia_Neutro,0.0,-0.27668578554642986,-0.27668577432632446
1nibeql,test,ont_domain_density,0.02857142857142857,-0.6336714252681335,-0.6336714029312134
1nibeql,test,ont_total_negativo_mentions,0.0,-0.21001172000820306,-0.21001172065734863
1nibeql,test,ont_InteligenciaArtificial_Negativo,0.0,-0.19168298382244495,-0.19168297946453094
1nibeql,test,ont_Innovacion_Neutro,0.0,-0.16443598256119465,-0.1644359827041626
1nibeql,test,ont_Etica_Negativo,0.0,-0.06834085335022719,-0.06834085285663605
1nibeql,test,ont_Tecnologia_Neutro,0.0,-0.27668578554642986,-0.27668577432632446
1nirter,test,ont_domain_density,0.13636363636363635,1.2997587026348922,1.2997586727142334
1nirter,test,ont_total_negativo_mentions,1.0,3.1226332794662324,3.122633218765259
1nirter,test,ont_InteligenciaArtificial_Negativo,0.0,-0.19168298382244495,-0.19168297946453094
1nirter,test,ont_Innovacion_Neutro,0.0,-0.16443598256119465,-0.1644359827041626
1nirter,test,ont_Etica_Negativo,0.0,-0.06834085335022719,-0.06834085285663605
1nirter,test,ont_Tecnologia_Neutro,0.0,-0.27668578554642986,-0.27668577432632446
1nihv2k,test,ont_domain_density,0.016129032258064516,-0.8568462204438809,-0.8568462133407593
1nihv2k,test,ont_total_negativo_mentions,0.0,-0.21001172000820306,-0.21001172065734863
1nihv2k,test,ont_InteligenciaArtificial_Negativo,0.0,-0.19168298382244495,-0.19168297946453094
1nihv2k,test,ont_Innovacion_Neutro,0.0,-0.16443598256119465,-0.1644359827041626
1nihv2k,test,ont_Etica_Negativo,0.0,-0.06834085335022719,-0.06834085285663605
1nihv2k,test,ont_Tecnologia_Neutro,0.0,-0.27668578554642986,-0.27668577432632446
1nikn67,test,ont_domain_density,0.06666666666666667,0.04962918218353839,0.04962918162345886
1nikn67,test,ont_total_negativo_mentions,0.0,-0.21001172000820306,-0.21001172065734863
1nikn67,test,ont_InteligenciaArtificial_Negativo,0.0,-0.19168298382244495,-0.19168297946453094
1nikn67,test,ont_Innovacion_Neutro,0.0,-0.16443598256119465,-0.1644359827041626
1nikn67,test,ont_Etica_Negativo,0.0,-0.06834085335022719,-0.06834085285663605
1nikn67,test,ont_Tecnologia_Neutro,0.0,-0.27668578554642986,-0.27668577432632446
1nii41n,test,ont_domain_density,0.00881057268722467,-0.9881148020409719,-0.9881147742271423
1nii41n,test,ont_total_negativo_mentions,0.0,-0.21001172000820306,-0.21001172065734863
1nii41n,test,ont_InteligenciaArtificial_Negativo,0.0,-0.19168298382244495,-0.19168297946453094
1nii41n,test,ont_Innovacion_Neutro,0.0,-0.16443598256119465,-0.1644359827041626
1nii41n,test,ont_Etica_Negativo,0.0,-0.06834085335022719,-0.06834085285663605
1nii41n,test,ont_Tecnologia_Neutro,0.0,-0.27668578554642986,-0.27668577432632446
1nibfqs,test,ont_domain_density,0.0,-1.146146880856887,-1.1461468935012817
1nibfqs,test,ont_total_negativo_mentions,0.0,-0.21001172000820306,-0.21001172065734863
1nibfqs,test,ont_InteligenciaArtificial_Negativo,0.0,-0.19168298382244495,-0.19168297946453094
1nibfqs,test,ont_Innovacion_Neutro,0.0,-0.16443598256119465,-0.1644359827041626
1nibfqs,test,ont_Etica_Negativo,0.0,-0.06834085335022719,-0.06834085285663605
1nibfqs,test,ont_Tecnologia_Neutro,0.0,-0.27668578554642986,-0.27668577432632446
1njb1ni,test,ont_domain_density,0.011904761904761904,-0.9326154410282398,-0.9326154589653015
1njb1ni,test,ont_total_negativo_mentions,0.0,-0.21001172000820306,-0.21001172065734863
1njb1ni,test,ont_InteligenciaArtificial_Negativo,0.0,-0.19168298382244495,-0.19168297946453094
1njb1ni,test,ont_Innovacion_Neutro,0.0,-0.16443598256119465,-0.1644359827041626
1njb1ni,test,ont_Etica_Negativo,0.0,-0.06834085335022719,-0.06834085285663605
1njb1ni,test,ont_Tecnologia_Neutro,0.0,-0.27668578554642986,-0.27668577432632446
1njcvyp,test,ont_domain_density,0.008849557522123894,-0.9874155450550608,-0.9874155521392822
1njcvyp,test,ont_total_negativo_mentions,0.0,-0.21001172000820306,-0.21001172065734863
1njcvyp,test,ont_InteligenciaArtificial_Negativo,0.0,-0.19168298382244495,-0.19168297946453094
1njcvyp,test,ont_Innovacion_Neutro,0.0,-0.16443598256119465,-0.1644359827041626
1njcvyp,test,ont_Etica_Negativo,0.0,-0.06834085335022719,-0.06834085285663605
1njcvyp,test,ont_Tecnologia_Neutro,0.0,-0.27668578554642986,-0.27668577432632446
1njhwo0,test,ont_domain_density,0.1111111111111111,0.8468132242104887,0.8468132019042969
1njhwo0,test,ont_total_negativo_mentions,0.0,-0.21001172000820306,-0.21001172065734863
1njhwo0,test,ont_InteligenciaArtificial_Negativo,0.0,-0.19168298382244495,-0.19168297946453094
1njhwo0,test,ont_Innovacion_Neutro,0.0,-0.16443598256119465,-0.1644359827041626
1njhwo0,test,ont_Etica_Negativo,0.0,-0.06834085335022719,-0.06834085285663605
1njhwo0,test,ont_Tecnologia_Neutro,0.0,-0.27668578554642986,-0.27668577432632446
1njddp4,test,ont_domain_density,0.011441647597254004,-0.9409221560787822,-0.9409221410751343
1njddp4,test,ont_total_negativo_mentions,0.0,-0.21001172000820306,-0.21001172065734863
1njddp4,test,ont_InteligenciaArtificial_Negativo,0.0,-0.19168298382244495,-0.19168297946453094
1njddp4,test,ont_Innovacion_Neutro,0.0,-0.16443598256119465,-0.1644359827041626
1njddp4,test,ont_Etica_Negativo,0.0,-0.06834085335022719,-0.06834085285663605
1njddp4,test,ont_Tecnologia_Neutro,0.0,-0.27668578554642986,-0.27668577432632446
1njit8e,test,ont_domain_density,0.011461318051575931,-0.9405693342023728,-0.9405693411827087
1njit8e,test,ont_total_negativo_mentions,0.0,-0.21001172000820306,-0.21001172065734863
1njit8e,test,ont_InteligenciaArtificial_Negativo,0.0,-0.19168298382244495,-0.19168297946453094
1njit8e,test,ont_Innovacion_Neutro,0.0,-0.16443598256119465,-0.1644359827041626
1njit8e,test,ont_Etica_Negativo,0.0,-0.06834085335022719,-0.06834085285663605
1njit8e,test,ont_Tecnologia_Neutro,1.0,1.2450860349589343,1.2450860738754272
1nd70x5,test,ont_domain_density,0.013888888888888888,-0.8970268677234652,-0.8970268964767456
1nd70x5,test,ont_total_negativo_mentions,1.0,3.1226332794662324,3.122633218765259
1nd70x5,test,ont_InteligenciaArtificial_Negativo,1.0,4.333905512278206,4.3339056968688965
1nd70x5,test,ont_Innovacion_Neutro,0.0,-0.16443598256119465,-0.1644359827041626
1nd70x5,test,ont_Etica_Negativo,0.0,-0.06834085335022719,-0.06834085285663605
1nd70x5,test,ont_Tecnologia_Neutro,0.0,-0.27668578554642986,-0.27668577432632446
1ndi26r,test,ont_domain_density,0.058823529411764705,-0.09105035464474698,-0.09105035662651062
1ndi26r,test,ont_total_negativo_mentions,0.0,-0.21001172000820306,-0.21001172065734863
1ndi26r,test,ont_InteligenciaArtificial_Negativo,0.0,-0.19168298382244495,-0.19168297946453094
1ndi26r,test,ont_Innovacion_Neutro,0.0,-0.16443598256119465,-0.1644359827041626
1ndi26r,test,ont_Etica_Negativo,0.0,-0.06834085335022719,-0.06834085285663605
1ndi26r,test,ont_Tecnologia_Neutro,0.0,-0.27668578554642986,-0.27668577432632446
1ndee5b,test,ont_domain_density,0.005208333333333333,-1.0527268759318538,-1.0527268648147583
1ndee5b,test,ont_total_negativo_mentions,0.0,-0.21001172000820306,-0.21001172065734863
1ndee5b,test,ont_InteligenciaArtificial_Negativo,0.0,-0.19168298382244495,-0.19168297946453094
1ndee5b,test,ont_Innovacion_Neutro,0.0,-0.16443598256119465,-0.1644359827041626
1ndee5b,test,ont_Etica_Negativo,0.0,-0.06834085335022719,-0.06834085285663605
1ndee5b,test,ont_Tecnologia_Neutro,0.0,-0.27668578554642986,-0.27668577432632446
1naogof,test,ont_domain_density,0.125,1.0959332373439108,1.095933198928833
1naogof,test,ont_total_negativo_mentions,0.0,-0.21001172000820306,-0.21001172065734863
1naogof,test,ont_InteligenciaArtificial_Negativo,0.0,-0.19168298382244495,-0.19168297946453094
1naogof,test,ont_Innovacion_Neutro,0.0,-0.16443598256119465,-0.1644359827041626
1naogof,test,ont_Etica_Negativo,0.0,-0.06834085335022719,-0.06834085285663605
1naogof,test,ont_Tecnologia_Neutro,0.0,-0.27668578554642986,-0.27668577432632446
1nchgmd,test,ont_domain_density,0.016,-0.859160625727185,-0.8591606020927429
1nchgmd,test,ont_total_negativo_mentions,0.0,-0.21001172000820306,-0.21001172065734863
1nchgmd,test,ont_InteligenciaArtificial_Negativo,0.0,-0.19168298382244495,-0.19168297946453094
1nchgmd,test,ont_Innovacion_Neutro,0.0,-0.16443598256119465,-0.1644359827041626
1nchgmd,test,ont_Etica_Negativo,0.0,-0.06834085335022719,-0.06834085285663605
1nchgmd,test,ont_Tecnologia_Neutro,0.0,-0.27668578554642986,-0.27668577432632446
1ncgzxa,test,ont_domain_density,0.1111111111111111,0.8468132242104887,0.8468132019042969
1ncgzxa,test,ont_total_negativo_mentions,0.0,-0.21001172000820306,-0.21001172065734863
1ncgzxa,test,ont_InteligenciaArtificial_Negativo,0.0,-0.19168298382244495,-0.19168297946453094
1ncgzxa,test,ont_Innovacion_Neutro,0.0,-0.16443598256119465,-0.1644359827041626
1ncgzxa,test,ont_Etica_Negativo,0.0,-0.06834085335022719,-0.06834085285663605
1ncgzxa,test,ont_Tecnologia_Neutro,0.0,-0.27668578554642986,-0.27668577432632446
1nc8va5,test,ont_domain_density,0.018867924528301886,-0.8077196932039366,-0.8077197074890137
1nc8va5,test,ont_total_negativo_mentions,1.0,3.1226332794662324,3.122633218765259
1nc8va5,test,ont_InteligenciaArtificial_Negativo,0.0,-0.19168298382244495,-0.19168297946453094
1nc8va5,test,ont_Innovacion_Neutro,0.0,-0.16443598256119465,-0.1644359827041626
1nc8va5,test,ont_Etica_Negativo,0.0,-0.06834085335022719,-0.06834085285663605
1nc8va5,test,ont_Tecnologia_Neutro,1.0,1.2450860349589343,1.2450860738754272
1nbjfs9,test,ont_domain_density,0.0,-1.146146880856887,-1.1461468935012817
1nbjfs9,test,ont_total_negativo_mentions,0.0,-0.21001172000820306,-0.21001172065734863
1nbjfs9,test,ont_InteligenciaArtificial_Negativo,0.0,-0.19168298382244495,-0.19168297946453094
1nbjfs9,test,ont_Innovacion_Neutro,0.0,-0.16443598256119465,-0.1644359827041626
1nbjfs9,test,ont_Etica_Negativo,0.0,-0.06834085335022719,-0.06834085285663605
1nbjfs9,test,ont_Tecnologia_Neutro,0.0,-0.27668578554642986,-0.27668577432632446
1nbprn1,test,ont_domain_density,0.14285714285714285,1.4162303970868817,1.4162304401397705
1nbprn1,test,ont_total_negativo_mentions,0.0,-0.21001172000820306,-0.21001172065734863
1nbprn1,test,ont_InteligenciaArtificial_Negativo,0.0,-0.19168298382244495,-0.19168297946453094
1nbprn1,test,ont_Innovacion_Neutro,0.0,-0.16443598256119465,-0.1644359827041626
1nbprn1,test,ont_Etica_Negativo,0.0,-0.06834085335022719,-0.06834085285663605
1nbprn1,test,ont_Tecnologia_Neutro,0.0,-0.27668578554642986,-0.27668577432632446
1nhuxay,test,ont_domain_density,0.021739130434782608,-0.7562199037784875,-0.7562199234962463
1nhuxay,test,ont_total_negativo_mentions,0.0,-0.21001172000820306,-0.21001172065734863
1nhuxay,test,ont_InteligenciaArtificial_Negativo,0.0,-0.19168298382244495,-0.19168297946453094
1nhuxay,test,ont_Innovacion_Neutro,0.0,-0.16443598256119465,-0.1644359827041626
1nhuxay,test,ont_Etica_Negativo,0.0,-0.06834085335022719,-0.06834085285663605
1nhuxay,test,ont_Tecnologia_Neutro,0.0,-0.27668578554642986,-0.27668577432632446
1ni7b0d,test,ont_domain_density,0.0072992700729927005,-1.015222494392607,-1.0152225494384766
1ni7b0d,test,ont_total_negativo_mentions,0.0,-0.21001172000820306,-0.21001172065734863
1ni7b0d,test,ont_InteligenciaArtificial_Negativo,0.0,-0.19168298382244495,-0.19168297946453094
1ni7b0d,test,ont_Innovacion_Neutro,0.0,-0.16443598256119465,-0.1644359827041626
1ni7b0d,test,ont_Etica_Negativo,0.0,-0.06834085335022719,-0.06834085285663605
1ni7b0d,test,ont_Tecnologia_Neutro,0.0,-0.27668578554642986,-0.27668577432632446
1nfbzja,test,ont_domain_density,0.02112676056338028,-0.7672037622877382,-0.7672037482261658
1nfbzja,test,ont_total_negativo_mentions,0.0,-0.21001172000820306,-0.21001172065734863
1nfbzja,test,ont_InteligenciaArtificial_Negativo,0.0,-0.19168298382244495,-0.19168297946453094
1nfbzja,test,ont_Innovacion_Neutro,0.0,-0.16443598256119465,-0.1644359827041626
1nfbzja,test,ont_Etica_Negativo,0.0,-0.06834085335022719,-0.06834085285663605
1nfbzja,test,ont_Tecnologia_Neutro,0.0,-0.27668578554642986,-0.27668577432632446
1nf6lnv,test,ont_domain_density,0.034482758620689655,-0.5276420206635636,-0.527642011642456
1nf6lnv,test,ont_total_negativo_mentions,0.0,-0.21001172000820306,-0.21001172065734863
1nf6lnv,test,ont_InteligenciaArtificial_Negativo,0.0,-0.19168298382244495,-0.19168297946453094
1nf6lnv,test,ont_Innovacion_Neutro,0.0,-0.16443598256119465,-0.1644359827041626
1nf6lnv,test,ont_Etica_Negativo,0.0,-0.06834085335022719,-0.06834085285663605
1nf6lnv,test,ont_Tecnologia_Neutro,0.0,-0.27668578554642986,-0.27668577432632446
1nfp6es,test,ont_domain_density,0.05263157894736842,-0.20211314687760387,-0.20211315155029297
1nfp6es,test,ont_total_negativo_mentions,0.0,-0.21001172000820306,-0.21001172065734863
1nfp6es,test,ont_InteligenciaArtificial_Negativo,0.0,-0.19168298382244495,-0.19168297946453094
1nfp6es,test,ont_Innovacion_Neutro,0.0,-0.16443598256119465,-0.1644359827041626
1nfp6es,test,ont_Etica_Negativo,0.0,-0.06834085335022719,-0.06834085285663605
1nfp6es,test,ont_Tecnologia_Neutro,0.0,-0.27668578554642986,-0.27668577432632446
1nfy0jz,test,ont_domain_density,0.021739130434782608,-0.7562199037784875,-0.7562199234962463
1nfy0jz,test,ont_total_negativo_mentions,0.0,-0.21001172000820306,-0.21001172065734863
1nfy0jz,test,ont_InteligenciaArtificial_Negativo,0.0,-0.19168298382244495,-0.19168297946453094
1nfy0jz,test,ont_Innovacion_Neutro,0.0,-0.16443598256119465,-0.1644359827041626
1nfy0jz,test,ont_Etica_Negativo,0.0,-0.06834085335022719,-0.06834085285663605
1nfy0jz,test,ont_Tecnologia_Neutro,0.0,-0.27668578554642986,-0.27668577432632446
1nasvya,test,ont_domain_density,0.2857142857142857,3.9786076750306507,3.978607654571533
1nasvya,test,ont_total_negativo_mentions,0.0,-0.21001172000820306,-0.21001172065734863
1nasvya,test,ont_InteligenciaArtificial_Negativo,0.0,-0.19168298382244495,-0.19168297946453094
1nasvya,test,ont_Innovacion_Neutro,0.0,-0.16443598256119465,-0.1644359827041626
1nasvya,test,ont_Etica_Negativo,0.0,-0.06834085335022719,-0.06834085285663605
1nasvya,test,ont_Tecnologia_Neutro,0.0,-0.27668578554642986,-0.27668577432632446
1ngbhha,test,ont_domain_density,0.023255813953488372,-0.7290156960753433,-0.7290157079696655
1ngbhha,test,ont_total_negativo_mentions,0.0,-0.21001172000820306,-0.21001172065734863
1ngbhha,test,ont_InteligenciaArtificial_Negativo,0.0,-0.19168298382244495,-0.19168297946453094
1ngbhha,test,ont_Innovacion_Neutro,0.0,-0.16443598256119465,-0.1644359827041626
1ngbhha,test,ont_Etica_Negativo,0.0,-0.06834085335022719,-0.06834085285663605
1ngbhha,test,ont_Tecnologia_Neutro,0.0,-0.27668578554642986,-0.27668577432632446
1n9aaer,test,ont_domain_density,0.125,1.0959332373439108,1.095933198928833
1n9aaer,test,ont_total_negativo_mentions,0.0,-0.21001172000820306,-0.21001172065734863
1n9aaer,test,ont_InteligenciaArtificial_Negativo,0.0,-0.19168298382244495,-0.19168297946453094
1n9aaer,test,ont_Innovacion_Neutro,0.0,-0.16443598256119465,-0.1644359827041626
1n9aaer,test,ont_Etica_Negativo,0.0,-0.06834085335022719,-0.06834085285663605
1n9aaer,test,ont_Tecnologia_Neutro,0.0,-0.27668578554642986,-0.27668577432632446
1n73fgy,test,ont_domain_density,0.08333333333333333,0.3485731979436447,0.3485732078552246
1n73fgy,test,ont_total_negativo_mentions,0.0,-0.21001172000820306,-0.21001172065734863
1n73fgy,test,ont_InteligenciaArtificial_Negativo,0.0,-0.19168298382244495,-0.19168297946453094
1n73fgy,test,ont_Innovacion_Neutro,0.0,-0.16443598256119465,-0.1644359827041626
1n73fgy,test,ont_Etica_Negativo,0.0,-0.06834085335022719,-0.06834085285663605
1n73fgy,test,ont_Tecnologia_Neutro,0.0,-0.27668578554642986,-0.27668577432632446
1n6ru58,test,ont_domain_density,0.0,-1.146146880856887,-1.1461468935012817
1n6ru58,test,ont_total_negativo_mentions,0.0,-0.21001172000820306,-0.21001172065734863
1n6ru58,test,ont_InteligenciaArtificial_Negativo,0.0,-0.19168298382244495,-0.19168297946453094
1n6ru58,test,ont_Innovacion_Neutro,0.0,-0.16443598256119465,-0.1644359827041626
1n6ru58,test,ont_Etica_Negativo,0.0,-0.06834085335022719,-0.06834085285663605
1n6ru58,test,ont_Tecnologia_Neutro,0.0,-0.27668578554642986,-0.27668577432632446
1ne5tpg,test,ont_domain_density,0.0,-1.146146880856887,-1.1461468935012817
1ne5tpg,test,ont_total_negativo_mentions,0.0,-0.21001172000820306,-0.21001172065734863
1ne5tpg,test,ont_InteligenciaArtificial_Negativo,0.0,-0.19168298382244495,-0.19168297946453094
1ne5tpg,test,ont_Innovacion_Neutro,0.0,-0.16443598256119465,-0.1644359827041626
1ne5tpg,test,ont_Etica_Negativo,0.0,-0.06834085335022719,-0.06834085285663605
1ne5tpg,test,ont_Tecnologia_Neutro,0.0,-0.27668578554642986,-0.27668577432632446
1neh6fg,test,ont_domain_density,0.0,-1.146146880856887,-1.1461468935012817
1neh6fg,test,ont_total_negativo_mentions,0.0,-0.21001172000820306,-0.21001172065734863
1neh6fg,test,ont_InteligenciaArtificial_Negativo,0.0,-0.19168298382244495,-0.19168297946453094
1neh6fg,test,ont_Innovacion_Neutro,0.0,-0.16443598256119465,-0.1644359827041626
1neh6fg,test,ont_Etica_Negativo,0.0,-0.06834085335022719,-0.06834085285663605
1neh6fg,test,ont_Tecnologia_Neutro,0.0,-0.27668578554642986,-0.27668577432632446
1n7aryr,test,ont_domain_density,0.031746031746031744,-0.576729707980494,-0.5767297148704529
1n7aryr,test,ont_total_negativo_mentions,0.0,-0.21001172000820306,-0.21001172065734863
1n7aryr,test,ont_InteligenciaArtificial_Negativo,0.0,-0.19168298382244495,-0.19168297946453094
1n7aryr,test,ont_Innovacion_Neutro,0.0,-0.16443598256119465,-0.1644359827041626
1n7aryr,test,ont_Etica_Negativo,0.0,-0.06834085335022719,-0.06834085285663605
1n7aryr,test,ont_Tecnologia_Neutro,2.0,2.7668578554642984,2.766857862472534
1n8tz3u,test,ont_domain_density,0.0,-1.146146880856887,-1.1461468935012817
1n8tz3u,test,ont_total_negativo_mentions,0.0,-0.21001172000820306,-0.21001172065734863
1n8tz3u,test,ont_InteligenciaArtificial_Negativo,0.0,-0.19168298382244495,-0.19168297946453094
1n8tz3u,test,ont_Innovacion_Neutro,0.0,-0.16443598256119465,-0.1644359827041626
1n8tz3u,test,ont_Etica_Negativo,0.0,-0.06834085335022719,-0.06834085285663605
1n8tz3u,test,ont_Tecnologia_Neutro,0.0,-0.27668578554642986,-0.27668577432632446
1n8m14t,test,ont_domain_density,0.020689655172413793,-0.775043964740893,-0.7750439643859863
1n8m14t,test,ont_total_negativo_mentions,0.0,-0.21001172000820306,-0.21001172065734863
1n8m14t,test,ont_InteligenciaArtificial_Negativo,0.0,-0.19168298382244495,-0.19168297946453094
1n8m14t,test,ont_Innovacion_Neutro,1.0,5.324323711205579,5.324323654174805
1n8m14t,test,ont_Etica_Negativo,0.0,-0.06834085335022719,-0.06834085285663605
1n8m14t,test,ont_Tecnologia_Neutro,0.0,-0.27668578554642986,-0.27668577432632446
1n9pw7o,test,ont_domain_density,0.0,-1.146146880856887,-1.1461468935012817
1n9pw7o,test,ont_total_negativo_mentions,0.0,-0.21001172000820306,-0.21001172065734863
1n9pw7o,test,ont_InteligenciaArtificial_Negativo,0.0,-0.19168298382244495,-0.19168297946453094
1n9pw7o,test,ont_Innovacion_Neutro,0.0,-0.16443598256119465,-0.1644359827041626
1n9pw7o,test,ont_Etica_Negativo,0.0,-0.06834085335022719,-0.06834085285663605
1n9pw7o,test,ont_Tecnologia_Neutro,0.0,-0.27668578554642986,-0.27668577432632446
1n6s0vb,test,ont_domain_density,0.012048192771084338,-0.930042773078497,-0.9300427436828613
1n6s0vb,test,ont_total_negativo_mentions,0.0,-0.21001172000820306,-0.21001172065734863
1n6s0vb,test,ont_InteligenciaArtificial_Negativo,0.0,-0.19168298382244495,-0.19168297946453094
1n6s0vb,test,ont_Innovacion_Neutro,0.0,-0.16443598256119465,-0.1644359827041626
1n6s0vb,test,ont_Etica_Negativo,0.0,-0.06834085335022719,-0.06834085285663605
1n6s0vb,test,ont_Tecnologia_Neutro,0.0,-0.27668578554642986,-0.27668577432632446
1n6pu8u,test,ont_domain_density,0.0,-1.146146880856887,-1.1461468935012817
1n6pu8u,test,ont_total_negativo_mentions,0.0,-0.21001172000820306,-0.21001172065734863
1n6pu8u,test,ont_InteligenciaArtificial_Negativo,0.0,-0.19168298382244495,-0.19168297946453094
1n6pu8u,test,ont_Innovacion_Neutro,0.0,-0.16443598256119465,-0.1644359827041626
1n6pu8u,test,ont_Etica_Negativo,0.0,-0.06834085335022719,-0.06834085285663605
1n6pu8u,test,ont_Tecnologia_Neutro,0.0,-0.27668578554642986,-0.27668577432632446
1n6qk3s,test,ont_domain_density,0.02127659574468085,-0.76451622243973,-0.7645162343978882
1n6qk3s,test,ont_total_negativo_mentions,0.0,-0.21001172000820306,-0.21001172065734863
1n6qk3s,test,ont_InteligenciaArtificial_Negativo,0.0,-0.19168298382244495,-0.19168297946453094
1n6qk3s,test,ont_Innovacion_Neutro,0.0,-0.16443598256119465,-0.1644359827041626
1n6qk3s,test,ont_Etica_Negativo,0.0,-0.06834085335022719,-0.06834085285663605
1n6qk3s,test,ont_Tecnologia_Neutro,0.0,-0.27668578554642986,-0.27668577432632446
1ncjryh,test,ont_domain_density,0.02631578947368421,-0.6741300138672455,-0.6741300225257874
1ncjryh,test,ont_total_negativo_mentions,0.0,-0.21001172000820306,-0.21001172065734863
1ncjryh,test,ont_InteligenciaArtificial_Negativo,0.0,-0.19168298382244495,-0.19168297946453094
1ncjryh,test,ont_Innovacion_Neutro,0.0,-0.16443598256119465,-0.1644359827041626
1ncjryh,test,ont_Etica_Negativo,0.0,-0.06834085335022719,-0.06834085285663605
1ncjryh,test,ont_Tecnologia_Neutro,0.0,-0.27668578554642986,-0.27668577432632446
1n68dhc,test,ont_domain_density,0.0,-1.146146880856887,-1.1461468935012817
1n68dhc,test,ont_total_negativo_mentions,0.0,-0.21001172000820306,-0.21001172065734863
1n68dhc,test,ont_InteligenciaArtificial_Negativo,0.0,-0.19168298382244495,-0.19168297946453094
1n68dhc,test,ont_Innovacion_Neutro,0.0,-0.16443598256119465,-0.1644359827041626
1n68dhc,test,ont_Etica_Negativo,0.0,-0.06834085335022719,-0.06834085285663605
1n68dhc,test,ont_Tecnologia_Neutro,0.0,-0.27668578554642986,-0.27668577432632446
1na6r24,test,ont_domain_density,0.005714285714285714,-1.0436517897391364,-1.043651819229126
1na6r24,test,ont_total_negativo_mentions,0.0,-0.21001172000820306,-0.21001172065734863
1na6r24,test,ont_InteligenciaArtificial_Negativo,0.0,-0.19168298382244495,-0.19168297946453094
1na6r24,test,ont_Innovacion_Neutro,0.0,-0.16443598256119465,-0.1644359827041626
1na6r24,test,ont_Etica_Negativo,0.0,-0.06834085335022719,-0.06834085285663605
1na6r24,test,ont_Tecnologia_Neutro,0.0,-0.27668578554642986,-0.27668577432632446
1na31du,test,ont_domain_density,0.004347826086956522,-1.0681614854412071,-1.0681614875793457
1na31du,test,ont_total_negativo_mentions,0.0,-0.21001172000820306,-0.21001172065734863
1na31du,test,ont_InteligenciaArtificial_Negativo,0.0,-0.19168298382244495,-0.19168297946453094
1na31du,test,ont_Innovacion_Neutro,0.0,-0.16443598256119465,-0.1644359827041626
1na31du,test,ont_Etica_Negativo,0.0,-0.06834085335022719,-0.06834085285663605
1na31du,test,ont_Tecnologia_Neutro,0.0,-0.27668578554642986,-0.27668577432632446
1ni5d24,test,ont_domain_density,0.009345794392523364,-0.978514722486734,-0.9785147309303284
1ni5d24,test,ont_total_negativo_mentions,0.0,-0.21001172000820306,-0.21001172065734863
1ni5d24,test,ont_InteligenciaArtificial_Negativo,0.0,-0.19168298382244495,-0.19168297946453094
1ni5d24,test,ont_Innovacion_Neutro,0.0,-0.16443598256119465,-0.1644359827041626
1ni5d24,test,ont_Etica_Negativo,0.0,-0.06834085335022719,-0.06834085285663605
1ni5d24,test,ont_Tecnologia_Neutro,0.0,-0.27668578554642986,-0.27668577432632446
1nhww85,test,ont_domain_density,0.1111111111111111,0.8468132242104887,0.8468132019042969
1nhww85,test,ont_total_negativo_mentions,0.0,-0.21001172000820306,-0.21001172065734863
1nhww85,test,ont_InteligenciaArtificial_Negativo,0.0,-0.19168298382244495,-0.19168297946453094
1nhww85,test,ont_Innovacion_Neutro,0.0,-0.16443598256119465,-0.1644359827041626
1nhww85,test,ont_Etica_Negativo,0.0,-0.06834085335022719,-0.06834085285663605
1nhww85,test,ont_Tecnologia_Neutro,0.0,-0.27668578554642986,-0.27668577432632446
1nhpm6x,test,ont_domain_density,0.0,-1.146146880856887,-1.1461468935012817
1nhpm6x,test,ont_total_negativo_mentions,0.0,-0.21001172000820306,-0.21001172065734863
1nhpm6x,test,ont_InteligenciaArtificial_Negativo,0.0,-0.19168298382244495,-0.19168297946453094
1nhpm6x,test,ont_Innovacion_Neutro,0.0,-0.16443598256119465,-0.1644359827041626
1nhpm6x,test,ont_Etica_Negativo,0.0,-0.06834085335022719,-0.06834085285663605
1nhpm6x,test,ont_Tecnologia_Neutro,0.0,-0.27668578554642986,-0.27668577432632446
1ni18qv,test,ont_domain_density,0.0410958904109589,-0.409024650215529,-0.4090246558189392
1ni18qv,test,ont_total_negativo_mentions,0.0,-0.21001172000820306,-0.21001172065734863
1ni18qv,test,ont_InteligenciaArtificial_Negativo,0.0,-0.19168298382244495,-0.19168297946453094
1ni18qv,test,ont_Innovacion_Neutro,0.0,-0.16443598256119465,-0.1644359827041626
1ni18qv,test,ont_Etica_Negativo,0.0,-0.06834085335022719,-0.06834085285663605
1ni18qv,test,ont_Tecnologia_Neutro,0.0,-0.27668578554642986,-0.27668577432632446
1n4u1qq,test,ont_domain_density,0.018518518518518517,-0.8139868633456578,-0.8139868378639221
1n4u1qq,test,ont_total_negativo_mentions,0.0,-0.21001172000820306,-0.21001172065734863
1n4u1qq,test,ont_InteligenciaArtificial_Negativo,0.0,-0.19168298382244495,-0.19168297946453094
1n4u1qq,test,ont_Innovacion_Neutro,0.0,-0.16443598256119465,-0.1644359827041626
1n4u1qq,test,ont_Etica_Negativo,0.0,-0.06834085335022719,-0.06834085285663605
1n4u1qq,test,ont_Tecnologia_Neutro,0.0,-0.27668578554642986,-0.27668577432632446
1n4w7bj,test,ont_domain_density,0.022058823529411766,-0.7504856835273345,-0.7504856586456299
1n4w7bj,test,ont_total_negativo_mentions,0.0,-0.21001172000820306,-0.21001172065734863
1n4w7bj,test,ont_InteligenciaArtificial_Negativo,0.0,-0.19168298382244495,-0.19168297946453094
1n4w7bj,test,ont_Innovacion_Neutro,0.0,-0.16443598256119465,-0.1644359827041626
1n4w7bj,test,ont_Etica_Negativo,0.0,-0.06834085335022719,-0.06834085285663605
1n4w7bj,test,ont_Tecnologia_Neutro,0.0,-0.27668578554642986,-0.27668577432632446
1n44yhl,test,ont_domain_density,0.009523809523809525,-0.9753217289939692,-0.9753217101097107
1n44yhl,test,ont_total_negativo_mentions,0.0,-0.21001172000820306,-0.21001172065734863
1n44yhl,test,ont_InteligenciaArtificial_Negativo,0.0,-0.19168298382244495,-0.19168297946453094
1n44yhl,test,ont_Innovacion_Neutro,0.0,-0.16443598256119465,-0.1644359827041626
1n44yhl,test,ont_Etica_Negativo,0.0,-0.06834085335022719,-0.06834085285663605
1n44yhl,test,ont_Tecnologia_Neutro,0.0,-0.27668578554642986,-0.27668577432632446
1n7jpmd,test,ont_domain_density,0.045454545454545456,-0.3308450196929606,-0.33084502816200256
1n7jpmd,test,ont_total_negativo_mentions,0.0,-0.21001172000820306,-0.21001172065734863
1n7jpmd,test,ont_InteligenciaArtificial_Negativo,0.0,-0.19168298382244495,-0.19168297946453094
1n7jpmd,test,ont_Innovacion_Neutro,0.0,-0.16443598256119465,-0.1644359827041626
1n7jpmd,test,ont_Etica_Negativo,0.0,-0.06834085335022719,-0.06834085285663605
1n7jpmd,test,ont_Tecnologia_Neutro,0.0,-0.27668578554642986,-0.27668577432632446
1n8syrd,test,ont_domain_density,0.038461538461538464,-0.4562760752566416,-0.4562760889530182
1n8syrd,test,ont_total_negativo_mentions,0.0,-0.21001172000820306,-0.21001172065734863
1n8syrd,test,ont_InteligenciaArtificial_Negativo,0.0,-0.19168298382244495,-0.19168297946453094
1n8syrd,test,ont_Innovacion_Neutro,0.0,-0.16443598256119465,-0.1644359827041626
1n8syrd,test,ont_Etica_Negativo,0.0,-0.06834085335022719,-0.06834085285663605
1n8syrd,test,ont_Tecnologia_Neutro,0.0,-0.27668578554642986,-0.27668577432632446
1n88yn1,test,ont_domain_density,0.0,-1.146146880856887,-1.1461468935012817
1n88yn1,test,ont_total_negativo_mentions,0.0,-0.21001172000820306,-0.21001172065734863
1n88yn1,test,ont_InteligenciaArtificial_Negativo,0.0,-0.19168298382244495,-0.19168297946453094
1n88yn1,test,ont_Innovacion_Neutro,0.0,-0.16443598256119465,-0.1644359827041626
1n88yn1,test,ont_Etica_Negativo,0.0,-0.06834085335022719,-0.06834085285663605
1n88yn1,test,ont_Tecnologia_Neutro,0.0,-0.27668578554642986,-0.27668577432632446
1n9fsu4,test,ont_domain_density,0.1,0.6475172137037513,0.647517204284668
1n9fsu4,test,ont_total_negativo_mentions,0.0,-0.21001172000820306,-0.21001172065734863
1n9fsu4,test,ont_InteligenciaArtificial_Negativo,0.0,-0.19168298382244495,-0.19168297946453094
1n9fsu4,test,ont_Innovacion_Neutro,0.0,-0.16443598256119465,-0.1644359827041626
1n9fsu4,test,ont_Etica_Negativo,0.0,-0.06834085335022719,-0.06834085285663605
1n9fsu4,test,ont_Tecnologia_Neutro,1.0,1.2450860349589343,1.2450860738754272
1nen45w,test,ont_domain_density,0.1111111111111111,0.8468132242104887,0.8468132019042969
1nen45w,test,ont_total_negativo_mentions,0.0,-0.21001172000820306,-0.21001172065734863
1nen45w,test,ont_InteligenciaArtificial_Negativo,0.0,-0.19168298382244495,-0.19168297946453094
1nen45w,test,ont_Innovacion_Neutro,0.0,-0.16443598256119465,-0.1644359827041626
1nen45w,test,ont_Etica_Negativo,0.0,-0.06834085335022719,-0.06834085285663605
1nen45w,test,ont_Tecnologia_Neutro,0.0,-0.27668578554642986,-0.27668577432632446
1ne874g,test,ont_domain_density,0.058823529411764705,-0.09105035464474698,-0.09105035662651062
1ne874g,test,ont_total_negativo_mentions,0.0,-0.21001172000820306,-0.21001172065734863
1ne874g,test,ont_InteligenciaArtificial_Negativo,0.0,-0.19168298382244495,-0.19168297946453094
1ne874g,test,ont_Innovacion_Neutro,0.0,-0.16443598256119465,-0.1644359827041626
1ne874g,test,ont_Etica_Negativo,0.0,-0.06834085335022719,-0.06834085285663605
1ne874g,test,ont_Tecnologia_Neutro,0.0,-0.27668578554642986,-0.27668577432632446
1nijiz7,test,ont_domain_density,0.08333333333333333,0.3485731979436447,0.3485732078552246
1nijiz7,test,ont_total_negativo_mentions,0.0,-0.21001172000820306,-0.21001172065734863
1nijiz7,test,ont_InteligenciaArtificial_Negativo,0.0,-0.19168298382244495,-0.19168297946453094
1nijiz7,test,ont_Innovacion_Neutro,0.0,-0.16443598256119465,-0.1644359827041626
1nijiz7,test,ont_Etica_Negativo,0.0,-0.06834085335022719,-0.06834085285663605
1nijiz7,test,ont_Tecnologia_Neutro,0.0,-0.27668578554642986,-0.27668577432632446
1nizjbi,test,ont_domain_density,0.15384615384615385,1.613336341544095,1.6133363246917725
1nizjbi,test,ont_total_negativo_mentions,0.0,-0.21001172000820306,-0.21001172065734863
1nizjbi,test,ont_InteligenciaArtificial_Negativo,0.0,-0.19168298382244495,-0.19168297946453094
1nizjbi,test,ont_Innovacion_Neutro,0.0,-0.16443598256119465,-0.1644359827041626
1nizjbi,test,ont_Etica_Negativo,0.0,-0.06834085335022719,-0.06834085285663605
1nizjbi,test,ont_Tecnologia_Neutro,0.0,-0.27668578554642986,-0.27668577432632446
1njfhkd,test,ont_domain_density,0.043478260869565216,-0.3662929267000879,-0.36629292368888855
1njfhkd,test,ont_total_negativo_mentions,0.0,-0.21001172000820306,-0.21001172065734863
1njfhkd,test,ont_InteligenciaArtificial_Negativo,0.0,-0.19168298382244495,-0.19168297946453094
1njfhkd,test,ont_Innovacion_Neutro,0.0,-0.16443598256119465,-0.1644359827041626
1njfhkd,test,ont_Etica_Negativo,0.0,-0.06834085335022719,-0.06834085285663605
1njfhkd,test,ont_Tecnologia_Neutro,0.0,-0.27668578554642986,-0.27668577432632446
1njblbt,test,ont_domain_density,0.0,-1.146146880856887,-1.1461468935012817
1njblbt,test,ont_total_negativo_mentions,0.0,-0.21001172000820306,-0.21001172065734863
1njblbt,test,ont_InteligenciaArtificial_Negativo,0.0,-0.19168298382244495,-0.19168297946453094
1njblbt,test,ont_Innovacion_Neutro,0.0,-0.16443598256119465,-0.1644359827041626
1njblbt,test,ont_Etica_Negativo,0.0,-0.06834085335022719,-0.06834085285663605
1njblbt,test,ont_Tecnologia_Neutro,0.0,-0.27668578554642986,-0.27668577432632446
1njcfii,test,ont_domain_density,0.3,4.2348454028250275,4.2348456382751465
1njcfii,test,ont_total_negativo_mentions,0.0,-0.21001172000820306,-0.21001172065734863
1njcfii,test,ont_InteligenciaArtificial_Negativo,0.0,-0.19168298382244495,-0.19168297946453094
1njcfii,test,ont_Innovacion_Neutro,0.0,-0.16443598256119465,-0.1644359827041626
1njcfii,test,ont_Etica_Negativo,0.0,-0.06834085335022719,-0.06834085285663605
1njcfii,test,ont_Tecnologia_Neutro,0.0,-0.27668578554642986,-0.27668577432632446
1ndo4n3,test,ont_domain_density,0.1111111111111111,0.8468132242104887,0.8468132019042969
1ndo4n3,test,ont_total_negativo_mentions,0.0,-0.21001172000820306,-0.21001172065734863
1ndo4n3,test,ont_InteligenciaArtificial_Negativo,0.0,-0.19168298382244495,-0.19168297946453094
1ndo4n3,test,ont_Innovacion_Neutro,0.0,-0.16443598256119465,-0.1644359827041626
1ndo4n3,test,ont_Etica_Negativo,0.0,-0.06834085335022719,-0.06834085285663605
1ndo4n3,test,ont_Tecnologia_Neutro,0.0,-0.27668578554642986,-0.27668577432632446
1ndhdhb,test,ont_domain_density,0.06666666666666667,0.04962918218353839,0.04962918162345886
1ndhdhb,test,ont_total_negativo_mentions,0.0,-0.21001172000820306,-0.21001172065734863
1ndhdhb,test,ont_InteligenciaArtificial_Negativo,0.0,-0.19168298382244495,-0.19168297946453094
1ndhdhb,test,ont_Innovacion_Neutro,0.0,-0.16443598256119465,-0.1644359827041626
1ndhdhb,test,ont_Etica_Negativo,0.0,-0.06834085335022719,-0.06834085285663605
1ndhdhb,test,ont_Tecnologia_Neutro,0.0,-0.27668578554642986,-0.27668577432632446
1naqo43,test,ont_domain_density,0.05555555555555555,-0.14966682832319925,-0.14966683089733124
1naqo43,test,ont_total_negativo_mentions,0.0,-0.21001172000820306,-0.21001172065734863
1naqo43,test,ont_InteligenciaArtificial_Negativo,0.0,-0.19168298382244495,-0.19168297946453094
1naqo43,test,ont_Innovacion_Neutro,0.0,-0.16443598256119465,-0.1644359827041626
1naqo43,test,ont_Etica_Negativo,0.0,-0.06834085335022719,-0.06834085285663605
1naqo43,test,ont_Tecnologia_Neutro,0.0,-0.27668578554642986,-0.27668577432632446
1ncj1v4,test,ont_domain_density,0.015151515151515152,-0.874379593802245,-0.874379575252533
1ncj1v4,test,ont_total_negativo_mentions,0.0,-0.21001172000820306,-0.21001172065734863
1ncj1v4,test,ont_InteligenciaArtificial_Negativo,0.0,-0.19168298382244495,-0.19168297946453094
1ncj1v4,test,ont_Innovacion_Neutro,0.0,-0.16443598256119465,-0.1644359827041626
1ncj1v4,test,ont_Etica_Negativo,0.0,-0.06834085335022719,-0.06834085285663605
1ncj1v4,test,ont_Tecnologia_Neutro,0.0,-0.27668578554642986,-0.27668577432632446
1n5siza,test,ont_domain_density,0.09090909090909091,0.4844568414709659,0.4844568371772766
1n5siza,test,ont_total_negativo_mentions,0.0,-0.21001172000820306,-0.21001172065734863
1n5siza,test,ont_InteligenciaArtificial_Negativo,0.0,-0.19168298382244495,-0.19168297946453094
1n5siza,test,ont_Innovacion_Neutro,0.0,-0.16443598256119465,-0.1644359827041626
1n5siza,test,ont_Etica_Negativo,0.0,-0.06834085335022719,-0.06834085285663605
1n5siza,test,ont_Tecnologia_Neutro,0.0,-0.27668578554642986,-0.27668577432632446
1na1q8g,test,ont_domain_density,0.009523809523809525,-0.9753217289939692,-0.9753217101097107
1na1q8g,test,ont_total_negativo_mentions,0.0,-0.21001172000820306,-0.21001172065734863
1na1q8g,test,ont_InteligenciaArtificial_Negativo,0.0,-0.19168298382244495,-0.19168297946453094
1na1q8g,test,ont_Innovacion_Neutro,0.0,-0.16443598256119465,-0.1644359827041626
1na1q8g,test,ont_Etica_Negativo,0.0,-0.06834085335022719,-0.06834085285663605
1na1q8g,test,ont_Tecnologia_Neutro,0.0,-0.27668578554642986,-0.27668577432632446
1nglvjj,test,ont_domain_density,0.03333333333333333,-0.5482588493366743,-0.5482588410377502
1nglvjj,test,ont_total_negativo_mentions,0.0,-0.21001172000820306,-0.21001172065734863
1nglvjj,test,ont_InteligenciaArtificial_Negativo,0.0,-0.19168298382244495,-0.19168297946453094
1nglvjj,test,ont_Innovacion_Neutro,0.0,-0.16443598256119465,-0.1644359827041626
1nglvjj,test,ont_Etica_Negativo,0.0,-0.06834085335022719,-0.06834085285663605
1nglvjj,test,ont_Tecnologia_Neutro,0.0,-0.27668578554642986,-0.27668577432632446
1n484lr,test,ont_domain_density,0.09090909090909091,0.4844568414709659,0.4844568371772766
1n484lr,test,ont_total_negativo_mentions,0.0,-0.21001172000820306,-0.21001172065734863
1n484lr,test,ont_InteligenciaArtificial_Negativo,0.0,-0.19168298382244495,-0.19168297946453094
1n484lr,test,ont_Innovacion_Neutro,0.0,-0.16443598256119465,-0.1644359827041626
1n484lr,test,ont_Etica_Negativo,0.0,-0.06834085335022719,-0.06834085285663605
1n484lr,test,ont_Tecnologia_Neutro,0.0,-0.27668578554642986,-0.27668577432632446
1kkfjn0,test,ont_domain_density,0.016129032258064516,-0.8568462204438809,-0.8568462133407593
1kkfjn0,test,ont_total_negativo_mentions,0.0,-0.21001172000820306,-0.21001172065734863
1kkfjn0,test,ont_InteligenciaArtificial_Negativo,0.0,-0.19168298382244495,-0.19168297946453094
1kkfjn0,test,ont_Innovacion_Neutro,0.0,-0.16443598256119465,-0.1644359827041626
1kkfjn0,test,ont_Etica_Negativo,0.0,-0.06834085335022719,-0.06834085285663605
1kkfjn0,test,ont_Tecnologia_Neutro,1.0,1.2450860349589343,1.2450860738754272
1lpqrkh,test,ont_domain_density,0.0056179775280898875,-1.0453792350950535,-1.0453792810440063
1lpqrkh,test,ont_total_negativo_mentions,0.0,-0.21001172000820306,-0.21001172065734863
1lpqrkh,test,ont_InteligenciaArtificial_Negativo,0.0,-0.19168298382244495,-0.19168297946453094
1lpqrkh,test,ont_Innovacion_Neutro,0.0,-0.16443598256119465,-0.1644359827041626
1lpqrkh,test,ont_Etica_Negativo,0.0,-0.06834085335022719,-0.06834085285663605
1lpqrkh,test,ont_Tecnologia_Neutro,0.0,-0.27668578554642986,-0.27668577432632446
1mb7qot,test,ont_domain_density,0.011111111111111112,-0.9468508703501495,-0.9468508958816528
1mb7qot,test,ont_total_negativo_mentions,0.0,-0.21001172000820306,-0.21001172065734863
1mb7qot,test,ont_InteligenciaArtificial_Negativo,0.0,-0.19168298382244495,-0.19168297946453094
1mb7qot,test,ont_Innovacion_Neutro,0.0,-0.16443598256119465,-0.1644359827041626
1mb7qot,test,ont_Etica_Negativo,0.0,-0.06834085335022719,-0.06834085285663605
1mb7qot,test,ont_Tecnologia_Neutro,2.0,2.7668578554642984,2.766857862472534
1mj2c7a,test,ont_domain_density,0.14285714285714285,1.4162303970868817,1.4162304401397705
1mj2c7a,test,ont_total_negativo_mentions,0.0,-0.21001172000820306,-0.21001172065734863
1mj2c7a,test,ont_InteligenciaArtificial_Negativo,0.0,-0.19168298382244495,-0.19168297946453094
1mj2c7a,test,ont_Innovacion_Neutro,0.0,-0.16443598256119465,-0.1644359827041626
1mj2c7a,test,ont_Etica_Negativo,0.0,-0.06834085335022719,-0.06834085285663605
1mj2c7a,test,ont_Tecnologia_Neutro,0.0,-0.27668578554642986,-0.27668577432632446
1mx8y7f,test,ont_domain_density,0.014084507042253521,-0.8935181351441212,-0.8935181498527527
1mx8y7f,test,ont_total_negativo_mentions,0.0,-0.21001172000820306,-0.21001172065734863
1mx8y7f,test,ont_InteligenciaArtificial_Negativo,0.0,-0.19168298382244495,-0.19168297946453094
1mx8y7f,test,ont_Innovacion_Neutro,0.0,-0.16443598256119465,-0.1644359827041626
1mx8y7f,test,ont_Etica_Negativo,0.0,-0.06834085335022719,-0.06834085285663605
1mx8y7f,test,ont_Tecnologia_Neutro,1.0,1.2450860349589343,1.2450860738754272
1lcs2t2,test,ont_domain_density,0.1,0.6475172137037513,0.647517204284668
1lcs2t2,test,ont_total_negativo_mentions,0.0,-0.21001172000820306,-0.21001172065734863
1lcs2t2,test,ont_InteligenciaArtificial_Negativo,0.0,-0.19168298382244495,-0.19168297946453094
1lcs2t2,test,ont_Innovacion_Neutro,0.0,-0.16443598256119465,-0.1644359827041626
1lcs2t2,test,ont_Etica_Negativo,0.0,-0.06834085335022719,-0.06834085285663605
1lcs2t2,test,ont_Tecnologia_Neutro,0.0,-0.27668578554642986,-0.27668577432632446
1l35ozi,test,ont_domain_density,0.09090909090909091,0.4844568414709659,0.4844568371772766
1l35ozi,test,ont_total_negativo_mentions,0.0,-0.21001172000820306,-0.21001172065734863
1l35ozi,test,ont_InteligenciaArtificial_Negativo,0.0,-0.19168298382244495,-0.19168297946453094
1l35ozi,test,ont_Innovacion_Neutro,0.0,-0.16443598256119465,-0.1644359827041626
1l35ozi,test,ont_Etica_Negativo,0.0,-0.06834085335022719,-0.06834085285663605
1l35ozi,test,ont_Tecnologia_Neutro,0.0,-0.27668578554642986,-0.27668577432632446
1lfluxv,test,ont_domain_density,0.022058823529411766,-0.7504856835273345,-0.7504856586456299
1lfluxv,test,ont_total_negativo_mentions,0.0,-0.21001172000820306,-0.21001172065734863
1lfluxv,test,ont_InteligenciaArtificial_Negativo,0.0,-0.19168298382244495,-0.19168297946453094
1lfluxv,test,ont_Innovacion_Neutro,0.0,-0.16443598256119465,-0.1644359827041626
1lfluxv,test,ont_Etica_Negativo,0.0,-0.06834085335022719,-0.06834085285663605
1lfluxv,test,ont_Tecnologia_Neutro,0.0,-0.27668578554642986,-0.27668577432632446
1ljm719,test,ont_domain_density,0.034782608695652174,-0.5222637175314477,-0.5222637057304382
1ljm719,test,ont_total_negativo_mentions,0.0,-0.21001172000820306,-0.21001172065734863
1ljm719,test,ont_InteligenciaArtificial_Negativo,0.0,-0.19168298382244495,-0.19168297946453094
1ljm719,test,ont_Innovacion_Neutro,0.0,-0.16443598256119465,-0.1644359827041626
1ljm719,test,ont_Etica_Negativo,0.0,-0.06834085335022719,-0.06834085285663605
1ljm719,test,ont_Tecnologia_Neutro,0.0,-0.27668578554642986,-0.27668577432632446
1lhocqt,test,ont_domain_density,0.025,-0.6977308572167276,-0.6977308392524719
1lhocqt,test,ont_total_negativo_mentions,0.0,-0.21001172000820306,-0.21001172065734863
1lhocqt,test,ont_InteligenciaArtificial_Negativo,0.0,-0.19168298382244495,-0.19168297946453094
1lhocqt,test,ont_Innovacion_Neutro,0.0,-0.16443598256119465,-0.1644359827041626
1lhocqt,test,ont_Etica_Negativo,0.0,-0.06834085335022719,-0.06834085285663605
1lhocqt,test,ont_Tecnologia_Neutro,0.0,-0.27668578554642986,-0.27668577432632446
1n919bv,test,ont_domain_density,0.013157894736842105,-0.9101384473620663,-0.9101384282112122
1n919bv,test,ont_total_negativo_mentions,0.0,-0.21001172000820306,-0.21001172065734863
1n919bv,test,ont_InteligenciaArtificial_Negativo,0.0,-0.19168298382244495,-0.19168297946453094
1n919bv,test,ont_Innovacion_Neutro,0.0,-0.16443598256119465,-0.1644359827041626
1n919bv,test,ont_Etica_Negativo,0.0,-0.06834085335022719,-0.06834085285663605
1n919bv,test,ont_Tecnologia_Neutro,0.0,-0.27668578554642986,-0.27668577432632446
1n992pw,test,ont_domain_density,0.1,0.6475172137037513,0.647517204284668
1n992pw,test,ont_total_negativo_mentions,0.0,-0.21001172000820306,-0.21001172065734863
1n992pw,test,ont_InteligenciaArtificial_Negativo,0.0,-0.19168298382244495,-0.19168297946453094
1n992pw,test,ont_Innovacion_Neutro,0.0,-0.16443598256119465,-0.1644359827041626
1n992pw,test,ont_Etica_Negativo,0.0,-0.06834085335022719,-0.06834085285663605
1n992pw,test,ont_Tecnologia_Neutro,0.0,-0.27668578554642986,-0.27668577432632446
1nixkqa,test,ont_domain_density,0.03278688524590164,-0.5580602924763499,-0.5580602884292603
1nixkqa,test,ont_total_negativo_mentions,0.0,-0.21001172000820306,-0.21001172065734863
1nixkqa,test,ont_InteligenciaArtificial_Negativo,0.0,-0.19168298382244495,-0.19168297946453094
1nixkqa,test,ont_Innovacion_Neutro,0.0,-0.16443598256119465,-0.1644359827041626
1nixkqa,test,ont_Etica_Negativo,0.0,-0.06834085335022719,-0.06834085285663605
1nixkqa,test,ont_Tecnologia_Neutro,1.0,1.2450860349589343,1.2450860738754272
1nihj7x,test,ont_domain_density,0.01532567049808429,-0.8712558318820767,-0.8712558150291443
1nihj7x,test,ont_total_negativo_mentions,0.0,-0.21001172000820306,-0.21001172065734863
1nihj7x,test,ont_InteligenciaArtificial_Negativo,0.0,-0.19168298382244495,-0.19168297946453094
1nihj7x,test,ont_Innovacion_Neutro,0.0,-0.16443598256119465,-0.1644359827041626
1nihj7x,test,ont_Etica_Negativo,0.0,-0.06834085335022719,-0.06834085285663605
1nihj7x,test,ont_Tecnologia_Neutro,0.0,-0.27668578554642986,-0.27668577432632446
1njag76,test,ont_domain_density,0.09090909090909091,0.4844568414709659,0.4844568371772766
1njag76,test,ont_total_negativo_mentions,0.0,-0.21001172000820306,-0.21001172065734863
1njag76,test,ont_InteligenciaArtificial_Negativo,0.0,-0.19168298382244495,-0.19168297946453094
1njag76,test,ont_Innovacion_Neutro,0.0,-0.16443598256119465,-0.1644359827041626
1njag76,test,ont_Etica_Negativo,0.0,-0.06834085335022719,-0.06834085285663605
1njag76,test,ont_Tecnologia_Neutro,0.0,-0.27668578554642986,-0.27668577432632446
1nd765v,test,ont_domain_density,0.01818181818181818,-0.8200261363913166,-0.820026159286499
1nd765v,test,ont_total_negativo_mentions,0.0,-0.21001172000820306,-0.21001172065734863
1nd765v,test,ont_InteligenciaArtificial_Negativo,0.0,-0.19168298382244495,-0.19168297946453094
1nd765v,test,ont_Innovacion_Neutro,0.0,-0.16443598256119465,-0.1644359827041626
1nd765v,test,ont_Etica_Negativo,0.0,-0.06834085335022719,-0.06834085285663605
1nd765v,test,ont_Tecnologia_Neutro,0.0,-0.27668578554642986,-0.27668577432632446
1naot41,test,ont_domain_density,0.04,-0.4286812430326318,-0.42868125438690186
1naot41,test,ont_total_negativo_mentions,0.0,-0.21001172000820306,-0.21001172065734863
1naot41,test,ont_InteligenciaArtificial_Negativo,0.0,-0.19168298382244495,-0.19168297946453094
1naot41,test,ont_Innovacion_Neutro,0.0,-0.16443598256119465,-0.1644359827041626
1naot41,test,ont_Etica_Negativo,0.0,-0.06834085335022719,-0.06834085285663605
1naot41,test,ont_Tecnologia_Neutro,0.0,-0.27668578554642986,-0.27668577432632446
1naou57,test,ont_domain_density,0.029411764705882353,-0.618598617750817,-0.6185986399650574
1naou57,test,ont_total_negativo_mentions,0.0,-0.21001172000820306,-0.21001172065734863
1naou57,test,ont_InteligenciaArtificial_Negativo,0.0,-0.19168298382244495,-0.19168297946453094
1naou57,test,ont_Innovacion_Neutro,0.0,-0.16443598256119465,-0.1644359827041626
1naou57,test,ont_Etica_Negativo,0.0,-0.06834085335022719,-0.06834085285663605
1naou57,test,ont_Tecnologia_Neutro,0.0,-0.27668578554642986,-0.27668577432632446
1nbw0dy,test,ont_domain_density,0.006024096385542169,-1.0380948269676922,-1.0380948781967163
1nbw0dy,test,ont_total_negativo_mentions,0.0,-0.21001172000820306,-0.21001172065734863
1nbw0dy,test,ont_InteligenciaArtificial_Negativo,0.0,-0.19168298382244495,-0.19168297946453094
1nbw0dy,test,ont_Innovacion_Neutro,0.0,-0.16443598256119465,-0.1644359827041626
1nbw0dy,test,ont_Etica_Negativo,0.0,-0.06834085335022719,-0.06834085285663605
1nbw0dy,test,ont_Tecnologia_Neutro,0.0,-0.27668578554642986,-0.27668577432632446
1na1qit,test,ont_domain_density,0.01893939393939394,-0.8064377720385845,-0.8064377903938293
1na1qit,test,ont_total_negativo_mentions,0.0,-0.21001172000820306,-0.21001172065734863
1na1qit,test,ont_InteligenciaArtificial_Negativo,0.0,-0.19168298382244495,-0.19168297946453094
1na1qit,test,ont_Innovacion_Neutro,0.0,-0.16443598256119465,-0.1644359827041626
1na1qit,test,ont_Etica_Negativo,0.0,-0.06834085335022719,-0.06834085285663605
1na1qit,test,ont_Tecnologia_Neutro,3.0,4.288629675969663,4.288629531860352
1n9x2ft,test,ont_domain_density,0.008948545861297539,-0.9856400267575013,-0.9856400489807129
1n9x2ft,test,ont_total_negativo_mentions,1.0,3.1226332794662324,3.122633218765259
1n9x2ft,test,ont_InteligenciaArtificial_Negativo,1.0,4.333905512278206,4.3339056968688965
1n9x2ft,test,ont_Innovacion_Neutro,0.0,-0.16443598256119465,-0.1644359827041626
1n9x2ft,test,ont_Etica_Negativo,0.0,-0.06834085335022719,-0.06834085285663605
1n9x2ft,test,ont_Tecnologia_Neutro,4.0,5.810401496475027,5.810401439666748
1na2lxx,test,ont_domain_density,0.011363636363636364,-0.9423214155659054,-0.9423214197158813
1na2lxx,test,ont_total_negativo_mentions,0.0,-0.21001172000820306,-0.21001172065734863
1na2lxx,test,ont_InteligenciaArtificial_Negativo,0.0,-0.19168298382244495,-0.19168297946453094
1na2lxx,test,ont_Innovacion_Neutro,0.0,-0.16443598256119465,-0.1644359827041626
1na2lxx,test,ont_Etica_Negativo,0.0,-0.06834085335022719,-0.06834085285663605
1na2lxx,test,ont_Tecnologia_Neutro,3.0,4.288629675969663,4.288629531860352
1nabu2n,test,ont_domain_density,0.008849557522123894,-0.9874155450550608,-0.9874155521392822
1nabu2n,test,ont_total_negativo_mentions,0.0,-0.21001172000820306,-0.21001172065734863
1nabu2n,test,ont_InteligenciaArtificial_Negativo,0.0,-0.19168298382244495,-0.19168297946453094
1nabu2n,test,ont_Innovacion_Neutro,0.0,-0.16443598256119465,-0.1644359827041626
1nabu2n,test,ont_Etica_Negativo,0.0,-0.06834085335022719,-0.06834085285663605
1nabu2n,test,ont_Tecnologia_Neutro,2.0,2.7668578554642984,2.766857862472534
1nahoa3,test,ont_domain_density,0.006172839506172839,-1.0354268750198108,-1.0354268550872803
1nahoa3,test,ont_total_negativo_mentions,0.0,-0.21001172000820306,-0.21001172065734863
1nahoa3,test,ont_InteligenciaArtificial_Negativo,0.0,-0.19168298382244495,-0.19168297946453094
1nahoa3,test,ont_Innovacion_Neutro,0.0,-0.16443598256119465,-0.1644359827041626
1nahoa3,test,ont_Etica_Negativo,0.0,-0.06834085335022719,-0.06834085285663605
1nahoa3,test,ont_Tecnologia_Neutro,1.0,1.2450860349589343,1.2450860738754272
1n9zxvs,test,ont_domain_density,0.010309278350515464,-0.9612330566753781,-0.9612330794334412
1n9zxvs,test,ont_total_negativo_mentions,1.0,3.1226332794662324,3.122633218765259
1n9zxvs,test,ont_InteligenciaArtificial_Negativo,1.0,4.333905512278206,4.3339056968688965
1n9zxvs,test,ont_Innovacion_Neutro,0.0,-0.16443598256119465,-0.1644359827041626
1n9zxvs,test,ont_Etica_Negativo,0.0,-0.06834085335022719,-0.06834085285663605
1n9zxvs,test,ont_Tecnologia_Neutro,0.0,-0.27668578554642986,-0.27668577432632446
1ni1n4a,test,ont_domain_density,0.011834319526627219,-0.9338789406721962,-0.9338789582252502
1ni1n4a,test,ont_total_negativo_mentions,0.0,-0.21001172000820306,-0.21001172065734863
1ni1n4a,test,ont_InteligenciaArtificial_Negativo,0.0,-0.19168298382244495,-0.19168297946453094
1ni1n4a,test,ont_Innovacion_Neutro,1.0,5.324323711205579,5.324323654174805
1ni1n4a,test,ont_Etica_Negativo,0.0,-0.06834085335022719,-0.06834085285663605
1ni1n4a,test,ont_Tecnologia_Neutro,0.0,-0.27668578554642986,-0.27668577432632446
1nhu7qk,test,ont_domain_density,0.061224489795918366,-0.047985190309557585,-0.04798518866300583
1nhu7qk,test,ont_total_negativo_mentions,0.0,-0.21001172000820306,-0.21001172065734863
1nhu7qk,test,ont_InteligenciaArtificial_Negativo,0.0,-0.19168298382244495,-0.19168297946453094
1nhu7qk,test,ont_Innovacion_Neutro,0.0,-0.16443598256119465,-0.1644359827041626
1nhu7qk,test,ont_Etica_Negativo,0.0,-0.06834085335022719,-0.06834085285663605
1nhu7qk,test,ont_Tecnologia_Neutro,1.0,1.2450860349589343,1.2450860738754272
1nhz773,test,ont_domain_density,0.02,-0.7874140619447594,-0.7874140739440918
1nhz773,test,ont_total_negativo_mentions,0.0,-0.21001172000820306,-0.21001172065734863
1nhz773,test,ont_InteligenciaArtificial_Negativo,0.0,-0.19168298382244495,-0.19168297946453094
1nhz773,test,ont_Innovacion_Neutro,0.0,-0.16443598256119465,-0.1644359827041626
1nhz773,test,ont_Etica_Negativo,0.0,-0.06834085335022719,-0.06834085285663605
1nhz773,test,ont_Tecnologia_Neutro,0.0,-0.27668578554642986,-0.27668577432632446
1nfi9i2,test,ont_domain_density,0.003179650238473768,-1.0891146361967714,-1.0891146659851074
1nfi9i2,test,ont_total_negativo_mentions,0.0,-0.21001172000820306,-0.21001172065734863
1nfi9i2,test,ont_InteligenciaArtificial_Negativo,0.0,-0.19168298382244495,-0.19168297946453094
1nfi9i2,test,ont_Innovacion_Neutro,0.0,-0.16443598256119465,-0.1644359827041626
1nfi9i2,test,ont_Etica_Negativo,0.0,-0.06834085335022719,-0.06834085285663605
1nfi9i2,test,ont_Tecnologia_Neutro,4.0,5.810401496475027,5.810401439666748
1nfwjl3,test,ont_domain_density,0.07142857142857142,0.1350417581149973,0.1350417584180832
1nfwjl3,test,ont_total_negativo_mentions,0.0,-0.21001172000820306,-0.21001172065734863
1nfwjl3,test,ont_InteligenciaArtificial_Negativo,0.0,-0.19168298382244495,-0.19168297946453094
1nfwjl3,test,ont_Innovacion_Neutro,0.0,-0.16443598256119465,-0.1644359827041626
1nfwjl3,test,ont_Etica_Negativo,0.0,-0.06834085335022719,-0.06834085285663605
1nfwjl3,test,ont_Tecnologia_Neutro,0.0,-0.27668578554642986,-0.27668577432632446
1ng7gfo,test,ont_domain_density,0.018957345971563982,-0.8061157728833064,-0.8061157464981079
1ng7gfo,test,ont_total_negativo_mentions,0.0,-0.21001172000820306,-0.21001172065734863
1ng7gfo,test,ont_InteligenciaArtificial_Negativo,0.0,-0.19168298382244495,-0.19168297946453094
1ng7gfo,test,ont_Innovacion_Neutro,0.0,-0.16443598256119465,-0.1644359827041626
1ng7gfo,test,ont_Etica_Negativo,0.0,-0.06834085335022719,-0.06834085285663605
1ng7gfo,test,ont_Tecnologia_Neutro,0.0,-0.27668578554642986,-0.27668577432632446
1nfwmku,test,ont_domain_density,0.1,0.6475172137037513,0.647517204284668
1nfwmku,test,ont_total_negativo_mentions,0.0,-0.21001172000820306,-0.21001172065734863
1nfwmku,test,ont_InteligenciaArtificial_Negativo,0.0,-0.19168298382244495,-0.19168297946453094
1nfwmku,test,ont_Innovacion_Neutro,0.0,-0.16443598256119465,-0.1644359827041626
1nfwmku,test,ont_Etica_Negativo,0.0,-0.06834085335022719,-0.06834085285663605
1nfwmku,test,ont_Tecnologia_Neutro,0.0,-0.27668578554642986,-0.27668577432632446
1ngckbz,test,ont_domain_density,0.16666666666666666,1.8432932767441765,1.843293309211731
1ngckbz,test,ont_total_negativo_mentions,0.0,-0.21001172000820306,-0.21001172065734863
1ngckbz,test,ont_InteligenciaArtificial_Negativo,0.0,-0.19168298382244495,-0.19168297946453094
1ngckbz,test,ont_Innovacion_Neutro,0.0,-0.16443598256119465,-0.1644359827041626
1ngckbz,test,ont_Etica_Negativo,0.0,-0.06834085335022719,-0.06834085285663605
1ngckbz,test,ont_Tecnologia_Neutro,0.0,-0.27668578554642986,-0.27668577432632446
1ngbon9,test,ont_domain_density,0.009966777408637873,-0.9673763730933684,-0.9673763513565063
1ngbon9,test,ont_total_negativo_mentions,0.0,-0.21001172000820306,-0.21001172065734863
1ngbon9,test,ont_InteligenciaArtificial_Negativo,0.0,-0.19168298382244495,-0.19168297946453094
1ngbon9,test,ont_Innovacion_Neutro,0.0,-0.16443598256119465,-0.1644359827041626
1ngbon9,test,ont_Etica_Negativo,0.0,-0.06834085335022719,-0.06834085285663605
1ngbon9,test,ont_Tecnologia_Neutro,1.0,1.2450860349589343,1.2450860738754272
1ng3ucv,test,ont_domain_density,0.012145748987854251,-0.9282929422462832,-0.9282929301261902
1ng3ucv,test,ont_total_negativo_mentions,0.0,-0.21001172000820306,-0.21001172065734863
1ng3ucv,test,ont_InteligenciaArtificial_Negativo,0.0,-0.19168298382244495,-0.19168297946453094
1ng3ucv,test,ont_Innovacion_Neutro,1.0,5.324323711205579,5.324323654174805
1ng3ucv,test,ont_Etica_Negativo,0.0,-0.06834085335022719,-0.06834085285663605
1ng3ucv,test,ont_Tecnologia_Neutro,6.0,8.853945137485756,8.853944778442383
1nfvzc9,test,ont_domain_density,0.02247191011235955,-0.7430762978095528,-0.7430763244628906
1nfvzc9,test,ont_total_negativo_mentions,0.0,-0.21001172000820306,-0.21001172065734863
1nfvzc9,test,ont_InteligenciaArtificial_Negativo,0.0,-0.19168298382244495,-0.19168297946453094
1nfvzc9,test,ont_Innovacion_Neutro,0.0,-0.16443598256119465,-0.1644359827041626
1nfvzc9,test,ont_Etica_Negativo,0.0,-0.06834085335022719,-0.06834085285663605
1nfvzc9,test,ont_Tecnologia_Neutro,0.0,-0.27668578554642986,-0.27668577432632446
1ng5zl7,test,ont_domain_density,0.014354066985645933,-0.8886831352261736,-0.8886831402778625
1ng5zl7,test,ont_total_negativo_mentions,0.0,-0.21001172000820306,-0.21001172065734863
1ng5zl7,test,ont_InteligenciaArtificial_Negativo,0.0,-0.19168298382244495,-0.19168297946453094
1ng5zl7,test,ont_Innovacion_Neutro,0.0,-0.16443598256119465,-0.1644359827041626
1ng5zl7,test,ont_Etica_Negativo,0.0,-0.06834085335022719,-0.06834085285663605
1ng5zl7,test,ont_Tecnologia_Neutro,1.0,1.2450860349589343,1.2450860738754272
1ngzopy,test,ont_domain_density,0.05,-0.24931483357656795,-0.2493148297071457
1ngzopy,test,ont_total_negativo_mentions,0.0,-0.21001172000820306,-0.21001172065734863
1ngzopy,test,ont_InteligenciaArtificial_Negativo,0.0,-0.19168298382244495,-0.19168297946453094
1ngzopy,test,ont_Innovacion_Neutro,0.0,-0.16443598256119465,-0.1644359827041626
1ngzopy,test,ont_Etica_Negativo,0.0,-0.06834085335022719,-0.06834085285663605
1ngzopy,test,ont_Tecnologia_Neutro,0.0,-0.27668578554642986,-0.27668577432632446
1ngxjtm,test,ont_domain_density,0.007272727272727273,-1.0156985830706589,-1.0156985521316528
1ngxjtm,test,ont_total_negativo_mentions,0.0,-0.21001172000820306,-0.21001172065734863
1ngxjtm,test,ont_InteligenciaArtificial_Negativo,0.0,-0.19168298382244495,-0.19168297946453094
1ngxjtm,test,ont_Innovacion_Neutro,0.0,-0.16443598256119465,-0.1644359827041626
1ngxjtm,test,ont_Etica_Negativo,0.0,-0.06834085335022719,-0.06834085285663605
1ngxjtm,test,ont_Tecnologia_Neutro,0.0,-0.27668578554642986,-0.27668577432632446
1nh99ng,test,ont_domain_density,0.022222222222222223,-0.7475548598434119,-0.7475548386573792
1nh99ng,test,ont_total_negativo_mentions,0.0,-0.21001172000820306,-0.21001172065734863
1nh99ng,test,ont_InteligenciaArtificial_Negativo,0.0,-0.19168298382244495,-0.19168297946453094
1nh99ng,test,ont_Innovacion_Neutro,0.0,-0.16443598256119465,-0.1644359827041626
1nh99ng,test,ont_Etica_Negativo,0.0,-0.06834085335022719,-0.06834085285663605
1nh99ng,test,ont_Tecnologia_Neutro,0.0,-0.27668578554642986,-0.27668577432632446
1ngk5mn,test,ont_domain_density,0.03225806451612903,-0.5675455600308748,-0.5675455331802368
1ngk5mn,test,ont_total_negativo_mentions,0.0,-0.21001172000820306,-0.21001172065734863
1ngk5mn,test,ont_InteligenciaArtificial_Negativo,0.0,-0.19168298382244495,-0.19168297946453094
1ngk5mn,test,ont_Innovacion_Neutro,0.0,-0.16443598256119465,-0.1644359827041626
1ngk5mn,test,ont_Etica_Negativo,0.0,-0.06834085335022719,-0.06834085285663605
1ngk5mn,test,ont_Tecnologia_Neutro,0.0,-0.27668578554642986,-0.27668577432632446
1n8v1rg,test,ont_domain_density,0.06666666666666667,0.04962918218353839,0.04962918162345886
1n8v1rg,test,ont_total_negativo_mentions,0.0,-0.21001172000820306,-0.21001172065734863
1n8v1rg,test,ont_InteligenciaArtificial_Negativo,0.0,-0.19168298382244495,-0.19168297946453094
1n8v1rg,test,ont_Innovacion_Neutro,0.0,-0.16443598256119465,-0.1644359827041626
1n8v1rg,test,ont_Etica_Negativo,0.0,-0.06834085335022719,-0.06834085285663605
1n8v1rg,test,ont_Tecnologia_Neutro,0.0,-0.27668578554642986,-0.27668577432632446
1n8n1lb,test,ont_domain_density,0.045454545454545456,-0.3308450196929606,-0.33084502816200256
1n8n1lb,test,ont_total_negativo_mentions,0.0,-0.21001172000820306,-0.21001172065734863
1n8n1lb,test,ont_InteligenciaArtificial_Negativo,0.0,-0.19168298382244495,-0.19168297946453094
1n8n1lb,test,ont_Innovacion_Neutro,0.0,-0.16443598256119465,-0.1644359827041626
1n8n1lb,test,ont_Etica_Negativo,0.0,-0.06834085335022719,-0.06834085285663605
1n8n1lb,test,ont_Tecnologia_Neutro,0.0,-0.27668578554642986,-0.27668577432632446
1n86s3w,test,ont_domain_density,0.08333333333333333,0.3485731979436447,0.3485732078552246
1n86s3w,test,ont_total_negativo_mentions,0.0,-0.21001172000820306,-0.21001172065734863
1n86s3w,test,ont_InteligenciaArtificial_Negativo,0.0,-0.19168298382244495,-0.19168297946453094
1n86s3w,test,ont_Innovacion_Neutro,0.0,-0.16443598256119465,-0.1644359827041626
1n86s3w,test,ont_Etica_Negativo,0.0,-0.06834085335022719,-0.06834085285663605
1n86s3w,test,ont_Tecnologia_Neutro,0.0,-0.27668578554642986,-0.27668577432632446
1nb4bli,test,ont_domain_density,0.045454545454545456,-0.3308450196929606,-0.33084502816200256
1nb4bli,test,ont_total_negativo_mentions,1.0,3.1226332794662324,3.122633218765259
1nb4bli,test,ont_InteligenciaArtificial_Negativo,0.0,-0.19168298382244495,-0.19168297946453094
1nb4bli,test,ont_Innovacion_Neutro,0.0,-0.16443598256119465,-0.1644359827041626
1nb4bli,test,ont_Etica_Negativo,0.0,-0.06834085335022719,-0.06834085285663605
1nb4bli,test,ont_Tecnologia_Neutro,0.0,-0.27668578554642986,-0.27668577432632446
1nc9itd,test,ont_domain_density,0.0,-1.146146880856887,-1.1461468935012817
1nc9itd,test,ont_total_negativo_mentions,0.0,-0.21001172000820306,-0.21001172065734863
1nc9itd,test,ont_InteligenciaArtificial_Negativo,0.0,-0.19168298382244495,-0.19168297946453094
1nc9itd,test,ont_Innovacion_Neutro,0.0,-0.16443598256119465,-0.1644359827041626
1nc9itd,test,ont_Etica_Negativo,0.0,-0.06834085335022719,-0.06834085285663605
1nc9itd,test,ont_Tecnologia_Neutro,0.0,-0.27668578554642986,-0.27668577432632446
1n4cu3k,test,ont_domain_density,0.06060606060606061,-0.059077732638318434,-0.059077732264995575
1n4cu3k,test,ont_total_negativo_mentions,3.0,9.787923278415104,9.787922859191895
1n4cu3k,test,ont_InteligenciaArtificial_Negativo,2.0,8.859494008378858,8.85949420928955
1n4cu3k,test,ont_Innovacion_Neutro,0.0,-0.16443598256119465,-0.1644359827041626
1n4cu3k,test,ont_Etica_Negativo,0.0,-0.06834085335022719,-0.06834085285663605
1n4cu3k,test,ont_Tecnologia_Neutro,0.0,-0.27668578554642986,-0.27668577432632446
1n99nua,test,ont_domain_density,0.0,-1.146146880856887,-1.1461468935012817
1n99nua,test,ont_total_negativo_mentions,0.0,-0.21001172000820306,-0.21001172065734863
1n99nua,test,ont_InteligenciaArtificial_Negativo,0.0,-0.19168298382244495,-0.19168297946453094
1n99nua,test,ont_Innovacion_Neutro,0.0,-0.16443598256119465,-0.1644359827041626
1n99nua,test,ont_Etica_Negativo,0.0,-0.06834085335022719,-0.06834085285663605
1n99nua,test,ont_Tecnologia_Neutro,0.0,-0.27668578554642986,-0.27668577432632446
1n75mz6,test,ont_domain_density,0.07692307692307693,0.23359473034360395,0.23359473049640656
1n75mz6,test,ont_total_negativo_mentions,0.0,-0.21001172000820306,-0.21001172065734863
1n75mz6,test,ont_InteligenciaArtificial_Negativo,0.0,-0.19168298382244495,-0.19168297946453094
1n75mz6,test,ont_Innovacion_Neutro,0.0,-0.16443598256119465,-0.1644359827041626
1n75mz6,test,ont_Etica_Negativo,0.0,-0.06834085335022719,-0.06834085285663605
1n75mz6,test,ont_Tecnologia_Neutro,0.0,-0.27668578554642986,-0.27668577432632446
1n6q3nr,test,ont_domain_density,0.0,-1.146146880856887,-1.1461468935012817
1n6q3nr,test,ont_total_negativo_mentions,0.0,-0.21001172000820306,-0.21001172065734863
1n6q3nr,test,ont_InteligenciaArtificial_Negativo,0.0,-0.19168298382244495,-0.19168297946453094
1n6q3nr,test,ont_Innovacion_Neutro,0.0,-0.16443598256119465,-0.1644359827041626
1n6q3nr,test,ont_Etica_Negativo,0.0,-0.06834085335022719,-0.06834085285663605
1n6q3nr,test,ont_Tecnologia_Neutro,0.0,-0.27668578554642986,-0.27668577432632446
1negfc1,test,ont_domain_density,0.0,-1.146146880856887,-1.1461468935012817
1negfc1,test,ont_total_negativo_mentions,0.0,-0.21001172000820306,-0.21001172065734863
1negfc1,test,ont_InteligenciaArtificial_Negativo,0.0,-0.19168298382244495,-0.19168297946453094
1negfc1,test,ont_Innovacion_Neutro,0.0,-0.16443598256119465,-0.1644359827041626
1negfc1,test,ont_Etica_Negativo,0.0,-0.06834085335022719,-0.06834085285663605
1negfc1,test,ont_Tecnologia_Neutro,0.0,-0.27668578554642986,-0.27668577432632446
1nig7mp,test,ont_domain_density,0.0,-1.146146880856887,-1.1461468935012817
1nig7mp,test,ont_total_negativo_mentions,0.0,-0.21001172000820306,-0.21001172065734863
1nig7mp,test,ont_InteligenciaArtificial_Negativo,0.0,-0.19168298382244495,-0.19168297946453094
1nig7mp,test,ont_Innovacion_Neutro,0.0,-0.16443598256119465,-0.1644359827041626
1nig7mp,test,ont_Etica_Negativo,0.0,-0.06834085335022719,-0.06834085285663605
1nig7mp,test,ont_Tecnologia_Neutro,0.0,-0.27668578554642986,-0.27668577432632446
1nbo2dp,test,ont_domain_density,0.0,-1.146146880856887,-1.1461468935012817
1nbo2dp,test,ont_total_negativo_mentions,0.0,-0.21001172000820306,-0.21001172065734863
1nbo2dp,test,ont_InteligenciaArtificial_Negativo,0.0,-0.19168298382244495,-0.19168297946453094
1nbo2dp,test,ont_Innovacion_Neutro,0.0,-0.16443598256119465,-0.1644359827041626
1nbo2dp,test,ont_Etica_Negativo,0.0,-0.06834085335022719,-0.06834085285663605
1nbo2dp,test,ont_Tecnologia_Neutro,0.0,-0.27668578554642986,-0.27668577432632446
1nfb488,test,ont_domain_density,0.1,0.6475172137037513,0.647517204284668
1nfb488,test,ont_total_negativo_mentions,0.0,-0.21001172000820306,-0.21001172065734863
1nfb488,test,ont_InteligenciaArtificial_Negativo,0.0,-0.19168298382244495,-0.19168297946453094
1nfb488,test,ont_Innovacion_Neutro,0.0,-0.16443598256119465,-0.1644359827041626
1nfb488,test,ont_Etica_Negativo,0.0,-0.06834085335022719,-0.06834085285663605
1nfb488,test,ont_Tecnologia_Neutro,0.0,-0.27668578554642986,-0.27668577432632446
1nf7ez8,test,ont_domain_density,0.07142857142857142,0.1350417581149973,0.1350417584180832
1nf7ez8,test,ont_total_negativo_mentions,0.0,-0.21001172000820306,-0.21001172065734863
1nf7ez8,test,ont_InteligenciaArtificial_Negativo,0.0,-0.19168298382244495,-0.19168297946453094
1nf7ez8,test,ont_Innovacion_Neutro,0.0,-0.16443598256119465,-0.1644359827041626
1nf7ez8,test,ont_Etica_Negativo,0.0,-0.06834085335022719,-0.06834085285663605
1nf7ez8,test,ont_Tecnologia_Neutro,0.0,-0.27668578554642986,-0.27668577432632446
1nfpo5j,test,ont_domain_density,0.0,-1.146146880856887,-1.1461468935012817
1nfpo5j,test,ont_total_negativo_mentions,0.0,-0.21001172000820306,-0.21001172065734863
1nfpo5j,test,ont_InteligenciaArtificial_Negativo,0.0,-0.19168298382244495,-0.19168297946453094
1nfpo5j,test,ont_Innovacion_Neutro,0.0,-0.16443598256119465,-0.1644359827041626
1nfpo5j,test,ont_Etica_Negativo,0.0,-0.06834085335022719,-0.06834085285663605
1nfpo5j,test,ont_Tecnologia_Neutro,0.0,-0.27668578554642986,-0.27668577432632446
