post_id,split,ont_domain_density,ont_InteligenciaArtificial_Negativo,ont_total_negativo_mentions,ont_Innovacion_Neutro,ont_Etica_Negativo,ont_InteligenciaArtificial_Neutro,ont_Tecnologia_Positivo
1mug8n6,train,-0.39878684145662124,-0.15752691434234717,-0.17953962480540778,-0.16657226469553213,-0.07205628352785283,-0.570329500224504,-0.12708214194383724
1n111of,train,-0.5276420206635636,-0.15752691434234717,-0.17953962480540778,-0.16657226469553213,-0.07205628352785283,0.9298850547138652,-0.12708214194383724
1n07dr6,train,-1.146146880856887,-0.15752691434234717,-0.17953962480540778,-0.16657226469553213,-0.07205628352785283,-0.570329500224504,-0.12708214194383724
1n07zib,train,-1.146146880856887,-0.15752691434234717,-0.17953962480540778,-0.16657226469553213,-0.07205628352785283,-0.570329500224504,-0.12708214194383724
1mwq1az,train,-0.14966682832319925,-0.15752691434234717,-0.17953962480540778,-0.16657226469553213,-0.07205628352785283,-0.570329500224504,-0.12708214194383724
1mxx49c,train,0.3485731979436447,-0.15752691434234717,-0.17953962480540778,-0.16657226469553213,-0.07205628352785283,0.1797777772446806,-0.12708214194383724
1mpccws,train,-1.146146880856887,-0.15752691434234717,-0.17953962480540778,-0.16657226469553213,-0.07205628352785283,-0.570329500224504,-0.12708214194383724
1n0zrz4,train,0.04962918218353839,-0.15752691434234717,-0.17953962480540778,-0.16657226469553213,-0.07205628352785283,-0.570329500224504,-0.12708214194383724
1n0xrbd,train,0.3485731979436447,-0.15752691434234717,-0.17953962480540778,-0.16657226469553213,-0.07205628352785283,-0.570329500224504,-0.12708214194383724
1mwze3i,train,-1.0627206439005783,-0.15752691434234717,-0.17953962480540778,-0.16657226469553213,-0.07205628352785283,-0.570329500224504,-0.12708214194383724
1mztu7g,train,2.8397733292778646,-0.15752691434234717,-0.17953962480540778,-0.16657226469553213,-0.07205628352785283,0.1797777772446806,-0.12708214194383724
1my0vmx,train,0.23359473034360395,-0.15752691434234717,-0.17953962480540778,5.59206888620715,-0.07205628352785283,-0.570329500224504,-0.12708214194383724
1n1sp4y,train,0.3485731979436447,-0.15752691434234717,-0.17953962480540778,-0.16657226469553213,-0.07205628352785283,-0.570329500224504,-0.12708214194383724
1mwdpoy,train,1.245405245223964,-0.15752691434234717,-0.17953962480540778,-0.16657226469553213,-0.07205628352785283,0.1797777772446806,-0.12708214194383724
1n0joca,train,0.4844568414709659,-0.15752691434234717,-0.17953962480540778,-0.16657226469553213,-0.07205628352785283,0.1797777772446806,-0.12708214194383724
1munjuu,train,-1.146146880856887,-0.15752691434234717,-0.17953962480540778,-0.16657226469553213,-0.07205628352785283,-0.570329500224504,-0.12708214194383724
1my13or,train,-0.20211314687760387,-0.15752691434234717,-0.17953962480540778,-0.16657226469553213,-0.07205628352785283,-0.570329500224504,-0.12708214194383724
1my86as,train,0.4844568414709659,-0.15752691434234717,-0.17953962480540778,-0.16657226469553213,-0.07205628352785283,0.1797777772446806,-0.12708214194383724
1mue9yv,train,0.1350417581149973,-0.15752691434234717,-0.17953962480540778,-0.16657226469553213,-0.07205628352785283,0.1797777772446806,-0.12708214194383724
1n2vnfd,train,0.1350417581149973,-0.15752691434234717,-0.17953962480540778,-0.16657226469553213,-0.07205628352785283,0.1797777772446806,-0.12708214194383724
1n35fvl,train,0.3485731979436447,-0.15752691434234717,-0.17953962480540778,-0.16657226469553213,-0.07205628352785283,0.1797777772446806,-0.12708214194383724
1n1n0xg,train,2.8397733292778646,-0.15752691434234717,-0.17953962480540778,-0.16657226469553213,-0.07205628352785283,0.1797777772446806,-0.12708214194383724
1n1e17v,train,-0.48182684583442853,-0.15752691434234717,-0.17953962480540778,-0.16657226469553213,-0.07205628352785283,0.1797777772446806,-0.12708214194383724
1mx9c6w,train,1.4162303970868817,-0.15752691434234717,-0.17953962480540778,-0.16657226469553213,-0.07205628352785283,0.1797777772446806,-0.12708214194383724
1n3gogj,train,1.0959332373439108,-0.15752691434234717,-0.17953962480540778,-0.16657226469553213,-0.07205628352785283,0.1797777772446806,-0.12708214194383724
1mslmsu,train,-1.146146880856887,-0.15752691434234717,-0.17953962480540778,-0.16657226469553213,-0.07205628352785283,-0.570329500224504,-0.12708214194383724
1my67y2,train,-0.025106821756488196,-0.15752691434234717,-0.17953962480540778,-0.16657226469553213,-0.07205628352785283,0.1797777772446806,-0.12708214194383724
1n39yai,train,-0.6977308572167276,-0.15752691434234717,-0.17953962480540778,-0.16657226469553213,-0.07205628352785283,-0.570329500224504,-0.12708214194383724
1n044bl,train,-1.146146880856887,-0.15752691434234717,-0.17953962480540778,-0.16657226469553213,-0.07205628352785283,-0.570329500224504,-0.12708214194383724
1n33b7m,train,0.8468132242104887,-0.15752691434234717,-0.17953962480540778,-0.16657226469553213,-0.07205628352785283,0.1797777772446806,-0.12708214194383724
1n1r9xa,train,1.613336341544095,-0.15752691434234717,-0.17953962480540778,-0.16657226469553213,-0.07205628352785283,-0.570329500224504,-0.12708214194383724
1n0ujim,train,-0.8521035866666185,-0.15752691434234717,-0.17953962480540778,-0.16657226469553213,-0.07205628352785283,-0.570329500224504,-0.12708214194383724
1n1lz4s,train,0.8468132242104887,-0.15752691434234717,-0.17953962480540778,-0.16657226469553213,-0.07205628352785283,0.1797777772446806,-0.12708214194383724
1n1dz6v,train,0.23359473034360395,-0.15752691434234717,-0.17953962480540778,-0.16657226469553213,-0.07205628352785283,0.1797777772446806,-0.12708214194383724
1myzfk0,train,-1.146146880856887,-0.15752691434234717,-0.17953962480540778,-0.16657226469553213,-0.07205628352785283,-0.570329500224504,-0.12708214194383724
1msqibm,train,-0.39878684145662124,-0.15752691434234717,-0.17953962480540778,-0.16657226469553213,-0.07205628352785283,0.1797777772446806,-0.12708214194383724
1mzusfx,train,1.0959332373439108,-0.15752691434234717,-0.17953962480540778,-0.16657226469553213,-0.07205628352785283,0.9298850547138652,-0.12708214194383724
1mw60e1,train,0.6475172137037513,-0.15752691434234717,-0.17953962480540778,-0.16657226469553213,-0.07205628352785283,0.1797777772446806,-0.12708214194383724
1mzgln9,train,0.4844568414709659,-0.15752691434234717,-0.17953962480540778,-0.16657226469553213,-0.07205628352785283,-0.570329500224504,6.023693528137884
1n3ebr1,train,-1.0171062985143953,-0.15752691434234717,-0.17953962480540778,-0.16657226469553213,-0.07205628352785283,-0.570329500224504,-0.12708214194383724
1mwpx1i,train,0.3485731979436447,-0.15752691434234717,-0.17953962480540778,-0.16657226469553213,-0.07205628352785283,-0.570329500224504,-0.12708214194383724
1n1m7ek,train,0.3485731979436447,-0.15752691434234717,-0.17953962480540778,-0.16657226469553213,-0.07205628352785283,0.1797777772446806,-0.12708214194383724
1n0jkq7,train,1.8432932767441765,4.761378023831591,3.598598566751869,-0.16657226469553213,-0.07205628352785283,-0.570329500224504,-0.12708214194383724
1my9s6j,train,-0.09105035464474698,-0.15752691434234717,-0.17953962480540778,-0.16657226469553213,-0.07205628352785283,-0.570329500224504,-0.12708214194383724
1mwbrrx,train,0.4844568414709659,-0.15752691434234717,-0.17953962480540778,-0.16657226469553213,-0.07205628352785283,0.1797777772446806,-0.12708214194383724
1mvsvld,train,0.6475172137037513,-0.15752691434234717,-0.17953962480540778,-0.16657226469553213,-0.07205628352785283,-0.570329500224504,6.023693528137884
1n0jmn0,train,0.04962918218353839,-0.15752691434234717,-0.17953962480540778,-0.16657226469553213,-0.07205628352785283,-0.570329500224504,-0.12708214194383724
1n0czt9,train,-1.146146880856887,-0.15752691434234717,-0.17953962480540778,-0.16657226469553213,-0.07205628352785283,-0.570329500224504,-0.12708214194383724
1mztnyn,train,0.23359473034360395,-0.15752691434234717,-0.17953962480540778,-0.16657226469553213,-0.07205628352785283,0.1797777772446806,-0.12708214194383724
1n1h3yt,train,0.23359473034360395,-0.15752691434234717,-0.17953962480540778,-0.16657226469553213,-0.07205628352785283,0.1797777772446806,-0.12708214194383724
1n3bayh,train,-1.146146880856887,-0.15752691434234717,-0.17953962480540778,-0.16657226469553213,-0.07205628352785283,-0.570329500224504,-0.12708214194383724
1mvtff1,train,-1.0657135133878002,-0.15752691434234717,-0.17953962480540778,-0.16657226469553213,-0.07205628352785283,0.1797777772446806,-0.12708214194383724
1n019i8,train,-1.146146880856887,-0.15752691434234717,-0.17953962480540778,-0.16657226469553213,-0.07205628352785283,-0.570329500224504,-0.12708214194383724
1n2lala,train,-0.09105035464474698,-0.15752691434234717,-0.17953962480540778,-0.16657226469553213,-0.07205628352785283,0.1797777772446806,-0.12708214194383724
1n2afj1,train,0.5621046377722921,-0.15752691434234717,-0.17953962480540778,-0.16657226469553213,-0.07205628352785283,0.1797777772446806,-0.12708214194383724
1n348s3,train,-0.025106821756488196,-0.15752691434234717,-0.17953962480540778,-0.16657226469553213,-0.07205628352785283,0.1797777772446806,-0.12708214194383724
1n1cejo,train,0.3485731979436447,-0.15752691434234717,-0.17953962480540778,-0.16657226469553213,-0.07205628352785283,0.1797777772446806,-0.12708214194383724
1mxu739,train,0.23359473034360395,-0.15752691434234717,-0.17953962480540778,-0.16657226469553213,-0.07205628352785283,0.1797777772446806,-0.12708214194383724
1n352wd,train,2.115060563798819,-0.15752691434234717,-0.17953962480540778,-0.16657226469553213,-0.07205628352785283,0.1797777772446806,-0.12708214194383724
1n0v5y7,train,0.1350417581149973,-0.15752691434234717,-0.17953962480540778,-0.16657226469553213,-0.07205628352785283,0.1797777772446806,-0.12708214194383724
1n0864p,train,0.4844568414709659,-0.15752691434234717,-0.17953962480540778,-0.16657226469553213,-0.07205628352785283,0.1797777772446806,-0.12708214194383724
1myi64u,train,1.0959332373439108,4.761378023831591,3.598598566751869,-0.16657226469553213,-0.07205628352785283,-0.570329500224504,-0.12708214194383724
1n0qr62,train,-1.0627206439005783,-0.15752691434234717,-0.17953962480540778,-0.16657226469553213,-0.07205628352785283,-0.570329500224504,-0.12708214194383724
1n2nsq6,train,-1.0974060087220872,-0.15752691434234717,-0.17953962480540778,-0.16657226469553213,-0.07205628352785283,-0.570329500224504,-0.12708214194383724
1muecog,train,-0.4286812430326318,-0.15752691434234717,-0.17953962480540778,-0.16657226469553213,-0.07205628352785283,0.1797777772446806,-0.12708214194383724
1mxxdnh,train,-0.24931483357656795,-0.15752691434234717,-0.17953962480540778,-0.16657226469553213,-0.07205628352785283,-0.570329500224504,-0.12708214194383724
1n02jgm,train,0.6475172137037513,-0.15752691434234717,-0.17953962480540778,-0.16657226469553213,-0.07205628352785283,-0.570329500224504,-0.12708214194383724
1my462y,train,0.3485731979436447,-0.15752691434234717,-0.17953962480540778,-0.16657226469553213,-0.07205628352785283,0.1797777772446806,-0.12708214194383724
1mse1hx,train,1.0959332373439108,-0.15752691434234717,-0.17953962480540778,-0.16657226469553213,-0.07205628352785283,0.1797777772446806,-0.12708214194383724
1mzmial,train,-1.0276228217449506,-0.15752691434234717,-0.17953962480540778,-0.16657226469553213,-0.07205628352785283,-0.570329500224504,-0.12708214194383724
1n2agds,train,2.44118130826439,-0.15752691434234717,-0.17953962480540778,-0.16657226469553213,-0.07205628352785283,0.1797777772446806,-0.12708214194383724
1mzs2pn,train,-0.3308450196929606,-0.15752691434234717,-0.17953962480540778,-0.16657226469553213,-0.07205628352785283,0.9298850547138652,-0.12708214194383724
1mxx3t0,train,0.6475172137037513,-0.15752691434234717,-0.17953962480540778,-0.16657226469553213,-0.07205628352785283,0.1797777772446806,-0.12708214194383724
1n2c52r,train,-1.146146880856887,-0.15752691434234717,-0.17953962480540778,-0.16657226469553213,-0.07205628352785283,-0.570329500224504,-0.12708214194383724
1mzfume,train,-1.146146880856887,-0.15752691434234717,-0.17953962480540778,-0.16657226469553213,-0.07205628352785283,-0.570329500224504,-0.12708214194383724
1n1xb5q,train,-0.9881148020409719,-0.15752691434234717,3.598598566751869,-0.16657226469553213,-0.07205628352785283,0.1797777772446806,-0.12708214194383724
1mzn4h1,train,-0.996674872976834,-0.15752691434234717,-0.17953962480540778,-0.16657226469553213,-0.07205628352785283,-0.570329500224504,-0.12708214194383724
1n2swc2,train,-0.6772150914292692,-0.15752691434234717,-0.17953962480540778,5.59206888620715,-0.07205628352785283,0.1797777772446806,-0.12708214194383724
1mztq0w,train,0.04962918218353839,-0.15752691434234717,-0.17953962480540778,-0.16657226469553213,-0.07205628352785283,0.1797777772446806,-0.12708214194383724
1mxu3oh,train,1.0959332373439108,-0.15752691434234717,-0.17953962480540778,-0.16657226469553213,-0.07205628352785283,-0.570329500224504,-0.12708214194383724
1n0z5f0,train,0.04962918218353839,-0.15752691434234717,-0.17953962480540778,-0.16657226469553213,-0.07205628352785283,0.1797777772446806,-0.12708214194383724
1my9ip6,train,0.8468132242104887,-0.15752691434234717,-0.17953962480540778,-0.16657226469553213,-0.07205628352785283,0.1797777772446806,-0.12708214194383724
1mxq709,train,-0.48182684583442853,-0.15752691434234717,-0.17953962480540778,-0.16657226469553213,-0.07205628352785283,0.9298850547138652,-0.12708214194383724
1n03up3,train,0.4844568414709659,-0.15752691434234717,-0.17953962480540778,-0.16657226469553213,-0.07205628352785283,0.1797777772446806,-0.12708214194383724
1mzpoho,train,-0.3662929267000879,-0.15752691434234717,-0.17953962480540778,-0.16657226469553213,-0.07205628352785283,-0.570329500224504,-0.12708214194383724
1n10ulj,train,0.6475172137037513,-0.15752691434234717,-0.17953962480540778,-0.16657226469553213,-0.07205628352785283,0.1797777772446806,-0.12708214194383724
1n1c3fa,train,2.115060563798819,-0.15752691434234717,-0.17953962480540778,-0.16657226469553213,-0.07205628352785283,0.1797777772446806,-0.12708214194383724
1mztbft,train,0.04962918218353839,-0.15752691434234717,-0.17953962480540778,-0.16657226469553213,-0.07205628352785283,-0.570329500224504,-0.12708214194383724
1n1tzfi,train,0.23359473034360395,-0.15752691434234717,-0.17953962480540778,-0.16657226469553213,-0.07205628352785283,0.9298850547138652,-0.12708214194383724
1n36699,train,2.115060563798819,-0.15752691434234717,-0.17953962480540778,-0.16657226469553213,-0.07205628352785283,0.1797777772446806,-0.12708214194383724
1mzzyof,train,1.4162303970868817,-0.15752691434234717,-0.17953962480540778,-0.16657226469553213,-0.07205628352785283,-0.570329500224504,-0.12708214194383724
1n2aiec,train,0.3485731979436447,-0.15752691434234717,-0.17953962480540778,-0.16657226469553213,-0.07205628352785283,0.1797777772446806,-0.12708214194383724
1n121ip,train,0.6475172137037513,-0.15752691434234717,-0.17953962480540778,-0.16657226469553213,-0.07205628352785283,-0.570329500224504,-0.12708214194383724
1n2km6j,train,0.8468132242104887,-0.15752691434234717,-0.17953962480540778,-0.16657226469553213,-0.07205628352785283,-0.570329500224504,-0.12708214194383724
1n0ji0c,train,-0.6802601030489291,-0.15752691434234717,-0.17953962480540778,-0.16657226469553213,-0.07205628352785283,-0.570329500224504,-0.12708214194383724
1n159ci,train,-0.29202112154229753,-0.15752691434234717,-0.17953962480540778,-0.16657226469553213,-0.07205628352785283,0.1797777772446806,-0.12708214194383724
1n0oyx9,train,1.4162303970868817,-0.15752691434234717,-0.17953962480540778,-0.16657226469553213,-0.07205628352785283,0.1797777772446806,-0.12708214194383724
1n0vr5r,train,0.6475172137037513,-0.15752691434234717,-0.17953962480540778,-0.16657226469553213,-0.07205628352785283,0.1797777772446806,-0.12708214194383724
1n0xt7u,train,-1.1068121419410837,-0.15752691434234717,-0.17953962480540778,-0.16657226469553213,-0.07205628352785283,-0.570329500224504,-0.12708214194383724
1n11kag,train,1.613336341544095,-0.15752691434234717,-0.17953962480540778,-0.16657226469553213,-0.07205628352785283,0.9298850547138652,-0.12708214194383724
1myz4xe,train,0.3485731979436447,-0.15752691434234717,-0.17953962480540778,-0.16657226469553213,-0.07205628352785283,0.1797777772446806,-0.12708214194383724
1my03yt,train,0.8468132242104887,-0.15752691434234717,-0.17953962480540778,-0.16657226469553213,-0.07205628352785283,0.1797777772446806,-0.12708214194383724
1mr28q4,train,-1.146146880856887,-0.15752691434234717,-0.17953962480540778,-0.16657226469553213,-0.07205628352785283,-0.570329500224504,-0.12708214194383724
1n0ka3u,train,-1.146146880856887,-0.15752691434234717,-0.17953962480540778,-0.16657226469553213,-0.07205628352785283,-0.570329500224504,-0.12708214194383724
1myamol,train,-1.146146880856887,-0.15752691434234717,-0.17953962480540778,-0.16657226469553213,-0.07205628352785283,-0.570329500224504,-0.12708214194383724
1mzh08i,train,-1.0459421828367397,-0.15752691434234717,-0.17953962480540778,-0.16657226469553213,-0.07205628352785283,-0.570329500224504,-0.12708214194383724
1n0f2vc,train,1.0959332373439108,-0.15752691434234717,-0.17953962480540778,-0.16657226469553213,-0.07205628352785283,0.9298850547138652,-0.12708214194383724
1mueakf,train,-0.20211314687760387,4.761378023831591,3.598598566751869,-0.16657226469553213,-0.07205628352785283,-0.570329500224504,-0.12708214194383724
1n161bd,train,-1.146146880856887,-0.15752691434234717,-0.17953962480540778,-0.16657226469553213,-0.07205628352785283,-0.570329500224504,-0.12708214194383724
1mxdgjd,train,-0.8368944507602254,-0.15752691434234717,-0.17953962480540778,-0.16657226469553213,-0.07205628352785283,0.9298850547138652,-0.12708214194383724
1muh982,train,-0.14966682832319925,-0.15752691434234717,-0.17953962480540778,-0.16657226469553213,-0.07205628352785283,-0.570329500224504,-0.12708214194383724
1mvc93a,train,-1.146146880856887,-0.15752691434234717,-0.17953962480540778,-0.16657226469553213,-0.07205628352785283,-0.570329500224504,-0.12708214194383724
1n1e8yb,train,-0.900439470643101,-0.15752691434234717,-0.17953962480540778,-0.16657226469553213,-0.07205628352785283,-0.570329500224504,-0.12708214194383724
1n17rgw,train,0.1350417581149973,-0.15752691434234717,-0.17953962480540778,-0.16657226469553213,-0.07205628352785283,0.1797777772446806,-0.12708214194383724
1n2e639,train,-0.8880657161719032,-0.15752691434234717,-0.17953962480540778,5.59206888620715,-0.07205628352785283,-0.570329500224504,-0.12708214194383724
1n0cj6b,train,1.8432932767441765,-0.15752691434234717,-0.17953962480540778,5.59206888620715,-0.07205628352785283,-0.570329500224504,-0.12708214194383724
1mxgy4w,train,-0.20211314687760387,-0.15752691434234717,-0.17953962480540778,-0.16657226469553213,-0.07205628352785283,-0.570329500224504,-0.12708214194383724
1n3g91a,train,0.6475172137037513,-0.15752691434234717,-0.17953962480540778,-0.16657226469553213,-0.07205628352785283,0.1797777772446806,-0.12708214194383724
1mvr7lg,train,-1.146146880856887,-0.15752691434234717,-0.17953962480540778,-0.16657226469553213,-0.07205628352785283,-0.570329500224504,-0.12708214194383724
1mvde2o,train,0.23359473034360395,-0.15752691434234717,-0.17953962480540778,-0.16657226469553213,-0.07205628352785283,-0.570329500224504,-0.12708214194383724
1n20u8s,train,0.6475172137037513,-0.15752691434234717,-0.17953962480540778,-0.16657226469553213,-0.07205628352785283,-0.570329500224504,-0.12708214194383724
1my1sda,train,0.4844568414709659,-0.15752691434234717,-0.17953962480540778,-0.16657226469553213,-0.07205628352785283,0.1797777772446806,-0.12708214194383724
1mzshd4,train,0.7419205871016794,-0.15752691434234717,-0.17953962480540778,-0.16657226469553213,-0.07205628352785283,0.1797777772446806,-0.12708214194383724
1n3cpkl,train,0.3485731979436447,-0.15752691434234717,-0.17953962480540778,-0.16657226469553213,-0.07205628352785283,-0.570329500224504,-0.12708214194383724
1n18tj5,train,0.23359473034360395,-0.15752691434234717,-0.17953962480540778,-0.16657226469553213,-0.07205628352785283,0.1797777772446806,-0.12708214194383724
1n202hx,train,-1.0357675519608478,-0.15752691434234717,-0.17953962480540778,-0.16657226469553213,-0.07205628352785283,-0.570329500224504,-0.12708214194383724
1mztd48,train,0.6475172137037513,-0.15752691434234717,-0.17953962480540778,-0.16657226469553213,-0.07205628352785283,-0.570329500224504,-0.12708214194383724
1n08941,train,0.3485731979436447,-0.15752691434234717,-0.17953962480540778,-0.16657226469553213,-0.07205628352785283,0.1797777772446806,-0.12708214194383724
1mzm79r,train,-0.39878684145662124,-0.15752691434234717,-0.17953962480540778,-0.16657226469553213,-0.07205628352785283,0.1797777772446806,-0.12708214194383724
1mujn7k,train,-0.24931483357656795,-0.15752691434234717,-0.17953962480540778,-0.16657226469553213,-0.07205628352785283,-0.570329500224504,-0.12708214194383724
1n2jcbi,train,0.8468132242104887,-0.15752691434234717,-0.17953962480540778,-0.16657226469553213,-0.07205628352785283,0.1797777772446806,-0.12708214194383724
1n2bslr,train,-1.0611391038634919,-0.15752691434234717,-0.17953962480540778,-0.16657226469553213,-0.07205628352785283,-0.570329500224504,-0.12708214194383724
1mvgxl4,train,-1.0180280169596987,-0.15752691434234717,-0.17953962480540778,-0.16657226469553213,-0.07205628352785283,-0.570329500224504,-0.12708214194383724
1n18yvw,train,-1.111182668487284,-0.15752691434234717,-0.17953962480540778,-0.16657226469553213,-0.07205628352785283,-0.570329500224504,-0.12708214194383724
1n3f9uz,train,1.613336341544095,-0.15752691434234717,-0.17953962480540778,-0.16657226469553213,-0.07205628352785283,-0.570329500224504,-0.12708214194383724
1n1m8v6,train,1.0959332373439108,-0.15752691434234717,-0.17953962480540778,-0.16657226469553213,-0.07205628352785283,0.1797777772446806,-0.12708214194383724
1my127l,train,-1.146146880856887,-0.15752691434234717,-0.17953962480540778,-0.16657226469553213,-0.07205628352785283,-0.570329500224504,-0.12708214194383724
1n0d4mu,train,-1.146146880856887,-0.15752691434234717,-0.17953962480540778,-0.16657226469553213,-0.07205628352785283,-0.570329500224504,-0.12708214194383724
1n37iw0,train,-0.025106821756488196,-0.15752691434234717,-0.17953962480540778,-0.16657226469553213,-0.07205628352785283,-0.570329500224504,-0.12708214194383724
1myamaa,train,-1.146146880856887,-0.15752691434234717,-0.17953962480540778,-0.16657226469553213,-0.07205628352785283,-0.570329500224504,-0.12708214194383724
1n37lqc,train,-0.29202112154229753,-0.15752691434234717,-0.17953962480540778,-0.16657226469553213,-0.07205628352785283,-0.570329500224504,-0.12708214194383724
1n0oidd,train,0.3485731979436447,-0.15752691434234717,-0.17953962480540778,-0.16657226469553213,-0.07205628352785283,0.1797777772446806,-0.12708214194383724
1n1qqft,train,0.1350417581149973,-0.15752691434234717,-0.17953962480540778,-0.16657226469553213,-0.07205628352785283,-0.570329500224504,-0.12708214194383724
1myl71n,train,-0.14966682832319925,-0.15752691434234717,-0.17953962480540778,-0.16657226469553213,-0.07205628352785283,0.1797777772446806,-0.12708214194383724
1mx640e,train,-1.016171221830754,-0.15752691434234717,-0.17953962480540778,-0.16657226469553213,-0.07205628352785283,-0.570329500224504,-0.12708214194383724
1mybhcd,train,1.8432932767441765,-0.15752691434234717,-0.17953962480540778,-0.16657226469553213,-0.07205628352785283,0.1797777772446806,-0.12708214194383724
1n07idm,train,-1.146146880856887,-0.15752691434234717,-0.17953962480540778,-0.16657226469553213,-0.07205628352785283,-0.570329500224504,-0.12708214194383724
1n2c85w,train,0.3485731979436447,-0.15752691434234717,-0.17953962480540778,-0.16657226469553213,-0.07205628352785283,-0.570329500224504,-0.12708214194383724
1n2vlxc,train,1.4162303970868817,-0.15752691434234717,-0.17953962480540778,-0.16657226469553213,-0.07205628352785283,0.1797777772446806,-0.12708214194383724
1n1c5co,train,-0.3662929267000879,-0.15752691434234717,-0.17953962480540778,-0.16657226469553213,-0.07205628352785283,-0.570329500224504,-0.12708214194383724
1n0veo8,train,-1.0811590513438205,-0.15752691434234717,-0.17953962480540778,-0.16657226469553213,-0.07205628352785283,-0.570329500224504,-0.12708214194383724
1mym2k0,train,1.4162303970868817,-0.15752691434234717,-0.17953962480540778,-0.16657226469553213,-0.07205628352785283,-0.570329500224504,-0.12708214194383724
1n0vknx,train,0.04962918218353839,-0.15752691434234717,-0.17953962480540778,-0.16657226469553213,-0.07205628352785283,0.1797777772446806,-0.12708214194383724
1n1esxc,train,-0.7290156960753433,-0.15752691434234717,-0.17953962480540778,-0.16657226469553213,-0.07205628352785283,-0.570329500224504,-0.12708214194383724
1mzlh7p,train,0.04962918218353839,-0.15752691434234717,-0.17953962480540778,-0.16657226469553213,-0.07205628352785283,-0.570329500224504,-0.12708214194383724
1n3bxtu,train,0.3485731979436447,-0.15752691434234717,-0.17953962480540778,-0.16657226469553213,-0.07205628352785283,-0.570329500224504,-0.12708214194383724
1n3dyg2,train,-1.146146880856887,-0.15752691434234717,-0.17953962480540778,-0.16657226469553213,-0.07205628352785283,-0.570329500224504,-0.12708214194383724
1mza5gm,train,0.23359473034360395,-0.15752691434234717,-0.17953962480540778,-0.16657226469553213,-0.07205628352785283,0.1797777772446806,-0.12708214194383724
1myteou,train,0.1350417581149973,-0.15752691434234717,-0.17953962480540778,-0.16657226469553213,-0.07205628352785283,0.1797777772446806,-0.12708214194383724
1mvxrps,train,-1.0367771189934336,-0.15752691434234717,-0.17953962480540778,-0.16657226469553213,-0.07205628352785283,1.6799923321830499,-0.12708214194383724
1mzqv6x,train,-1.0265692745528445,-0.15752691434234717,-0.17953962480540778,-0.16657226469553213,-0.07205628352785283,-0.570329500224504,-0.12708214194383724
1mzu9qo,train,0.3485731979436447,-0.15752691434234717,-0.17953962480540778,-0.16657226469553213,-0.07205628352785283,-0.570329500224504,-0.12708214194383724
1n2dymo,train,2.44118130826439,-0.15752691434234717,-0.17953962480540778,-0.16657226469553213,-0.07205628352785283,0.1797777772446806,-0.12708214194383724
1n0szva,train,0.4844568414709659,-0.15752691434234717,-0.17953962480540778,-0.16657226469553213,-0.07205628352785283,0.1797777772446806,-0.12708214194383724
1n2ui46,train,1.8432932767441765,-0.15752691434234717,-0.17953962480540778,-0.16657226469553213,-0.07205628352785283,-0.570329500224504,-0.12708214194383724
1mylm2m,train,-0.9132034919529081,-0.15752691434234717,-0.17953962480540778,-0.16657226469553213,-0.07205628352785283,-0.570329500224504,-0.12708214194383724
1mtm6hn,train,5.580093473745507,-0.15752691434234717,-0.17953962480540778,-0.16657226469553213,-0.07205628352785283,0.1797777772446806,-0.12708214194383724
1n0ngg7,train,-0.17659872163492044,-0.15752691434234717,-0.17953962480540778,-0.16657226469553213,-0.07205628352785283,0.1797777772446806,-0.12708214194383724
1mz6c28,train,0.4844568414709659,-0.15752691434234717,-0.17953962480540778,-0.16657226469553213,-0.07205628352785283,0.1797777772446806,-0.12708214194383724
1n0voej,train,-0.24931483357656795,-0.15752691434234717,-0.17953962480540778,-0.16657226469553213,-0.07205628352785283,0.1797777772446806,-0.12708214194383724
1mvw2lb,train,-0.7562199037784875,-0.15752691434234717,-0.17953962480540778,5.59206888620715,-0.07205628352785283,-0.570329500224504,-0.12708214194383724
1n0sz0f,train,-1.146146880856887,-0.15752691434234717,-0.17953962480540778,-0.16657226469553213,-0.07205628352785283,-0.570329500224504,-0.12708214194383724
1n0sz5a,train,0.4844568414709659,-0.15752691434234717,-0.17953962480540778,-0.16657226469553213,-0.07205628352785283,0.1797777772446806,-0.12708214194383724
1n2a9k7,train,0.1350417581149973,-0.15752691434234717,-0.17953962480540778,-0.16657226469553213,-0.07205628352785283,0.1797777772446806,-0.12708214194383724
1n0c3fh,train,0.1350417581149973,-0.15752691434234717,-0.17953962480540778,-0.16657226469553213,-0.07205628352785283,-0.570329500224504,-0.12708214194383724
1n0c2ru,train,-1.146146880856887,-0.15752691434234717,-0.17953962480540778,-0.16657226469553213,-0.07205628352785283,-0.570329500224504,-0.12708214194383724
1mp5y9w,train,1.0959332373439108,-0.15752691434234717,-0.17953962480540778,-0.16657226469553213,-0.07205628352785283,-0.570329500224504,-0.12708214194383724
1n1l4or,train,0.3485731979436447,-0.15752691434234717,-0.17953962480540778,-0.16657226469553213,-0.07205628352785283,0.1797777772446806,-0.12708214194383724
1n2poke,train,-1.0257667402823478,-0.15752691434234717,-0.17953962480540778,-0.16657226469553213,-0.07205628352785283,-0.570329500224504,-0.12708214194383724
1n0oaa5,train,0.3485731979436447,-0.15752691434234717,-0.17953962480540778,-0.16657226469553213,-0.07205628352785283,0.1797777772446806,-0.12708214194383724
1n1a64f,train,0.3485731979436447,-0.15752691434234717,-0.17953962480540778,-0.16657226469553213,-0.07205628352785283,0.1797777772446806,-0.12708214194383724
1n08h7w,train,-1.003792587637789,-0.15752691434234717,-0.17953962480540778,-0.16657226469553213,-0.07205628352785283,-0.570329500224504,-0.12708214194383724
1n1i7rb,train,0.8468132242104887,-0.15752691434234717,-0.17953962480540778,-0.16657226469553213,-0.07205628352785283,-0.570329500224504,-0.12708214194383724
1n00mg5,train,0.3485731979436447,-0.15752691434234717,-0.17953962480540778,-0.16657226469553213,-0.07205628352785283,0.1797777772446806,-0.12708214194383724
1n1hw26,train,-1.146146880856887,-0.15752691434234717,-0.17953962480540778,-0.16657226469553213,-0.07205628352785283,-0.570329500224504,-0.12708214194383724
1n0ppmv,train,0.4844568414709659,-0.15752691434234717,-0.17953962480540778,-0.16657226469553213,-0.07205628352785283,0.1797777772446806,-0.12708214194383724
1n0aa7u,train,-0.5276420206635636,-0.15752691434234717,-0.17953962480540778,-0.16657226469553213,-0.07205628352785283,0.1797777772446806,-0.12708214194383724
1mzpurn,train,-1.146146880856887,-0.15752691434234717,-0.17953962480540778,-0.16657226469553213,-0.07205628352785283,-0.570329500224504,-0.12708214194383724
1mzvip3,train,-1.082144593807444,-0.15752691434234717,-0.17953962480540778,5.59206888620715,-0.07205628352785283,-0.570329500224504,-0.12708214194383724
1n1rxe8,train,-0.5276420206635636,-0.15752691434234717,-0.17953962480540778,-0.16657226469553213,-0.07205628352785283,0.1797777772446806,-0.12708214194383724
1n1furf,train,1.0959332373439108,-0.15752691434234717,-0.17953962480540778,-0.16657226469553213,-0.07205628352785283,-0.570329500224504,-0.12708214194383724
1mzajzp,train,0.18249318918803006,-0.15752691434234717,-0.17953962480540778,-0.16657226469553213,-0.07205628352785283,0.9298850547138652,-0.12708214194383724
1myzo6w,train,3.338013355544709,4.761378023831591,7.376736758309145,-0.16657226469553213,-0.07205628352785283,-0.570329500224504,-0.12708214194383724
1mpx1x2,train,-0.6741300138672455,-0.15752691434234717,-0.17953962480540778,-0.16657226469553213,-0.07205628352785283,0.1797777772446806,-0.12708214194383724
1n3cza3,train,0.6475172137037513,-0.15752691434234717,-0.17953962480540778,-0.16657226469553213,-0.07205628352785283,-0.570329500224504,-0.12708214194383724
1mzocny,train,-0.14966682832319925,-0.15752691434234717,-0.17953962480540778,-0.16657226469553213,-0.07205628352785283,0.1797777772446806,-0.12708214194383724
1mzrgre,train,-0.09105035464474698,-0.15752691434234717,-0.17953962480540778,-0.16657226469553213,-0.07205628352785283,-0.570329500224504,-0.12708214194383724
1mzperx,train,0.8468132242104887,-0.15752691434234717,-0.17953962480540778,-0.16657226469553213,-0.07205628352785283,0.1797777772446806,-0.12708214194383724
1mxqcg8,train,-1.146146880856887,-0.15752691434234717,-0.17953962480540778,-0.16657226469553213,-0.07205628352785283,-0.570329500224504,-0.12708214194383724
1mzqfil,train,0.23359473034360395,-0.15752691434234717,-0.17953962480540778,-0.16657226469553213,-0.07205628352785283,-0.570329500224504,-0.12708214194383724
1mzqkts,train,-0.24931483357656795,-0.15752691434234717,-0.17953962480540778,-0.16657226469553213,-0.07205628352785283,0.1797777772446806,-0.12708214194383724
1mxh4oo,train,-0.29202112154229753,-0.15752691434234717,-0.17953962480540778,-0.16657226469553213,-0.07205628352785283,0.1797777772446806,-0.12708214194383724
1n2ra88,train,0.4844568414709659,-0.15752691434234717,-0.17953962480540778,-0.16657226469553213,-0.07205628352785283,-0.570329500224504,-0.12708214194383724
1mxx55t,train,0.4844568414709659,-0.15752691434234717,-0.17953962480540778,-0.16657226469553213,-0.07205628352785283,0.1797777772446806,-0.12708214194383724
1n1vq3j,train,-1.146146880856887,-0.15752691434234717,-0.17953962480540778,-0.16657226469553213,-0.07205628352785283,-0.570329500224504,-0.12708214194383724
1n0cog7,train,0.6475172137037513,-0.15752691434234717,-0.17953962480540778,-0.16657226469553213,-0.07205628352785283,-0.570329500224504,-0.12708214194383724
1mzfvgn,train,-1.0448099263619357,-0.15752691434234717,-0.17953962480540778,-0.16657226469553213,-0.07205628352785283,-0.570329500224504,-0.12708214194383724
1mz67tu,train,0.6475172137037513,-0.15752691434234717,-0.17953962480540778,-0.16657226469553213,-0.07205628352785283,-0.570329500224504,-0.12708214194383724
1n0ai5w,train,0.8468132242104887,-0.15752691434234717,-0.17953962480540778,-0.16657226469553213,-0.07205628352785283,-0.570329500224504,-0.12708214194383724
1n1mvtq,train,-0.09105035464474698,-0.15752691434234717,-0.17953962480540778,-0.16657226469553213,-0.07205628352785283,-0.570329500224504,-0.12708214194383724
1mzeit2,train,-1.146146880856887,-0.15752691434234717,-0.17953962480540778,-0.16657226469553213,-0.07205628352785283,-0.570329500224504,-0.12708214194383724
1n3v6y5,train,-1.0333378183059037,-0.15752691434234717,-0.17953962480540778,-0.16657226469553213,-0.07205628352785283,-0.570329500224504,-0.12708214194383724
1n3lh27,train,0.4844568414709659,-0.15752691434234717,-0.17953962480540778,-0.16657226469553213,-0.07205628352785283,0.1797777772446806,-0.12708214194383724
1n296fm,train,0.3485731979436447,-0.15752691434234717,-0.17953962480540778,-0.16657226469553213,-0.07205628352785283,0.1797777772446806,-0.12708214194383724
1n3k9cs,train,-0.14966682832319925,-0.15752691434234717,-0.17953962480540778,-0.16657226469553213,-0.07205628352785283,0.1797777772446806,-0.12708214194383724
1n3y76g,train,-0.4286812430326318,-0.15752691434234717,-0.17953962480540778,-0.16657226469553213,-0.07205628352785283,-0.570329500224504,-0.12708214194383724
1n0ay8f,train,-0.47686923363276845,-0.15752691434234717,-0.17953962480540778,-0.16657226469553213,-0.07205628352785283,0.9298850547138652,-0.12708214194383724
1n2lfsk,train,0.04962918218353839,-0.15752691434234717,-0.17953962480540778,-0.16657226469553213,-0.07205628352785283,0.1797777772446806,-0.12708214194383724
1n3yg8y,train,0.9640461715673933,-0.15752691434234717,-0.17953962480540778,-0.16657226469553213,-0.07205628352785283,-0.570329500224504,-0.12708214194383724
1n1y4kd,train,0.1350417581149973,-0.15752691434234717,-0.17953962480540778,-0.16657226469553213,-0.07205628352785283,0.1797777772446806,-0.12708214194383724
1n3px41,train,0.04962918218353839,-0.15752691434234717,-0.17953962480540778,-0.16657226469553213,-0.07205628352785283,0.1797777772446806,-0.12708214194383724
1n3kf5u,train,0.04962918218353839,-0.15752691434234717,-0.17953962480540778,-0.16657226469553213,-0.07205628352785283,0.1797777772446806,-0.12708214194383724
1n2ez3k,train,-0.025106821756488196,-0.15752691434234717,-0.17953962480540778,-0.16657226469553213,-0.07205628352785283,-0.570329500224504,-0.12708214194383724
1n2n1ft,train,0.3485731979436447,-0.15752691434234717,-0.17953962480540778,-0.16657226469553213,-0.07205628352785283,-0.570329500224504,-0.12708214194383724
1n1c3zp,train,0.6475172137037513,-0.15752691434234717,-0.17953962480540778,-0.16657226469553213,-0.07205628352785283,-0.570329500224504,-0.12708214194383724
1n3s7c8,train,1.4162303970868817,-0.15752691434234717,-0.17953962480540778,-0.16657226469553213,-0.07205628352785283,0.1797777772446806,-0.12708214194383724
1n25x6e,train,-0.3662929267000879,-0.15752691434234717,-0.17953962480540778,-0.16657226469553213,-0.07205628352785283,0.1797777772446806,-0.12708214194383724
1mxsee0,train,-1.146146880856887,-0.15752691434234717,-0.17953962480540778,-0.16657226469553213,-0.07205628352785283,-0.570329500224504,-0.12708214194383724
1mxf5us,train,-1.146146880856887,-0.15752691434234717,-0.17953962480540778,-0.16657226469553213,-0.07205628352785283,-0.570329500224504,-0.12708214194383724
1n3mxi6,train,-1.0732337062812514,-0.15752691434234717,-0.17953962480540778,-0.16657226469553213,-0.07205628352785283,-0.570329500224504,-0.12708214194383724
1mx714h,train,-1.146146880856887,-0.15752691434234717,-0.17953962480540778,-0.16657226469553213,-0.07205628352785283,-0.570329500224504,-0.12708214194383724
1n3m8c8,train,-0.6977308572167276,-0.15752691434234717,-0.17953962480540778,-0.16657226469553213,-0.07205628352785283,-0.570329500224504,-0.12708214194383724
1n2gztn,train,0.23359473034360395,-0.15752691434234717,-0.17953962480540778,-0.16657226469553213,-0.07205628352785283,-0.570329500224504,-0.12708214194383724
1n2otl6,train,0.23359473034360395,-0.15752691434234717,-0.17953962480540778,-0.16657226469553213,-0.07205628352785283,-0.570329500224504,-0.12708214194383724
1n3w0pq,train,-0.39878684145662124,-0.15752691434234717,-0.17953962480540778,-0.16657226469553213,-0.07205628352785283,0.1797777772446806,-0.12708214194383724
1n2kawg,train,-0.7384959502749239,-0.15752691434234717,-0.17953962480540778,-0.16657226469553213,-0.07205628352785283,-0.570329500224504,-0.12708214194383724
1n1ehyy,train,0.3485731979436447,-0.15752691434234717,-0.17953962480540778,-0.16657226469553213,-0.07205628352785283,-0.570329500224504,-0.12708214194383724
1n27but,train,0.3485731979436447,-0.15752691434234717,-0.17953962480540778,-0.16657226469553213,-0.07205628352785283,-0.570329500224504,-0.12708214194383724
1n3mcrn,train,0.6475172137037513,-0.15752691434234717,-0.17953962480540778,-0.16657226469553213,-0.07205628352785283,-0.570329500224504,-0.12708214194383724
1n2aww9,train,0.18249318918803006,-0.15752691434234717,-0.17953962480540778,-0.16657226469553213,-0.07205628352785283,0.9298850547138652,-0.12708214194383724
1n05bdb,train,-1.146146880856887,-0.15752691434234717,-0.17953962480540778,-0.16657226469553213,-0.07205628352785283,-0.570329500224504,-0.12708214194383724
1n054yf,train,0.04962918218353839,-0.15752691434234717,-0.17953962480540778,-0.16657226469553213,-0.07205628352785283,0.1797777772446806,-0.12708214194383724
1n2aky1,train,-1.0056509987764195,-0.15752691434234717,3.598598566751869,-0.16657226469553213,-0.07205628352785283,-0.570329500224504,-0.12708214194383724
1n2v4s4,train,-0.7139386653001069,-0.15752691434234717,-0.17953962480540778,-0.16657226469553213,-0.07205628352785283,-0.570329500224504,-0.12708214194383724
1n40xf9,train,3.338013355544709,4.761378023831591,11.154874949866423,-0.16657226469553213,13.878040207464455,-0.570329500224504,-0.12708214194383724
1n40hto,train,-0.3308450196929606,-0.15752691434234717,-0.17953962480540778,-0.16657226469553213,-0.07205628352785283,0.1797777772446806,-0.12708214194383724
1n408zv,train,-0.8274755950212408,-0.15752691434234717,-0.17953962480540778,-0.16657226469553213,-0.07205628352785283,0.1797777772446806,-0.12708214194383724
1n4061u,train,-0.9375812884661152,-0.15752691434234717,-0.17953962480540778,-0.16657226469553213,-0.07205628352785283,-0.570329500224504,-0.12708214194383724
1n0xd0i,train,-0.978514722486734,-0.15752691434234717,-0.17953962480540778,-0.16657226469553213,-0.07205628352785283,3.180206887121419,-0.12708214194383724
1n0fnak,train,-1.146146880856887,-0.15752691434234717,-0.17953962480540778,-0.16657226469553213,-0.07205628352785283,-0.570329500224504,-0.12708214194383724
1n0m3tz,train,0.6475172137037513,-0.15752691434234717,-0.17953962480540778,-0.16657226469553213,-0.07205628352785283,-0.570329500224504,-0.12708214194383724
1n0m8kb,train,0.8468132242104887,-0.15752691434234717,-0.17953962480540778,-0.16657226469553213,-0.07205628352785283,-0.570329500224504,-0.12708214194383724
1n0idmt,train,-0.9326154410282398,-0.15752691434234717,-0.17953962480540778,-0.16657226469553213,-0.07205628352785283,0.9298850547138652,-0.12708214194383724
1n3p83k,train,-0.978514722486734,-0.15752691434234717,-0.17953962480540778,-0.16657226469553213,-0.07205628352785283,-0.570329500224504,-0.12708214194383724
1mvm1yj,train,-0.4286812430326318,-0.15752691434234717,-0.17953962480540778,-0.16657226469553213,-0.07205628352785283,0.9298850547138652,-0.12708214194383724
1mvzufa,train,1.4162303970868817,-0.15752691434234717,-0.17953962480540778,-0.16657226469553213,-0.07205628352785283,0.1797777772446806,-0.12708214194383724
1mx18b7,train,-1.146146880856887,-0.15752691434234717,-0.17953962480540778,-0.16657226469553213,-0.07205628352785283,-0.570329500224504,-0.12708214194383724
1mwo9c4,train,0.4844568414709659,-0.15752691434234717,-0.17953962480540778,-0.16657226469553213,-0.07205628352785283,0.1797777772446806,-0.12708214194383724
1n0ku5r,train,-0.947951953281126,-0.15752691434234717,-0.17953962480540778,-0.16657226469553213,-0.07205628352785283,-0.570329500224504,-0.12708214194383724
1mw00bl,train,-0.6336714252681335,-0.15752691434234717,-0.17953962480540778,-0.16657226469553213,-0.07205628352785283,-0.570329500224504,-0.12708214194383724
1mvxvgd,train,1.8432932767441765,-0.15752691434234717,-0.17953962480540778,-0.16657226469553213,-0.07205628352785283,0.1797777772446806,-0.12708214194383724
1mx6m9p,train,-0.5276420206635636,-0.15752691434234717,-0.17953962480540778,-0.16657226469553213,-0.07205628352785283,-0.570329500224504,-0.12708214194383724
1mx1p2c,train,0.6475172137037513,-0.15752691434234717,-0.17953962480540778,-0.16657226469553213,-0.07205628352785283,0.1797777772446806,-0.12708214194383724
1mvlli1,train,0.6475172137037513,-0.15752691434234717,-0.17953962480540778,-0.16657226469553213,-0.07205628352785283,0.1797777772446806,-0.12708214194383724
1mw1jbv,train,0.4844568414709659,-0.15752691434234717,-0.17953962480540778,-0.16657226469553213,-0.07205628352785283,0.1797777772446806,-0.12708214194383724
1mx68jt,train,2.8397733292778646,-0.15752691434234717,-0.17953962480540778,-0.16657226469553213,-0.07205628352785283,-0.570329500224504,-0.12708214194383724
1mxa159,train,0.04962918218353839,-0.15752691434234717,-0.17953962480540778,-0.16657226469553213,-0.07205628352785283,0.1797777772446806,-0.12708214194383724
1mx5v5j,train,-0.48182684583442853,-0.15752691434234717,-0.17953962480540778,-0.16657226469553213,-0.07205628352785283,0.1797777772446806,-0.12708214194383724
1mwqeds,train,1.4162303970868817,-0.15752691434234717,-0.17953962480540778,-0.16657226469553213,-0.07205628352785283,0.1797777772446806,-0.12708214194383724
1mx6fxi,train,1.0959332373439108,-0.15752691434234717,-0.17953962480540778,-0.16657226469553213,-0.07205628352785283,0.9298850547138652,-0.12708214194383724
1mxevy9,train,-1.146146880856887,-0.15752691434234717,-0.17953962480540778,-0.16657226469553213,-0.07205628352785283,-0.570329500224504,-0.12708214194383724
1mvvod6,train,1.8432932767441765,-0.15752691434234717,-0.17953962480540778,-0.16657226469553213,-0.07205628352785283,0.1797777772446806,-0.12708214194383724
1mx6e3g,train,1.245405245223964,-0.15752691434234717,-0.17953962480540778,-0.16657226469553213,-0.07205628352785283,0.1797777772446806,-0.12708214194383724
1mx6oet,train,0.09086283952975996,-0.15752691434234717,-0.17953962480540778,-0.16657226469553213,-0.07205628352785283,0.9298850547138652,-0.12708214194383724
1mwyenu,train,-0.5276420206635636,-0.15752691434234717,-0.17953962480540778,-0.16657226469553213,-0.07205628352785283,-0.570329500224504,-0.12708214194383724
1mx3h29,train,-0.5276420206635636,-0.15752691434234717,-0.17953962480540778,-0.16657226469553213,-0.07205628352785283,-0.570329500224504,-0.12708214194383724
1mvwth2,train,0.23359473034360395,-0.15752691434234717,-0.17953962480540778,-0.16657226469553213,-0.07205628352785283,-0.570329500224504,-0.12708214194383724
1mvyu15,train,0.04962918218353839,-0.15752691434234717,-0.17953962480540778,-0.16657226469553213,-0.07205628352785283,0.1797777772446806,-0.12708214194383724
1mx2eqg,train,-0.20211314687760387,-0.15752691434234717,-0.17953962480540778,-0.16657226469553213,-0.07205628352785283,0.1797777772446806,-0.12708214194383724
1mvob1p,train,0.4844568414709659,-0.15752691434234717,-0.17953962480540778,-0.16657226469553213,-0.07205628352785283,0.1797777772446806,-0.12708214194383724
1mwqdmh,train,0.6475172137037513,-0.15752691434234717,-0.17953962480540778,-0.16657226469553213,-0.07205628352785283,0.9298850547138652,-0.12708214194383724
1mx53io,train,0.23359473034360395,-0.15752691434234717,-0.17953962480540778,-0.16657226469553213,-0.07205628352785283,0.1797777772446806,-0.12708214194383724
1n0kjl5,train,-1.0995582030760913,-0.15752691434234717,-0.17953962480540778,-0.16657226469553213,-0.07205628352785283,-0.570329500224504,-0.12708214194383724
1mzq0ky,train,-1.146146880856887,-0.15752691434234717,-0.17953962480540778,-0.16657226469553213,-0.07205628352785283,-0.570329500224504,-0.12708214194383724
1n2pecx,train,0.4844568414709659,-0.15752691434234717,-0.17953962480540778,-0.16657226469553213,-0.07205628352785283,-0.570329500224504,-0.12708214194383724
1n3i990,train,0.4844568414709659,-0.15752691434234717,-0.17953962480540778,-0.16657226469553213,-0.07205628352785283,0.1797777772446806,-0.12708214194383724
1n41vj2,train,0.3485731979436447,-0.15752691434234717,-0.17953962480540778,-0.16657226469553213,-0.07205628352785283,-0.570329500224504,-0.12708214194383724
1n4256u,train,-1.001262866756674,-0.15752691434234717,-0.17953962480540778,-0.16657226469553213,-0.07205628352785283,0.1797777772446806,-0.12708214194383724
1n0q3d8,train,1.245405245223964,-0.15752691434234717,-0.17953962480540778,-0.16657226469553213,-0.07205628352785283,0.1797777772446806,-0.12708214194383724
1n1rnwi,train,-0.3662929267000879,-0.15752691434234717,-0.17953962480540778,-0.16657226469553213,-0.07205628352785283,0.1797777772446806,-0.12708214194383724
1n3g8m3,train,0.04962918218353839,-0.15752691434234717,-0.17953962480540778,-0.16657226469553213,-0.07205628352785283,0.1797777772446806,-0.12708214194383724
1mz1lb4,train,1.0959332373439108,-0.15752691434234717,-0.17953962480540778,-0.16657226469553213,-0.07205628352785283,0.1797777772446806,-0.12708214194383724
1mytws2,train,0.8468132242104887,-0.15752691434234717,-0.17953962480540778,-0.16657226469553213,-0.07205628352785283,0.1797777772446806,-0.12708214194383724
1mqqvlp,train,-1.146146880856887,-0.15752691434234717,-0.17953962480540778,-0.16657226469553213,-0.07205628352785283,-0.570329500224504,-0.12708214194383724
1mr7lok,train,-1.146146880856887,-0.15752691434234717,-0.17953962480540778,-0.16657226469553213,-0.07205628352785283,-0.570329500224504,-0.12708214194383724
1mru22r,train,2.115060563798819,-0.15752691434234717,-0.17953962480540778,-0.16657226469553213,-0.07205628352785283,0.1797777772446806,-0.12708214194383724
1mrsa7v,train,-0.5675455600308748,-0.15752691434234717,-0.17953962480540778,-0.16657226469553213,-0.07205628352785283,0.1797777772446806,-0.12708214194383724
1mqzciz,train,-0.6336714252681335,-0.15752691434234717,-0.17953962480540778,-0.16657226469553213,-0.07205628352785283,0.1797777772446806,-0.12708214194383724
1ms4t9k,train,3.338013355544709,-0.15752691434234717,-0.17953962480540778,-0.16657226469553213,-0.07205628352785283,0.1797777772446806,-0.12708214194383724
1mq8408,train,-1.146146880856887,-0.15752691434234717,-0.17953962480540778,-0.16657226469553213,-0.07205628352785283,-0.570329500224504,-0.12708214194383724
1mqst27,train,-1.146146880856887,-0.15752691434234717,-0.17953962480540778,-0.16657226469553213,-0.07205628352785283,-0.570329500224504,-0.12708214194383724
1mrhygk,train,1.4162303970868817,-0.15752691434234717,-0.17953962480540778,-0.16657226469553213,-0.07205628352785283,0.1797777772446806,-0.12708214194383724
1mrkqqv,train,-1.146146880856887,-0.15752691434234717,-0.17953962480540778,-0.16657226469553213,-0.07205628352785283,-0.570329500224504,-0.12708214194383724
1mqtgtq,train,-1.146146880856887,-0.15752691434234717,-0.17953962480540778,-0.16657226469553213,-0.07205628352785283,-0.570329500224504,-0.12708214194383724
1mqtf5j,train,-1.146146880856887,-0.15752691434234717,-0.17953962480540778,-0.16657226469553213,-0.07205628352785283,-0.570329500224504,-0.12708214194383724
1mqtp2w,train,1.4162303970868817,-0.15752691434234717,-0.17953962480540778,-0.16657226469553213,-0.07205628352785283,-0.570329500224504,-0.12708214194383724
1mrdhj3,train,-0.5856268513066877,-0.15752691434234717,-0.17953962480540778,-0.16657226469553213,-0.07205628352785283,0.1797777772446806,-0.12708214194383724
1mrut42,train,0.3485731979436447,-0.15752691434234717,-0.17953962480540778,-0.16657226469553213,-0.07205628352785283,0.1797777772446806,-0.12708214194383724
1mqre16,train,-1.146146880856887,-0.15752691434234717,-0.17953962480540778,-0.16657226469553213,-0.07205628352785283,-0.570329500224504,-0.12708214194383724
1mrzdb9,train,0.3485731979436447,-0.15752691434234717,-0.17953962480540778,-0.16657226469553213,-0.07205628352785283,-0.570329500224504,-0.12708214194383724
1mrkzle,train,1.0959332373439108,-0.15752691434234717,-0.17953962480540778,-0.16657226469553213,-0.07205628352785283,0.1797777772446806,-0.12708214194383724
1mqyv3c,train,-1.146146880856887,-0.15752691434234717,-0.17953962480540778,-0.16657226469553213,-0.07205628352785283,-0.570329500224504,-0.12708214194383724
1mrg6s6,train,0.6475172137037513,-0.15752691434234717,-0.17953962480540778,-0.16657226469553213,-0.07205628352785283,0.1797777772446806,-0.12708214194383724
1mqz8ce,train,-1.146146880856887,-0.15752691434234717,-0.17953962480540778,-0.16657226469553213,-0.07205628352785283,-0.570329500224504,-0.12708214194383724
1ms6tx8,train,-1.146146880856887,-0.15752691434234717,-0.17953962480540778,-0.16657226469553213,-0.07205628352785283,-0.570329500224504,-0.12708214194383724
1mr667z,train,-0.505552561370945,-0.15752691434234717,-0.17953962480540778,-0.16657226469553213,-0.07205628352785283,-0.570329500224504,-0.12708214194383724
1nfebin,train,-1.0189366613845015,-0.15752691434234717,-0.17953962480540778,-0.16657226469553213,-0.07205628352785283,0.1797777772446806,-0.12708214194383724
1mw2zto,train,-1.0958337225241903,-0.15752691434234717,-0.17953962480540778,-0.16657226469553213,-0.07205628352785283,0.1797777772446806,-0.12708214194383724
1mlrj2e,train,-0.6385060993774612,-0.15752691434234717,-0.17953962480540778,-0.16657226469553213,-0.07205628352785283,-0.570329500224504,-0.12708214194383724
1n7jwud,train,-1.146146880856887,-0.15752691434234717,-0.17953962480540778,-0.16657226469553213,-0.07205628352785283,-0.570329500224504,-0.12708214194383724
1n8am13,train,-0.3662929267000879,-0.15752691434234717,-0.17953962480540778,-0.16657226469553213,-0.07205628352785283,-0.570329500224504,-0.12708214194383724
1n97qlp,train,1.0959332373439108,-0.15752691434234717,-0.17953962480540778,-0.16657226469553213,-0.07205628352785283,0.1797777772446806,-0.12708214194383724
1n96fa5,train,0.04962918218353839,-0.15752691434234717,-0.17953962480540778,-0.16657226469553213,-0.07205628352785283,0.1797777772446806,-0.12708214194383724
1n6g9pn,train,-1.146146880856887,-0.15752691434234717,-0.17953962480540778,-0.16657226469553213,-0.07205628352785283,-0.570329500224504,-0.12708214194383724
1n6g7ff,train,0.8468132242104887,-0.15752691434234717,-0.17953962480540778,-0.16657226469553213,-0.07205628352785283,0.1797777772446806,-0.12708214194383724
1necv63,train,-1.146146880856887,-0.15752691434234717,-0.17953962480540778,-0.16657226469553213,-0.07205628352785283,-0.570329500224504,-0.12708214194383724
1nebm2h,train,1.4162303970868817,-0.15752691434234717,-0.17953962480540778,-0.16657226469553213,-0.07205628352785283,-0.570329500224504,-0.12708214194383724
1ne7svc,train,0.8468132242104887,-0.15752691434234717,-0.17953962480540778,-0.16657226469553213,-0.07205628352785283,0.1797777772446806,-0.12708214194383724
1nige7d,train,0.04962918218353839,-0.15752691434234717,-0.17953962480540778,-0.16657226469553213,-0.07205628352785283,0.1797777772446806,-0.12708214194383724
1nixnsc,train,0.6475172137037513,-0.15752691434234717,-0.17953962480540778,-0.16657226469553213,-0.07205628352785283,0.1797777772446806,-0.12708214194383724
1niju3v,train,0.04962918218353839,-0.15752691434234717,-0.17953962480540778,-0.16657226469553213,-0.07205628352785283,-0.570329500224504,-0.12708214194383724
1nibyr1,train,-0.4286812430326318,-0.15752691434234717,-0.17953962480540778,-0.16657226469553213,-0.07205628352785283,0.1797777772446806,-0.12708214194383724
1njfybp,train,0.3485731979436447,-0.15752691434234717,-0.17953962480540778,-0.16657226469553213,-0.07205628352785283,0.1797777772446806,-0.12708214194383724
1njb1ex,train,0.23359473034360395,-0.15752691434234717,-0.17953962480540778,-0.16657226469553213,-0.07205628352785283,0.1797777772446806,-0.12708214194383724
1njh8vi,train,1.0959332373439108,-0.15752691434234717,-0.17953962480540778,-0.16657226469553213,-0.07205628352785283,0.1797777772446806,-0.12708214194383724
1nj8y01,train,0.4844568414709659,-0.15752691434234717,-0.17953962480540778,-0.16657226469553213,-0.07205628352785283,0.1797777772446806,-0.12708214194383724
1ndmmku,train,0.8468132242104887,-0.15752691434234717,-0.17953962480540778,-0.16657226469553213,-0.07205628352785283,0.1797777772446806,-0.12708214194383724
1nj91ui,train,0.3485731979436447,-0.15752691434234717,-0.17953962480540778,-0.16657226469553213,-0.07205628352785283,0.1797777772446806,-0.12708214194383724
1ndkyf5,train,-1.146146880856887,-0.15752691434234717,-0.17953962480540778,-0.16657226469553213,-0.07205628352785283,-0.570329500224504,-0.12708214194383724
1ndbud5,train,-0.14966682832319925,-0.15752691434234717,-0.17953962480540778,-0.16657226469553213,-0.07205628352785283,0.1797777772446806,-0.12708214194383724
1ndva7s,train,0.3485731979436447,-0.15752691434234717,-0.17953962480540778,5.59206888620715,-0.07205628352785283,0.1797777772446806,-0.12708214194383724
1ndb79a,train,-0.4562760752566416,-0.15752691434234717,-0.17953962480540778,-0.16657226469553213,-0.07205628352785283,-0.570329500224504,-0.12708214194383724
1ndbrar,train,-0.618598617750817,-0.15752691434234717,-0.17953962480540778,-0.16657226469553213,-0.07205628352785283,0.1797777772446806,-0.12708214194383724
1nd4r0k,train,0.4844568414709659,-0.15752691434234717,-0.17953962480540778,-0.16657226469553213,-0.07205628352785283,0.1797777772446806,-0.12708214194383724
1nci7al,train,-0.09105035464474698,-0.15752691434234717,-0.17953962480540778,-0.16657226469553213,-0.07205628352785283,0.1797777772446806,-0.12708214194383724
1nd4sw9,train,1.0959332373439108,-0.15752691434234717,-0.17953962480540778,-0.16657226469553213,-0.07205628352785283,0.1797777772446806,-0.12708214194383724
1ncq20v,train,-0.5276420206635636,-0.15752691434234717,-0.17953962480540778,-0.16657226469553213,-0.07205628352785283,-0.570329500224504,-0.12708214194383724
1nc27ku,train,0.8468132242104887,-0.15752691434234717,-0.17953962480540778,-0.16657226469553213,-0.07205628352785283,0.1797777772446806,-0.12708214194383724
1n5kjl7,train,0.04962918218353839,-0.15752691434234717,-0.17953962480540778,-0.16657226469553213,-0.07205628352785283,0.1797777772446806,-0.12708214194383724
1n5mxwp,train,0.04962918218353839,-0.15752691434234717,-0.17953962480540778,-0.16657226469553213,-0.07205628352785283,-0.570329500224504,-0.12708214194383724
1n5mc3f,train,2.115060563798819,-0.15752691434234717,-0.17953962480540778,-0.16657226469553213,-0.07205628352785283,0.1797777772446806,-0.12708214194383724
1nhmkfb,train,-1.146146880856887,-0.15752691434234717,-0.17953962480540778,-0.16657226469553213,-0.07205628352785283,-0.570329500224504,-0.12708214194383724
1nhqi7h,train,2.44118130826439,-0.15752691434234717,-0.17953962480540778,-0.16657226469553213,-0.07205628352785283,0.1797777772446806,-0.12708214194383724
1nghix4,train,0.3485731979436447,-0.15752691434234717,-0.17953962480540778,-0.16657226469553213,-0.07205628352785283,0.1797777772446806,-0.12708214194383724
1nfwni5,train,0.4844568414709659,-0.15752691434234717,-0.17953962480540778,-0.16657226469553213,-0.07205628352785283,0.1797777772446806,-0.12708214194383724
1n7tz0e,train,-0.14966682832319925,-0.15752691434234717,-0.17953962480540778,-0.16657226469553213,-0.07205628352785283,0.1797777772446806,-0.12708214194383724
1n7k9oh,train,0.23359473034360395,-0.15752691434234717,-0.17953962480540778,-0.16657226469553213,-0.07205628352785283,-0.570329500224504,-0.12708214194383724
1n7ewcd,train,0.23359473034360395,-0.15752691434234717,-0.17953962480540778,-0.16657226469553213,-0.07205628352785283,-0.570329500224504,-0.12708214194383724
1n7na8h,train,0.4844568414709659,-0.15752691434234717,-0.17953962480540778,-0.16657226469553213,-0.07205628352785283,0.1797777772446806,-0.12708214194383724
1n7vscj,train,-1.146146880856887,-0.15752691434234717,-0.17953962480540778,-0.16657226469553213,-0.07205628352785283,-0.570329500224504,-0.12708214194383724
1n7oor0,train,1.8432932767441765,-0.15752691434234717,-0.17953962480540778,-0.16657226469553213,-0.07205628352785283,0.1797777772446806,-0.12708214194383724
1n7cxtt,train,-0.09105035464474698,-0.15752691434234717,-0.17953962480540778,-0.16657226469553213,-0.07205628352785283,0.1797777772446806,-0.12708214194383724
1n7ible,train,-0.025106821756488196,-0.15752691434234717,-0.17953962480540778,-0.16657226469553213,-0.07205628352785283,-0.570329500224504,-0.12708214194383724
1n7obor,train,0.3485731979436447,-0.15752691434234717,-0.17953962480540778,-0.16657226469553213,-0.07205628352785283,-0.570329500224504,-0.12708214194383724
1n7vtfs,train,-1.146146880856887,-0.15752691434234717,-0.17953962480540778,-0.16657226469553213,-0.07205628352785283,-0.570329500224504,-0.12708214194383724
1n7fe0k,train,0.4844568414709659,-0.15752691434234717,-0.17953962480540778,-0.16657226469553213,-0.07205628352785283,-0.570329500224504,-0.12708214194383724
1n7jvaa,train,-0.025106821756488196,-0.15752691434234717,-0.17953962480540778,-0.16657226469553213,-0.07205628352785283,0.1797777772446806,-0.12708214194383724
1n7yv9r,train,-0.14966682832319925,-0.15752691434234717,-0.17953962480540778,-0.16657226469553213,-0.07205628352785283,-0.570329500224504,-0.12708214194383724
1n7ig5s,train,-0.4562760752566416,-0.15752691434234717,-0.17953962480540778,-0.16657226469553213,-0.07205628352785283,0.1797777772446806,-0.12708214194383724
1n7ekt8,train,0.8468132242104887,-0.15752691434234717,-0.17953962480540778,-0.16657226469553213,-0.07205628352785283,0.1797777772446806,-0.12708214194383724
1n7vzgo,train,0.4844568414709659,-0.15752691434234717,-0.17953962480540778,-0.16657226469553213,-0.07205628352785283,0.1797777772446806,-0.12708214194383724
1n7dk2o,train,-1.146146880856887,-0.15752691434234717,-0.17953962480540778,-0.16657226469553213,-0.07205628352785283,-0.570329500224504,-0.12708214194383724
1n7s92f,train,0.4844568414709659,-0.15752691434234717,-0.17953962480540778,-0.16657226469553213,-0.07205628352785283,0.1797777772446806,-0.12708214194383724
1n7d6iv,train,1.0959332373439108,-0.15752691434234717,-0.17953962480540778,-0.16657226469553213,-0.07205628352785283,0.1797777772446806,-0.12708214194383724
1n8a25l,train,0.04962918218353839,-0.15752691434234717,-0.17953962480540778,-0.16657226469553213,-0.07205628352785283,0.1797777772446806,-0.12708214194383724
1n8omz8,train,-0.025106821756488196,-0.15752691434234717,-0.17953962480540778,-0.16657226469553213,-0.07205628352785283,0.1797777772446806,-0.12708214194383724
1n7h0gh,train,-0.48182684583442853,-0.15752691434234717,-0.17953962480540778,-0.16657226469553213,-0.07205628352785283,0.1797777772446806,-0.12708214194383724
1n8q7o9,train,1.4162303970868817,-0.15752691434234717,-0.17953962480540778,-0.16657226469553213,-0.07205628352785283,0.1797777772446806,-0.12708214194383724
1n88auu,train,0.4844568414709659,-0.15752691434234717,-0.17953962480540778,-0.16657226469553213,-0.07205628352785283,-0.570329500224504,-0.12708214194383724
1n8qv6n,train,0.8468132242104887,-0.15752691434234717,-0.17953962480540778,-0.16657226469553213,-0.07205628352785283,0.9298850547138652,-0.12708214194383724
1n86u5y,train,-0.505552561370945,-0.15752691434234717,-0.17953962480540778,-0.16657226469553213,-0.07205628352785283,-0.570329500224504,-0.12708214194383724
1n8uha7,train,0.4844568414709659,-0.15752691434234717,-0.17953962480540778,-0.16657226469553213,-0.07205628352785283,0.1797777772446806,-0.12708214194383724
1n8bv13,train,0.4844568414709659,-0.15752691434234717,-0.17953962480540778,-0.16657226469553213,-0.07205628352785283,-0.570329500224504,-0.12708214194383724
1n8va9u,train,-0.6026123067476028,-0.15752691434234717,-0.17953962480540778,-0.16657226469553213,-0.07205628352785283,0.1797777772446806,-0.12708214194383724
1n8ec4l,train,1.0959332373439108,-0.15752691434234717,-0.17953962480540778,-0.16657226469553213,-0.07205628352785283,0.1797777772446806,-0.12708214194383724
1n88ufl,train,-0.12119596967937957,-0.15752691434234717,-0.17953962480540778,-0.16657226469553213,-0.07205628352785283,0.1797777772446806,-0.12708214194383724
1n85wr3,train,0.8468132242104887,-0.15752691434234717,-0.17953962480540778,-0.16657226469553213,-0.07205628352785283,0.1797777772446806,-0.12708214194383724
1n88kph,train,0.6475172137037513,-0.15752691434234717,-0.17953962480540778,-0.16657226469553213,-0.07205628352785283,0.1797777772446806,-0.12708214194383724
1n8kwy3,train,-1.146146880856887,-0.15752691434234717,-0.17953962480540778,-0.16657226469553213,-0.07205628352785283,-0.570329500224504,-0.12708214194383724
1n8661q,train,-0.6026123067476028,-0.15752691434234717,-0.17953962480540778,-0.16657226469553213,-0.07205628352785283,0.1797777772446806,-0.12708214194383724
1n8euon,train,-1.146146880856887,-0.15752691434234717,-0.17953962480540778,-0.16657226469553213,-0.07205628352785283,-0.570329500224504,-0.12708214194383724
1n8qxlk,train,0.6475172137037513,-0.15752691434234717,-0.17953962480540778,-0.16657226469553213,-0.07205628352785283,0.1797777772446806,-0.12708214194383724
1n8j79j,train,2.115060563798819,-0.15752691434234717,-0.17953962480540778,-0.16657226469553213,-0.07205628352785283,-0.570329500224504,-0.12708214194383724
1n9eowi,train,0.23359473034360395,-0.15752691434234717,-0.17953962480540778,-0.16657226469553213,-0.07205628352785283,0.1797777772446806,-0.12708214194383724
1n96tub,train,-0.4562760752566416,-0.15752691434234717,-0.17953962480540778,-0.16657226469553213,-0.07205628352785283,-0.570329500224504,-0.12708214194383724
1n9ffkl,train,0.4844568414709659,-0.15752691434234717,-0.17953962480540778,-0.16657226469553213,-0.07205628352785283,0.1797777772446806,-0.12708214194383724
1n91q09,train,-0.505552561370945,-0.15752691434234717,-0.17953962480540778,5.59206888620715,-0.07205628352785283,-0.570329500224504,-0.12708214194383724
1n94114,train,0.3485731979436447,-0.15752691434234717,-0.17953962480540778,-0.16657226469553213,-0.07205628352785283,0.1797777772446806,-0.12708214194383724
1n9eqtx,train,0.1350417581149973,-0.15752691434234717,-0.17953962480540778,-0.16657226469553213,-0.07205628352785283,-0.570329500224504,-0.12708214194383724
1n91zdc,train,0.1350417581149973,-0.15752691434234717,-0.17953962480540778,-0.16657226469553213,-0.07205628352785283,-0.570329500224504,-0.12708214194383724
1n91mut,train,0.1350417581149973,-0.15752691434234717,-0.17953962480540778,-0.16657226469553213,-0.07205628352785283,-0.570329500224504,-0.12708214194383724
1n9q3id,train,0.1350417581149973,-0.15752691434234717,-0.17953962480540778,-0.16657226469553213,-0.07205628352785283,0.1797777772446806,-0.12708214194383724
1n92hua,train,-0.5276420206635636,-0.15752691434234717,-0.17953962480540778,-0.16657226469553213,-0.07205628352785283,-0.570329500224504,-0.12708214194383724
1n9ngkh,train,-1.146146880856887,-0.15752691434234717,-0.17953962480540778,-0.16657226469553213,-0.07205628352785283,-0.570329500224504,-0.12708214194383724
1n9lehb,train,0.1350417581149973,-0.15752691434234717,-0.17953962480540778,-0.16657226469553213,-0.07205628352785283,0.1797777772446806,-0.12708214194383724
1n9eqgj,train,0.1350417581149973,-0.15752691434234717,-0.17953962480540778,-0.16657226469553213,-0.07205628352785283,0.1797777772446806,-0.12708214194383724
1n9erpv,train,0.04962918218353839,-0.15752691434234717,-0.17953962480540778,-0.16657226469553213,-0.07205628352785283,-0.570329500224504,-0.12708214194383724
1n9d0z5,train,0.1350417581149973,-0.15752691434234717,-0.17953962480540778,-0.16657226469553213,-0.07205628352785283,-0.570329500224504,-0.12708214194383724
1n8zcp4,train,0.4844568414709659,-0.15752691434234717,-0.17953962480540778,-0.16657226469553213,-0.07205628352785283,0.1797777772446806,-0.12708214194383724
1n6sei0,train,0.3485731979436447,-0.15752691434234717,-0.17953962480540778,-0.16657226469553213,-0.07205628352785283,0.1797777772446806,-0.12708214194383724
1n6w08l,train,0.3485731979436447,-0.15752691434234717,-0.17953962480540778,-0.16657226469553213,-0.07205628352785283,-0.570329500224504,-0.12708214194383724
1n6e4z0,train,1.0959332373439108,-0.15752691434234717,-0.17953962480540778,-0.16657226469553213,-0.07205628352785283,0.1797777772446806,-0.12708214194383724
1n6ul9x,train,0.6475172137037513,-0.15752691434234717,-0.17953962480540778,-0.16657226469553213,-0.07205628352785283,-0.570329500224504,-0.12708214194383724
1n6lxjn,train,-0.24931483357656795,-0.15752691434234717,-0.17953962480540778,-0.16657226469553213,-0.07205628352785283,0.9298850547138652,-0.12708214194383724
1n6m76z,train,-0.29202112154229753,-0.15752691434234717,-0.17953962480540778,-0.16657226469553213,-0.07205628352785283,0.1797777772446806,-0.12708214194383724
1n71xfr,train,0.3485731979436447,-0.15752691434234717,-0.17953962480540778,-0.16657226469553213,-0.07205628352785283,0.1797777772446806,-0.12708214194383724
1n6ns05,train,-0.6026123067476028,-0.15752691434234717,-0.17953962480540778,-0.16657226469553213,-0.07205628352785283,-0.570329500224504,-0.12708214194383724
1n6kclr,train,0.6475172137037513,-0.15752691434234717,-0.17953962480540778,-0.16657226469553213,-0.07205628352785283,-0.570329500224504,-0.12708214194383724
1n6t3qq,train,-0.29202112154229753,4.761378023831591,3.598598566751869,-0.16657226469553213,-0.07205628352785283,-0.570329500224504,-0.12708214194383724
1n6mo65,train,0.6475172137037513,-0.15752691434234717,-0.17953962480540778,-0.16657226469553213,-0.07205628352785283,0.9298850547138652,-0.12708214194383724
1n6uzxr,train,1.0959332373439108,-0.15752691434234717,-0.17953962480540778,-0.16657226469553213,-0.07205628352785283,0.1797777772446806,-0.12708214194383724
1n73ems,train,0.8468132242104887,-0.15752691434234717,-0.17953962480540778,-0.16657226469553213,-0.07205628352785283,-0.570329500224504,-0.12708214194383724
1n6jhhs,train,1.0959332373439108,-0.15752691434234717,-0.17953962480540778,-0.16657226469553213,-0.07205628352785283,-0.570329500224504,6.023693528137884
1n6vhkw,train,1.0959332373439108,-0.15752691434234717,-0.17953962480540778,-0.16657226469553213,-0.07205628352785283,-0.570329500224504,-0.12708214194383724
1n6htjp,train,0.23359473034360395,-0.15752691434234717,-0.17953962480540778,-0.16657226469553213,-0.07205628352785283,-0.570329500224504,-0.12708214194383724
1n6yggp,train,0.4844568414709659,-0.15752691434234717,-0.17953962480540778,-0.16657226469553213,-0.07205628352785283,0.1797777772446806,-0.12708214194383724
1ne40ur,train,0.4844568414709659,-0.15752691434234717,-0.17953962480540778,-0.16657226469553213,-0.07205628352785283,-0.570329500224504,-0.12708214194383724
1ne50lv,train,0.8468132242104887,-0.15752691434234717,-0.17953962480540778,-0.16657226469553213,-0.07205628352785283,0.1797777772446806,-0.12708214194383724
1nef753,train,0.6475172137037513,-0.15752691434234717,-0.17953962480540778,-0.16657226469553213,-0.07205628352785283,-0.570329500224504,-0.12708214194383724
1nebsnu,train,2.44118130826439,-0.15752691434234717,-0.17953962480540778,-0.16657226469553213,-0.07205628352785283,0.1797777772446806,-0.12708214194383724
1ne7e08,train,2.115060563798819,-0.15752691434234717,-0.17953962480540778,5.59206888620715,-0.07205628352785283,0.1797777772446806,-0.12708214194383724
1ne6lzu,train,0.6475172137037513,-0.15752691434234717,-0.17953962480540778,-0.16657226469553213,-0.07205628352785283,0.1797777772446806,-0.12708214194383724
1neprt8,train,0.3485731979436447,-0.15752691434234717,-0.17953962480540778,-0.16657226469553213,-0.07205628352785283,0.1797777772446806,-0.12708214194383724
1ne7can,train,0.3485731979436447,-0.15752691434234717,-0.17953962480540778,-0.16657226469553213,-0.07205628352785283,0.1797777772446806,-0.12708214194383724
1neb9d6,train,0.3485731979436447,-0.15752691434234717,-0.17953962480540778,-0.16657226469553213,-0.07205628352785283,0.9298850547138652,-0.12708214194383724
1neloij,train,-0.505552561370945,-0.15752691434234717,-0.17953962480540778,-0.16657226469553213,-0.07205628352785283,0.9298850547138652,-0.12708214194383724
1ne8w42,train,-1.146146880856887,-0.15752691434234717,-0.17953962480540778,-0.16657226469553213,-0.07205628352785283,-0.570329500224504,-0.12708214194383724
1necqzo,train,-1.146146880856887,-0.15752691434234717,-0.17953962480540778,-0.16657226469553213,-0.07205628352785283,-0.570329500224504,-0.12708214194383724
1nec43j,train,1.4162303970868817,-0.15752691434234717,-0.17953962480540778,-0.16657226469553213,-0.07205628352785283,0.1797777772446806,-0.12708214194383724
1ne7tna,train,0.3485731979436447,-0.15752691434234717,-0.17953962480540778,-0.16657226469553213,-0.07205628352785283,0.1797777772446806,-0.12708214194383724
1ne8522,train,0.3485731979436447,-0.15752691434234717,-0.17953962480540778,-0.16657226469553213,-0.07205628352785283,-0.570329500224504,-0.12708214194383724
1neu5k8,train,0.4844568414709659,-0.15752691434234717,-0.17953962480540778,-0.16657226469553213,-0.07205628352785283,0.9298850547138652,-0.12708214194383724
1nem2nj,train,-0.4286812430326318,-0.15752691434234717,-0.17953962480540778,-0.16657226469553213,-0.07205628352785283,0.1797777772446806,-0.12708214194383724
1nifedk,train,-0.20211314687760387,-0.15752691434234717,-0.17953962480540778,-0.16657226469553213,-0.07205628352785283,0.1797777772446806,-0.12708214194383724
1nigbra,train,1.0959332373439108,-0.15752691434234717,-0.17953962480540778,-0.16657226469553213,-0.07205628352785283,0.1797777772446806,-0.12708214194383724
1ninxm9,train,-1.146146880856887,-0.15752691434234717,-0.17953962480540778,-0.16657226469553213,-0.07205628352785283,-0.570329500224504,-0.12708214194383724
1niy6x5,train,-0.3662929267000879,-0.15752691434234717,-0.17953962480540778,-0.16657226469553213,-0.07205628352785283,-0.570329500224504,-0.12708214194383724
1ni9ukd,train,0.6475172137037513,-0.15752691434234717,-0.17953962480540778,-0.16657226469553213,-0.07205628352785283,0.1797777772446806,-0.12708214194383724
1nitjdc,train,0.23359473034360395,-0.15752691434234717,-0.17953962480540778,-0.16657226469553213,-0.07205628352785283,-0.570329500224504,-0.12708214194383724
1nir95l,train,0.8468132242104887,-0.15752691434234717,-0.17953962480540778,-0.16657226469553213,-0.07205628352785283,0.1797777772446806,-0.12708214194383724
1nii0vl,train,0.9640461715673933,-0.15752691434234717,-0.17953962480540778,-0.16657226469553213,-0.07205628352785283,0.1797777772446806,-0.12708214194383724
1niqf1i,train,0.4844568414709659,-0.15752691434234717,-0.17953962480540778,-0.16657226469553213,-0.07205628352785283,0.1797777772446806,-0.12708214194383724
1nim4nl,train,0.8468132242104887,-0.15752691434234717,-0.17953962480540778,-0.16657226469553213,-0.07205628352785283,-0.570329500224504,-0.12708214194383724
1nj3tjn,train,0.6475172137037513,-0.15752691434234717,-0.17953962480540778,-0.16657226469553213,-0.07205628352785283,0.1797777772446806,-0.12708214194383724
1niqulr,train,0.04962918218353839,-0.15752691434234717,-0.17953962480540778,-0.16657226469553213,-0.07205628352785283,0.1797777772446806,-0.12708214194383724
1nijlky,train,-0.29202112154229753,-0.15752691434234717,-0.17953962480540778,-0.16657226469553213,-0.07205628352785283,0.1797777772446806,-0.12708214194383724
1nibuye,train,0.6475172137037513,-0.15752691434234717,-0.17953962480540778,-0.16657226469553213,-0.07205628352785283,0.1797777772446806,-0.12708214194383724
1ni8yfu,train,0.4844568414709659,-0.15752691434234717,-0.17953962480540778,-0.16657226469553213,-0.07205628352785283,0.9298850547138652,-0.12708214194383724
1nibvfi,train,-0.29202112154229753,4.761378023831591,3.598598566751869,-0.16657226469553213,-0.07205628352785283,0.1797777772446806,-0.12708214194383724
1nio742,train,0.23359473034360395,-0.15752691434234717,-0.17953962480540778,-0.16657226469553213,-0.07205628352785283,0.1797777772446806,-0.12708214194383724
1nj3yve,train,0.4844568414709659,-0.15752691434234717,-0.17953962480540778,-0.16657226469553213,-0.07205628352785283,0.1797777772446806,-0.12708214194383724
1nic5kk,train,0.4844568414709659,-0.15752691434234717,-0.17953962480540778,-0.16657226469553213,-0.07205628352785283,0.1797777772446806,-0.12708214194383724
1niravi,train,0.8468132242104887,-0.15752691434234717,-0.17953962480540778,-0.16657226469553213,-0.07205628352785283,-0.570329500224504,-0.12708214194383724
1niabmh,train,0.3485731979436447,4.761378023831591,3.598598566751869,-0.16657226469553213,-0.07205628352785283,-0.570329500224504,-0.12708214194383724
1njpfyc,train,0.8468132242104887,-0.15752691434234717,-0.17953962480540778,-0.16657226469553213,-0.07205628352785283,0.1797777772446806,-0.12708214194383724
1njmjas,train,-1.146146880856887,-0.15752691434234717,-0.17953962480540778,-0.16657226469553213,-0.07205628352785283,-0.570329500224504,-0.12708214194383724
1njk8k6,train,0.23359473034360395,-0.15752691434234717,-0.17953962480540778,-0.16657226469553213,-0.07205628352785283,0.1797777772446806,-0.12708214194383724
1nj55jl,train,0.8468132242104887,-0.15752691434234717,-0.17953962480540778,-0.16657226469553213,-0.07205628352785283,0.1797777772446806,-0.12708214194383724
1njgu87,train,0.8468132242104887,-0.15752691434234717,-0.17953962480540778,-0.16657226469553213,-0.07205628352785283,-0.570329500224504,-0.12708214194383724
1njnvtb,train,0.04962918218353839,-0.15752691434234717,-0.17953962480540778,-0.16657226469553213,-0.07205628352785283,-0.570329500224504,-0.12708214194383724
1njd1ud,train,-0.39878684145662124,-0.15752691434234717,-0.17953962480540778,-0.16657226469553213,-0.07205628352785283,0.9298850547138652,-0.12708214194383724
1njbk0q,train,2.8397733292778646,-0.15752691434234717,-0.17953962480540778,-0.16657226469553213,-0.07205628352785283,0.1797777772446806,-0.12708214194383724
1njhtqq,train,0.4844568414709659,-0.15752691434234717,-0.17953962480540778,-0.16657226469553213,-0.07205628352785283,0.1797777772446806,-0.12708214194383724
1nj9r74,train,2.115060563798819,-0.15752691434234717,-0.17953962480540778,-0.16657226469553213,-0.07205628352785283,0.1797777772446806,-0.12708214194383724
1nj837o,train,-0.3662929267000879,-0.15752691434234717,-0.17953962480540778,-0.16657226469553213,-0.07205628352785283,0.1797777772446806,-0.12708214194383724
1nj8pcz,train,0.8468132242104887,-0.15752691434234717,-0.17953962480540778,-0.16657226469553213,-0.07205628352785283,-0.570329500224504,-0.12708214194383724
1nj8nga,train,0.3485731979436447,4.761378023831591,3.598598566751869,-0.16657226469553213,-0.07205628352785283,-0.570329500224504,-0.12708214194383724
1njox3w,train,-1.146146880856887,-0.15752691434234717,-0.17953962480540778,-0.16657226469553213,-0.07205628352785283,-0.570329500224504,-0.12708214194383724
1njl5co,train,0.4844568414709659,-0.15752691434234717,-0.17953962480540778,-0.16657226469553213,-0.07205628352785283,0.1797777772446806,-0.12708214194383724
1njl0al,train,0.1350417581149973,4.761378023831591,3.598598566751869,-0.16657226469553213,-0.07205628352785283,-0.570329500224504,-0.12708214194383724
1ndjufh,train,0.04962918218353839,-0.15752691434234717,-0.17953962480540778,-0.16657226469553213,-0.07205628352785283,-0.570329500224504,-0.12708214194383724
1ndg9qb,train,0.04962918218353839,-0.15752691434234717,-0.17953962480540778,-0.16657226469553213,-0.07205628352785283,-0.570329500224504,-0.12708214194383724
1ndbxtk,train,0.28878439479162354,-0.15752691434234717,-0.17953962480540778,-0.16657226469553213,-0.07205628352785283,0.1797777772446806,-0.12708214194383724
1ndk7r7,train,0.41356102745671136,9.680282962005528,7.376736758309145,-0.16657226469553213,-0.07205628352785283,0.1797777772446806,-0.12708214194383724
1nd6svo,train,1.0959332373439108,-0.15752691434234717,-0.17953962480540778,-0.16657226469553213,-0.07205628352785283,-0.570329500224504,-0.12708214194383724
1ndt8a6,train,0.04962918218353839,-0.15752691434234717,-0.17953962480540778,-0.16657226469553213,-0.07205628352785283,0.1797777772446806,-0.12708214194383724
1ndgpal,train,1.8432932767441765,-0.15752691434234717,-0.17953962480540778,-0.16657226469553213,-0.07205628352785283,0.1797777772446806,-0.12708214194383724
1ndckn2,train,-0.14966682832319925,-0.15752691434234717,-0.17953962480540778,-0.16657226469553213,-0.07205628352785283,-0.570329500224504,-0.12708214194383724
1ndef4c,train,0.23359473034360395,-0.15752691434234717,-0.17953962480540778,-0.16657226469553213,-0.07205628352785283,0.1797777772446806,-0.12708214194383724
1ndsvb5,train,0.8468132242104887,-0.15752691434234717,-0.17953962480540778,-0.16657226469553213,-0.07205628352785283,0.1797777772446806,-0.12708214194383724
1nda50j,train,1.8432932767441765,-0.15752691434234717,-0.17953962480540778,-0.16657226469553213,-0.07205628352785283,-0.570329500224504,-0.12708214194383724
1ndutmc,train,-0.505552561370945,-0.15752691434234717,-0.17953962480540778,-0.16657226469553213,-0.07205628352785283,-0.570329500224504,-0.12708214194383724
1nddr81,train,0.3485731979436447,-0.15752691434234717,-0.17953962480540778,-0.16657226469553213,-0.07205628352785283,0.1797777772446806,-0.12708214194383724
1ndun1b,train,3.338013355544709,-0.15752691434234717,-0.17953962480540778,-0.16657226469553213,-0.07205628352785283,-0.570329500224504,-0.12708214194383724
1nduyaj,train,-0.7290156960753433,-0.15752691434234717,-0.17953962480540778,-0.16657226469553213,-0.07205628352785283,0.9298850547138652,-0.12708214194383724
1ndkwrx,train,1.245405245223964,-0.15752691434234717,-0.17953962480540778,-0.16657226469553213,-0.07205628352785283,0.9298850547138652,-0.12708214194383724
1ndhrpc,train,0.1350417581149973,-0.15752691434234717,-0.17953962480540778,-0.16657226469553213,-0.07205628352785283,0.1797777772446806,-0.12708214194383724
1nb0x3m,train,0.04962918218353839,-0.15752691434234717,-0.17953962480540778,-0.16657226469553213,-0.07205628352785283,0.1797777772446806,-0.12708214194383724
1nane2b,train,-0.4286812430326318,-0.15752691434234717,-0.17953962480540778,-0.16657226469553213,-0.07205628352785283,0.9298850547138652,-0.12708214194383724
1nasbwi,train,-0.025106821756488196,-0.15752691434234717,-0.17953962480540778,-0.16657226469553213,-0.07205628352785283,-0.570329500224504,-0.12708214194383724
1nb75et,train,-0.24931483357656795,-0.15752691434234717,-0.17953962480540778,-0.16657226469553213,-0.07205628352785283,0.1797777772446806,-0.12708214194383724
1nb28uu,train,-1.146146880856887,-0.15752691434234717,-0.17953962480540778,-0.16657226469553213,-0.07205628352785283,-0.570329500224504,-0.12708214194383724
1nazytu,train,0.6475172137037513,-0.15752691434234717,-0.17953962480540778,-0.16657226469553213,-0.07205628352785283,-0.570329500224504,-0.12708214194383724
1nauhkg,train,1.0959332373439108,-0.15752691434234717,-0.17953962480540778,-0.16657226469553213,-0.07205628352785283,0.1797777772446806,-0.12708214194383724
1naoif1,train,-0.025106821756488196,-0.15752691434234717,-0.17953962480540778,-0.16657226469553213,-0.07205628352785283,0.1797777772446806,-0.12708214194383724
1naxp7j,train,-0.025106821756488196,-0.15752691434234717,-0.17953962480540778,-0.16657226469553213,-0.07205628352785283,0.9298850547138652,-0.12708214194383724
1ncnay8,train,0.9640461715673933,-0.15752691434234717,-0.17953962480540778,-0.16657226469553213,-0.07205628352785283,-0.570329500224504,-0.12708214194383724
1ncdjz5,train,-0.39878684145662124,-0.15752691434234717,-0.17953962480540778,-0.16657226469553213,-0.07205628352785283,0.1797777772446806,-0.12708214194383724
1ncm0ux,train,0.1350417581149973,-0.15752691434234717,-0.17953962480540778,-0.16657226469553213,-0.07205628352785283,-0.570329500224504,-0.12708214194383724
1nd4xdm,train,0.9640461715673933,-0.15752691434234717,-0.17953962480540778,-0.16657226469553213,-0.07205628352785283,-0.570329500224504,-0.12708214194383724
1ncn862,train,0.6475172137037513,-0.15752691434234717,-0.17953962480540778,-0.16657226469553213,-0.07205628352785283,0.1797777772446806,-0.12708214194383724
1ncw4mb,train,0.04962918218353839,-0.15752691434234717,-0.17953962480540778,-0.16657226469553213,-0.07205628352785283,-0.570329500224504,-0.12708214194383724
1nctdfy,train,-0.7800929840077774,-0.15752691434234717,-0.17953962480540778,-0.16657226469553213,-0.07205628352785283,0.9298850547138652,-0.12708214194383724
1ncn4ds,train,1.0959332373439108,-0.15752691434234717,-0.17953962480540778,-0.16657226469553213,-0.07205628352785283,-0.570329500224504,-0.12708214194383724
1ncbp13,train,0.4844568414709659,-0.15752691434234717,-0.17953962480540778,-0.16657226469553213,-0.07205628352785283,0.1797777772446806,-0.12708214194383724
1ncekdp,train,1.4162303970868817,-0.15752691434234717,-0.17953962480540778,-0.16657226469553213,-0.07205628352785283,0.1797777772446806,-0.12708214194383724
1ncq6y3,train,0.6475172137037513,-0.15752691434234717,-0.17953962480540778,-0.16657226469553213,-0.07205628352785283,0.1797777772446806,-0.12708214194383724
1ncvia7,train,0.04962918218353839,-0.15752691434234717,-0.17953962480540778,-0.16657226469553213,-0.07205628352785283,0.1797777772446806,-0.12708214194383724
1ncnccr,train,-0.14966682832319925,-0.15752691434234717,-0.17953962480540778,-0.16657226469553213,-0.07205628352785283,0.1797777772446806,-0.12708214194383724
1ncipix,train,0.3485731979436447,-0.15752691434234717,-0.17953962480540778,-0.16657226469553213,-0.07205628352785283,0.1797777772446806,-0.12708214194383724
1nc2f29,train,-0.09105035464474698,-0.15752691434234717,-0.17953962480540778,-0.16657226469553213,-0.07205628352785283,0.1797777772446806,-0.12708214194383724
1nbob5n,train,3.338013355544709,-0.15752691434234717,-0.17953962480540778,5.59206888620715,-0.07205628352785283,-0.570329500224504,-0.12708214194383724
1nc6zt3,train,-0.20211314687760387,-0.15752691434234717,-0.17953962480540778,5.59206888620715,-0.07205628352785283,-0.570329500224504,-0.12708214194383724
1nc1t63,train,-0.025106821756488196,-0.15752691434234717,-0.17953962480540778,-0.16657226469553213,-0.07205628352785283,0.1797777772446806,-0.12708214194383724
1nbp281,train,-1.146146880856887,-0.15752691434234717,-0.17953962480540778,-0.16657226469553213,-0.07205628352785283,-0.570329500224504,-0.12708214194383724
1nbivoz,train,-1.146146880856887,-0.15752691434234717,-0.17953962480540778,-0.16657226469553213,-0.07205628352785283,-0.570329500224504,-0.12708214194383724
1nbnnbj,train,-1.146146880856887,-0.15752691434234717,-0.17953962480540778,-0.16657226469553213,-0.07205628352785283,-0.570329500224504,-0.12708214194383724
1nc1297,train,0.1350417581149973,-0.15752691434234717,-0.17953962480540778,-0.16657226469553213,-0.07205628352785283,0.1797777772446806,-0.12708214194383724
1nc3gx2,train,3.338013355544709,-0.15752691434234717,-0.17953962480540778,-0.16657226469553213,-0.07205628352785283,-0.570329500224504,-0.12708214194383724
1nbrilo,train,-0.4562760752566416,-0.15752691434234717,-0.17953962480540778,-0.16657226469553213,-0.07205628352785283,0.1797777772446806,-0.12708214194383724
1nbk22z,train,0.8468132242104887,-0.15752691434234717,-0.17953962480540778,-0.16657226469553213,-0.07205628352785283,0.1797777772446806,-0.12708214194383724
1nbkhh1,train,-0.5482588493366743,-0.15752691434234717,-0.17953962480540778,-0.16657226469553213,-0.07205628352785283,0.9298850547138652,-0.12708214194383724
1nbxrod,train,2.115060563798819,-0.15752691434234717,-0.17953962480540778,-0.16657226469553213,-0.07205628352785283,0.1797777772446806,-0.12708214194383724
1nbj31s,train,-0.39878684145662124,-0.15752691434234717,-0.17953962480540778,-0.16657226469553213,-0.07205628352785283,-0.570329500224504,-0.12708214194383724
1n5p6bt,train,0.8468132242104887,-0.15752691434234717,-0.17953962480540778,-0.16657226469553213,-0.07205628352785283,0.1797777772446806,-0.12708214194383724
1n5o260,train,0.23359473034360395,-0.15752691434234717,-0.17953962480540778,-0.16657226469553213,-0.07205628352785283,-0.570329500224504,-0.12708214194383724
1n5ii9v,train,0.1350417581149973,-0.15752691434234717,-0.17953962480540778,-0.16657226469553213,-0.07205628352785283,-0.570329500224504,-0.12708214194383724
1n5ihn7,train,1.8432932767441765,-0.15752691434234717,-0.17953962480540778,-0.16657226469553213,-0.07205628352785283,0.1797777772446806,-0.12708214194383724
1n5xdn4,train,2.115060563798819,4.761378023831591,3.598598566751869,-0.16657226469553213,-0.07205628352785283,-0.570329500224504,-0.12708214194383724
1n5ppf8,train,-1.146146880856887,-0.15752691434234717,-0.17953962480540778,-0.16657226469553213,-0.07205628352785283,-0.570329500224504,-0.12708214194383724
1n5g9u1,train,2.44118130826439,-0.15752691434234717,-0.17953962480540778,-0.16657226469553213,-0.07205628352785283,0.1797777772446806,-0.12708214194383724
1n5xzj4,train,0.3485731979436447,-0.15752691434234717,-0.17953962480540778,-0.16657226469553213,-0.07205628352785283,-0.570329500224504,6.023693528137884
1n65ya1,train,0.8468132242104887,-0.15752691434234717,-0.17953962480540778,-0.16657226469553213,-0.07205628352785283,0.1797777772446806,-0.12708214194383724
1n5xh5e,train,1.245405245223964,-0.15752691434234717,-0.17953962480540778,-0.16657226469553213,-0.07205628352785283,0.1797777772446806,-0.12708214194383724
1n5qwos,train,-1.146146880856887,-0.15752691434234717,-0.17953962480540778,-0.16657226469553213,-0.07205628352785283,-0.570329500224504,-0.12708214194383724
1na7t4x,train,-0.7086678334030729,4.761378023831591,3.598598566751869,-0.16657226469553213,-0.07205628352785283,0.1797777772446806,-0.12708214194383724
1na9dqa,train,1.8432932767441765,-0.15752691434234717,-0.17953962480540778,-0.16657226469553213,-0.07205628352785283,0.1797777772446806,-0.12708214194383724
1n9thkd,train,-1.146146880856887,-0.15752691434234717,-0.17953962480540778,-0.16657226469553213,-0.07205628352785283,-0.570329500224504,-0.12708214194383724
1n9tn2b,train,0.9640461715673933,-0.15752691434234717,-0.17953962480540778,-0.16657226469553213,-0.07205628352785283,0.1797777772446806,-0.12708214194383724
1n9yi8h,train,0.23359473034360395,-0.15752691434234717,-0.17953962480540778,-0.16657226469553213,-0.07205628352785283,-0.570329500224504,-0.12708214194383724
1nai1dy,train,-0.20211314687760387,-0.15752691434234717,-0.17953962480540778,-0.16657226469553213,-0.07205628352785283,-0.570329500224504,-0.12708214194383724
1na3hd5,train,0.3485731979436447,-0.15752691434234717,-0.17953962480540778,-0.16657226469553213,-0.07205628352785283,-0.570329500224504,-0.12708214194383724
1nhs7cz,train,0.6475172137037513,-0.15752691434234717,-0.17953962480540778,-0.16657226469553213,-0.07205628352785283,0.1797777772446806,-0.12708214194383724
1ni3xu6,train,0.3485731979436447,-0.15752691434234717,-0.17953962480540778,-0.16657226469553213,-0.07205628352785283,0.1797777772446806,-0.12708214194383724
1nhz3j9,train,0.4844568414709659,-0.15752691434234717,-0.17953962480540778,-0.16657226469553213,-0.07205628352785283,-0.570329500224504,-0.12708214194383724
1nhwend,train,1.0959332373439108,-0.15752691434234717,-0.17953962480540778,-0.16657226469553213,-0.07205628352785283,0.1797777772446806,-0.12708214194383724
1nhtkl8,train,-1.146146880856887,-0.15752691434234717,-0.17953962480540778,-0.16657226469553213,-0.07205628352785283,-0.570329500224504,-0.12708214194383724
1nhlryp,train,1.613336341544095,9.680282962005528,11.154874949866423,-0.16657226469553213,13.878040207464455,-0.570329500224504,-0.12708214194383724
1nhxa4p,train,-0.3308450196929606,-0.15752691434234717,-0.17953962480540778,-0.16657226469553213,-0.07205628352785283,0.1797777772446806,-0.12708214194383724
1nhjaeo,train,-1.146146880856887,-0.15752691434234717,-0.17953962480540778,-0.16657226469553213,-0.07205628352785283,-0.570329500224504,-0.12708214194383724
1nhypuu,train,-0.5482588493366743,-0.15752691434234717,-0.17953962480540778,-0.16657226469553213,-0.07205628352785283,-0.570329500224504,-0.12708214194383724
1nhfl1e,train,5.376268008454526,-0.15752691434234717,-0.17953962480540778,-0.16657226469553213,-0.07205628352785283,0.1797777772446806,-0.12708214194383724
1nhkd8n,train,-0.025106821756488196,-0.15752691434234717,-0.17953962480540778,-0.16657226469553213,-0.07205628352785283,-0.570329500224504,-0.12708214194383724
1nhuyqr,train,1.4162303970868817,-0.15752691434234717,-0.17953962480540778,-0.16657226469553213,-0.07205628352785283,0.1797777772446806,-0.12708214194383724
1nhxx3a,train,0.3485731979436447,-0.15752691434234717,-0.17953962480540778,-0.16657226469553213,-0.07205628352785283,0.1797777772446806,-0.12708214194383724
1nhlh2x,train,0.6475172137037513,-0.15752691434234717,-0.17953962480540778,-0.16657226469553213,-0.07205628352785283,0.1797777772446806,-0.12708214194383724
1nhlpb9,train,0.3485731979436447,-0.15752691434234717,-0.17953962480540778,-0.16657226469553213,-0.07205628352785283,0.1797777772446806,-0.12708214194383724
1nhscop,train,-0.5276420206635636,-0.15752691434234717,-0.17953962480540778,5.59206888620715,-0.07205628352785283,-0.570329500224504,-0.12708214194383724
1nhpwks,train,0.8468132242104887,-0.15752691434234717,-0.17953962480540778,-0.16657226469553213,-0.07205628352785283,0.1797777772446806,-0.12708214194383724
1ni00a4,train,1.4162303970868817,-0.15752691434234717,-0.17953962480540778,-0.16657226469553213,-0.07205628352785283,0.1797777772446806,-0.12708214194383724
1nhexz0,train,3.338013355544709,-0.15752691434234717,-0.17953962480540778,-0.16657226469553213,-0.07205628352785283,0.1797777772446806,-0.12708214194383724
1nfdqnt,train,0.3485731979436447,-0.15752691434234717,-0.17953962480540778,-0.16657226469553213,-0.07205628352785283,0.1797777772446806,-0.12708214194383724
1nevhav,train,4.832733434345241,-0.15752691434234717,-0.17953962480540778,-0.16657226469553213,-0.07205628352785283,0.1797777772446806,-0.12708214194383724
1nfmxev,train,0.28878439479162354,-0.15752691434234717,-0.17953962480540778,-0.16657226469553213,-0.07205628352785283,0.9298850547138652,-0.12708214194383724
1nf24qu,train,0.3485731979436447,-0.15752691434234717,-0.17953962480540778,-0.16657226469553213,-0.07205628352785283,-0.570329500224504,-0.12708214194383724
1nf709i,train,2.115060563798819,-0.15752691434234717,-0.17953962480540778,-0.16657226469553213,-0.07205628352785283,-0.570329500224504,-0.12708214194383724
1nfbmpp,train,2.115060563798819,-0.15752691434234717,3.598598566751869,-0.16657226469553213,-0.07205628352785283,-0.570329500224504,-0.12708214194383724
1newp1g,train,0.6475172137037513,-0.15752691434234717,-0.17953962480540778,-0.16657226469553213,-0.07205628352785283,-0.570329500224504,-0.12708214194383724
1nfa5r0,train,-0.24931483357656795,-0.15752691434234717,-0.17953962480540778,-0.16657226469553213,-0.07205628352785283,0.1797777772446806,-0.12708214194383724
1nez1lx,train,1.8432932767441765,-0.15752691434234717,-0.17953962480540778,-0.16657226469553213,-0.07205628352785283,0.1797777772446806,-0.12708214194383724
1nf9isq,train,0.04962918218353839,-0.15752691434234717,-0.17953962480540778,-0.16657226469553213,-0.07205628352785283,-0.570329500224504,-0.12708214194383724
1nf3rdq,train,-0.3308450196929606,9.680282962005528,7.376736758309145,-0.16657226469553213,-0.07205628352785283,0.1797777772446806,-0.12708214194383724
1nfc8xw,train,1.2997587026348922,-0.15752691434234717,-0.17953962480540778,-0.16657226469553213,-0.07205628352785283,0.1797777772446806,-0.12708214194383724
1nf2g9q,train,-1.146146880856887,-0.15752691434234717,-0.17953962480540778,-0.16657226469553213,-0.07205628352785283,-0.570329500224504,-0.12708214194383724
1nf7j6k,train,0.6475172137037513,-0.15752691434234717,-0.17953962480540778,-0.16657226469553213,-0.07205628352785283,0.1797777772446806,-0.12708214194383724
1ngbahx,train,-0.025106821756488196,-0.15752691434234717,-0.17953962480540778,-0.16657226469553213,-0.07205628352785283,0.1797777772446806,-0.12708214194383724
1nfacvx,train,1.8432932767441765,-0.15752691434234717,-0.17953962480540778,-0.16657226469553213,-0.07205628352785283,-0.570329500224504,-0.12708214194383724
1ng9nv8,train,-0.3662929267000879,-0.15752691434234717,-0.17953962480540778,-0.16657226469553213,-0.07205628352785283,-0.570329500224504,-0.12708214194383724
1nga6ls,train,-0.39878684145662124,-0.15752691434234717,-0.17953962480540778,-0.16657226469553213,-0.07205628352785283,0.1797777772446806,-0.12708214194383724
1nfxhsa,train,0.23359473034360395,-0.15752691434234717,-0.17953962480540778,-0.16657226469553213,-0.07205628352785283,0.1797777772446806,-0.12708214194383724
1ng2r6g,train,0.6475172137037513,-0.15752691434234717,-0.17953962480540778,-0.16657226469553213,-0.07205628352785283,0.1797777772446806,-0.12708214194383724
1ng3sbr,train,-0.025106821756488196,-0.15752691434234717,-0.17953962480540778,-0.16657226469553213,-0.07205628352785283,-0.570329500224504,-0.12708214194383724
1nfq954,train,1.0959332373439108,-0.15752691434234717,-0.17953962480540778,-0.16657226469553213,-0.07205628352785283,0.1797777772446806,-0.12708214194383724
1ng6jht,train,0.6475172137037513,-0.15752691434234717,-0.17953962480540778,-0.16657226469553213,-0.07205628352785283,0.1797777772446806,-0.12708214194383724
1ng14bz,train,3.9786076750306507,-0.15752691434234717,-0.17953962480540778,-0.16657226469553213,-0.07205628352785283,0.1797777772446806,-0.12708214194383724
1ngabok,train,0.6475172137037513,-0.15752691434234717,-0.17953962480540778,-0.16657226469553213,-0.07205628352785283,0.1797777772446806,-0.12708214194383724
1nfuj8y,train,1.0959332373439108,-0.15752691434234717,-0.17953962480540778,-0.16657226469553213,-0.07205628352785283,0.1797777772446806,-0.12708214194383724
1ngzmfd,train,0.04962918218353839,-0.15752691434234717,-0.17953962480540778,-0.16657226469553213,-0.07205628352785283,0.1797777772446806,-0.12708214194383724
1nh1jfu,train,0.6475172137037513,-0.15752691434234717,-0.17953962480540778,-0.16657226469553213,-0.07205628352785283,0.1797777772446806,-0.12708214194383724
1ngyvaw,train,0.4844568414709659,-0.15752691434234717,-0.17953962480540778,5.59206888620715,-0.07205628352785283,-0.570329500224504,-0.12708214194383724
1nglgh6,train,-0.025106821756488196,-0.15752691434234717,-0.17953962480540778,-0.16657226469553213,-0.07205628352785283,0.1797777772446806,-0.12708214194383724
1ngmbja,train,0.3485731979436447,-0.15752691434234717,-0.17953962480540778,-0.16657226469553213,-0.07205628352785283,0.1797777772446806,-0.12708214194383724
1ngumvp,train,0.6475172137037513,-0.15752691434234717,-0.17953962480540778,-0.16657226469553213,-0.07205628352785283,-0.570329500224504,-0.12708214194383724
1n58tsy,train,0.3485731979436447,-0.15752691434234717,-0.17953962480540778,-0.16657226469553213,-0.07205628352785283,0.1797777772446806,-0.12708214194383724
1n5ayqj,train,1.613336341544095,-0.15752691434234717,-0.17953962480540778,-0.16657226469553213,-0.07205628352785283,0.1797777772446806,-0.12708214194383724
1n4q77v,train,-0.025106821756488196,-0.15752691434234717,-0.17953962480540778,-0.16657226469553213,-0.07205628352785283,0.1797777772446806,-0.12708214194383724
1n4wuyw,train,0.23359473034360395,-0.15752691434234717,-0.17953962480540778,-0.16657226469553213,-0.07205628352785283,0.1797777772446806,-0.12708214194383724
1n4sw5c,train,-0.6026123067476028,-0.15752691434234717,-0.17953962480540778,-0.16657226469553213,-0.07205628352785283,0.1797777772446806,-0.12708214194383724
1n4wff5,train,2.8397733292778646,-0.15752691434234717,-0.17953962480540778,-0.16657226469553213,-0.07205628352785283,0.1797777772446806,-0.12708214194383724
1n52x50,train,1.4162303970868817,-0.15752691434234717,-0.17953962480540778,-0.16657226469553213,-0.07205628352785283,0.9298850547138652,-0.12708214194383724
1n4tkrt,train,0.6475172137037513,-0.15752691434234717,-0.17953962480540778,-0.16657226469553213,-0.07205628352785283,0.1797777772446806,-0.12708214194383724
1n5213v,train,0.6475172137037513,-0.15752691434234717,-0.17953962480540778,-0.16657226469553213,-0.07205628352785283,0.1797777772446806,-0.12708214194383724
1n5dgd7,train,-0.6026123067476028,-0.15752691434234717,-0.17953962480540778,-0.16657226469553213,-0.07205628352785283,0.9298850547138652,-0.12708214194383724
1n4xzzy,train,0.23359473034360395,-0.15752691434234717,-0.17953962480540778,-0.16657226469553213,-0.07205628352785283,-0.570329500224504,-0.12708214194383724
1n4zdpo,train,2.44118130826439,-0.15752691434234717,-0.17953962480540778,-0.16657226469553213,-0.07205628352785283,0.1797777772446806,-0.12708214194383724
1n4np3i,train,2.8397733292778646,-0.15752691434234717,-0.17953962480540778,-0.16657226469553213,-0.07205628352785283,0.1797777772446806,-0.12708214194383724
1n54z1g,train,1.4162303970868817,-0.15752691434234717,-0.17953962480540778,-0.16657226469553213,-0.07205628352785283,-0.570329500224504,-0.12708214194383724
1n4b3hp,train,3.9786076750306507,-0.15752691434234717,-0.17953962480540778,-0.16657226469553213,-0.07205628352785283,0.1797777772446806,-0.12708214194383724
1n49pk0,train,-0.4140390871586675,-0.15752691434234717,-0.17953962480540778,-0.16657226469553213,-0.07205628352785283,0.1797777772446806,-0.12708214194383724
1n4hnhk,train,-1.146146880856887,-0.15752691434234717,-0.17953962480540778,-0.16657226469553213,-0.07205628352785283,-0.570329500224504,-0.12708214194383724
1n4d5e4,train,2.9930779527445863,-0.15752691434234717,-0.17953962480540778,-0.16657226469553213,-0.07205628352785283,-0.570329500224504,6.023693528137884
1n4bba0,train,1.0959332373439108,-0.15752691434234717,-0.17953962480540778,-0.16657226469553213,-0.07205628352785283,0.1797777772446806,-0.12708214194383724
1n9pgrr,train,-0.025106821756488196,-0.15752691434234717,-0.17953962480540778,-0.16657226469553213,-0.07205628352785283,-0.570329500224504,-0.12708214194383724
1neopeq,train,0.9640461715673933,-0.15752691434234717,-0.17953962480540778,-0.16657226469553213,-0.07205628352785283,0.1797777772446806,-0.12708214194383724
1netm0h,train,0.23359473034360395,-0.15752691434234717,-0.17953962480540778,-0.16657226469553213,-0.07205628352785283,0.1797777772446806,-0.12708214194383724
1neer1i,train,0.3485731979436447,-0.15752691434234717,-0.17953962480540778,-0.16657226469553213,-0.07205628352785283,-0.570329500224504,-0.12708214194383724
1nesabq,train,2.44118130826439,-0.15752691434234717,-0.17953962480540778,-0.16657226469553213,-0.07205628352785283,-0.570329500224504,-0.12708214194383724
1nedc4s,train,-0.8935181351441212,-0.15752691434234717,-0.17953962480540778,-0.16657226469553213,-0.07205628352785283,0.1797777772446806,6.023693528137884
1neewu3,train,0.8468132242104887,-0.15752691434234717,-0.17953962480540778,-0.16657226469553213,-0.07205628352785283,0.1797777772446806,-0.12708214194383724
1nemzvd,train,-0.6613728012459038,-0.15752691434234717,-0.17953962480540778,-0.16657226469553213,-0.07205628352785283,0.9298850547138652,-0.12708214194383724
1ne8sov,train,-1.0806846876247471,-0.15752691434234717,-0.17953962480540778,-0.16657226469553213,-0.07205628352785283,0.9298850547138652,-0.12708214194383724
1neu4r9,train,-0.07530264529829712,-0.15752691434234717,-0.17953962480540778,-0.16657226469553213,-0.07205628352785283,2.4300996096522347,-0.12708214194383724
1nedj4p,train,-0.025106821756488196,-0.15752691434234717,-0.17953962480540778,-0.16657226469553213,-0.07205628352785283,0.1797777772446806,-0.12708214194383724
1nipc4n,train,-0.13847042323855105,-0.15752691434234717,3.598598566751869,-0.16657226469553213,13.878040207464455,0.1797777772446806,-0.12708214194383724
1nic1p7,train,-0.22631914005655984,-0.15752691434234717,-0.17953962480540778,-0.16657226469553213,-0.07205628352785283,0.1797777772446806,-0.12708214194383724
1nil1oj,train,0.4844568414709659,-0.15752691434234717,-0.17953962480540778,-0.16657226469553213,-0.07205628352785283,0.1797777772446806,-0.12708214194383724
1nj15sh,train,-0.4978345575217167,-0.15752691434234717,-0.17953962480540778,-0.16657226469553213,-0.07205628352785283,0.1797777772446806,-0.12708214194383724
1nj3r76,train,-0.35482448619778195,-0.15752691434234717,-0.17953962480540778,-0.16657226469553213,-0.07205628352785283,3.930314164590604,-0.12708214194383724
1nicdse,train,0.8468132242104887,-0.15752691434234717,-0.17953962480540778,-0.16657226469553213,-0.07205628352785283,0.1797777772446806,-0.12708214194383724
1nifd7f,train,-0.9583286510599617,-0.15752691434234717,-0.17953962480540778,-0.16657226469553213,-0.07205628352785283,0.1797777772446806,-0.12708214194383724
1niibtk,train,-1.0232931757499941,-0.15752691434234717,-0.17953962480540778,-0.16657226469553213,-0.07205628352785283,0.1797777772446806,-0.12708214194383724
1ni9pn9,train,-1.019161812215426,-0.15752691434234717,-0.17953962480540778,-0.16657226469553213,-0.07205628352785283,1.6799923321830499,-0.12708214194383724
1nij9up,train,0.4844568414709659,-0.15752691434234717,-0.17953962480540778,-0.16657226469553213,-0.07205628352785283,0.9298850547138652,-0.12708214194383724
1nickn8,train,-0.5856268513066877,-0.15752691434234717,-0.17953962480540778,-0.16657226469553213,-0.07205628352785283,0.1797777772446806,6.023693528137884
1nj5p3m,train,-0.20211314687760387,-0.15752691434234717,-0.17953962480540778,-0.16657226469553213,-0.07205628352785283,0.9298850547138652,-0.12708214194383724
1njfwj4,train,0.4844568414709659,-0.15752691434234717,-0.17953962480540778,-0.16657226469553213,-0.07205628352785283,0.1797777772446806,-0.12708214194383724
1njkza8,train,-0.3308450196929606,-0.15752691434234717,-0.17953962480540778,-0.16657226469553213,-0.07205628352785283,0.9298850547138652,-0.12708214194383724
1njb5ya,train,-0.8229641611162316,-0.15752691434234717,-0.17953962480540778,-0.16657226469553213,-0.07205628352785283,0.9298850547138652,-0.12708214194383724
1njjldd,train,-0.8160246548641316,-0.15752691434234717,-0.17953962480540778,-0.16657226469553213,-0.07205628352785283,0.1797777772446806,-0.12708214194383724
1njblno,train,-1.0281426641094766,-0.15752691434234717,-0.17953962480540778,-0.16657226469553213,-0.07205628352785283,0.9298850547138652,-0.12708214194383724
1njf1ag,train,1.4162303970868817,-0.15752691434234717,-0.17953962480540778,-0.16657226469553213,-0.07205628352785283,0.1797777772446806,-0.12708214194383724
1nda6x4,train,-0.4562760752566416,-0.15752691434234717,-0.17953962480540778,-0.16657226469553213,-0.07205628352785283,0.1797777772446806,-0.12708214194383724
1ndwdj1,train,-0.8421360173720333,-0.15752691434234717,-0.17953962480540778,-0.16657226469553213,-0.07205628352785283,0.9298850547138652,-0.12708214194383724
1nddslu,train,-0.5675455600308748,-0.15752691434234717,-0.17953962480540778,-0.16657226469553213,-0.07205628352785283,0.1797777772446806,-0.12708214194383724
1ndczym,train,1.4162303970868817,-0.15752691434234717,-0.17953962480540778,-0.16657226469553213,-0.07205628352785283,-0.570329500224504,-0.12708214194383724
1nan5mc,train,0.6475172137037513,4.761378023831591,3.598598566751869,-0.16657226469553213,-0.07205628352785283,-0.570329500224504,-0.12708214194383724
1naob47,train,-0.09105035464474698,-0.15752691434234717,-0.17953962480540778,-0.16657226469553213,-0.07205628352785283,0.1797777772446806,-0.12708214194383724
1ncsu6k,train,-1.0429144149828937,-0.15752691434234717,-0.17953962480540778,-0.16657226469553213,-0.07205628352785283,0.1797777772446806,6.023693528137884
1nb22ll,train,-0.7562199037784875,-0.15752691434234717,-0.17953962480540778,-0.16657226469553213,-0.07205628352785283,1.6799923321830499,-0.12708214194383724
1ncdjhy,train,0.23359473034360395,-0.15752691434234717,-0.17953962480540778,-0.16657226469553213,-0.07205628352785283,0.1797777772446806,-0.12708214194383724
1ncm8tt,train,-0.8395376339234447,-0.15752691434234717,-0.17953962480540778,-0.16657226469553213,-0.07205628352785283,0.9298850547138652,-0.12708214194383724
1nb8rrb,train,-1.0071031525963725,-0.15752691434234717,-0.17953962480540778,-0.16657226469553213,-0.07205628352785283,2.4300996096522347,-0.12708214194383724
1nctj8s,train,-0.9818919271425429,-0.15752691434234717,-0.17953962480540778,-0.16657226469553213,-0.07205628352785283,1.6799923321830499,-0.12708214194383724
1ncpbhw,train,1.0959332373439108,-0.15752691434234717,-0.17953962480540778,-0.16657226469553213,-0.07205628352785283,0.1797777772446806,-0.12708214194383724
1ncr4kq,train,-0.7825663211486497,-0.15752691434234717,-0.17953962480540778,-0.16657226469553213,-0.07205628352785283,2.4300996096522347,-0.12708214194383724
1ncmfug,train,-0.11134067245651882,-0.15752691434234717,-0.17953962480540778,-0.16657226469553213,-0.07205628352785283,0.1797777772446806,-0.12708214194383724
1ncl9jm,train,-0.928072218904226,-0.15752691434234717,-0.17953962480540778,-0.16657226469553213,-0.07205628352785283,1.6799923321830499,-0.12708214194383724
1nd0q8o,train,-0.6741300138672455,-0.15752691434234717,-0.17953962480540778,-0.16657226469553213,-0.07205628352785283,0.1797777772446806,-0.12708214194383724
1nchcii,train,-0.8152125460671015,-0.15752691434234717,-0.17953962480540778,-0.16657226469553213,-0.07205628352785283,-0.570329500224504,-0.12708214194383724
1ncmi94,train,-0.4381215803724247,-0.15752691434234717,-0.17953962480540778,-0.16657226469553213,-0.07205628352785283,3.180206887121419,-0.12708214194383724
1ncc69q,train,-0.9781221413195909,-0.15752691434234717,-0.17953962480540778,-0.16657226469553213,-0.07205628352785283,0.9298850547138652,-0.12708214194383724
1ncim6k,train,-1.0224459088182225,-0.15752691434234717,-0.17953962480540778,-0.16657226469553213,-0.07205628352785283,-0.570329500224504,-0.12708214194383724
1ncl81x,train,-0.4286812430326318,-0.15752691434234717,-0.17953962480540778,-0.16657226469553213,-0.07205628352785283,0.9298850547138652,-0.12708214194383724
1nc04iw,train,-0.919100792937819,-0.15752691434234717,-0.17953962480540778,-0.16657226469553213,-0.07205628352785283,2.4300996096522347,-0.12708214194383724
1nbqkj7,train,-0.9147063525264822,-0.15752691434234717,-0.17953962480540778,-0.16657226469553213,-0.07205628352785283,0.1797777772446806,-0.12708214194383724
1nbzb9f,train,-0.3308450196929606,-0.15752691434234717,-0.17953962480540778,-0.16657226469553213,-0.07205628352785283,0.1797777772446806,-0.12708214194383724
1nc9ej4,train,-0.4978345575217167,-0.15752691434234717,-0.17953962480540778,-0.16657226469553213,-0.07205628352785283,0.1797777772446806,-0.12708214194383724
1nburdo,train,-0.8258497211139161,-0.15752691434234717,-0.17953962480540778,-0.16657226469553213,-0.07205628352785283,-0.570329500224504,-0.12708214194383724
1nbpvjr,train,-0.29202112154229753,-0.15752691434234717,-0.17953962480540778,-0.16657226469553213,-0.07205628352785283,-0.570329500224504,-0.12708214194383724
1na9dob,train,-1.0483106575172159,-0.15752691434234717,-0.17953962480540778,-0.16657226469553213,-0.07205628352785283,0.1797777772446806,-0.12708214194383724
1n9wabd,train,-0.9792944069442696,-0.15752691434234717,-0.17953962480540778,-0.16657226469553213,-0.07205628352785283,-0.570329500224504,-0.12708214194383724
1nc7reh,train,-0.6026123067476028,-0.15752691434234717,-0.17953962480540778,-0.16657226469553213,-0.07205628352785283,2.4300996096522347,-0.12708214194383724
1nbrv27,train,-1.0269665423478747,-0.15752691434234717,-0.17953962480540778,-0.16657226469553213,-0.07205628352785283,6.1806359969981575,-0.12708214194383724
1na820q,train,-1.0584371451815502,-0.15752691434234717,-0.17953962480540778,-0.16657226469553213,-0.07205628352785283,1.6799923321830499,-0.12708214194383724
1nc0uea,train,-0.6920547050187509,-0.15752691434234717,-0.17953962480540778,-0.16657226469553213,-0.07205628352785283,0.1797777772446806,-0.12708214194383724
1ni0no3,train,-0.3308450196929606,-0.15752691434234717,-0.17953962480540778,-0.16657226469553213,-0.07205628352785283,0.1797777772446806,-0.12708214194383724
1nho6l6,train,0.1350417581149973,-0.15752691434234717,-0.17953962480540778,-0.16657226469553213,-0.07205628352785283,0.9298850547138652,-0.12708214194383724
1nfenka,train,0.18249318918803006,4.761378023831591,3.598598566751869,-0.16657226469553213,-0.07205628352785283,0.1797777772446806,-0.12708214194383724
1nhn1zp,train,-0.6613728012459038,-0.15752691434234717,-0.17953962480540778,-0.16657226469553213,-0.07205628352785283,0.1797777772446806,-0.12708214194383724
1nf3ub3,train,-0.7874140619447594,-0.15752691434234717,-0.17953962480540778,-0.16657226469553213,-0.07205628352785283,-0.570329500224504,-0.12708214194383724
1nf0ifw,train,-0.7421684811810677,-0.15752691434234717,-0.17953962480540778,-0.16657226469553213,-0.07205628352785283,0.9298850547138652,-0.12708214194383724
1nezlum,train,-0.6336714252681335,-0.15752691434234717,3.598598566751869,-0.16657226469553213,13.878040207464455,2.4300996096522347,-0.12708214194383724
1nf0nab,train,-0.882372749303852,-0.15752691434234717,-0.17953962480540778,-0.16657226469553213,-0.07205628352785283,1.6799923321830499,-0.12708214194383724
1nezg0p,train,-1.0285295631807796,-0.15752691434234717,-0.17953962480540778,-0.16657226469553213,-0.07205628352785283,-0.570329500224504,-0.12708214194383724
1nf6f9x,train,-1.0418640846615013,-0.15752691434234717,-0.17953962480540778,-0.16657226469553213,-0.07205628352785283,0.1797777772446806,-0.12708214194383724
1nfabgd,train,0.6475172137037513,-0.15752691434234717,-0.17953962480540778,-0.16657226469553213,-0.07205628352785283,0.1797777772446806,-0.12708214194383724
1nezru6,train,-1.0287220628823772,-0.15752691434234717,-0.17953962480540778,-0.16657226469553213,-0.07205628352785283,-0.570329500224504,-0.12708214194383724
1nf3d79,train,-0.6613728012459038,-0.15752691434234717,-0.17953962480540778,-0.16657226469553213,-0.07205628352785283,0.1797777772446806,-0.12708214194383724
1nfmr32,train,-0.1356318980058233,-0.15752691434234717,-0.17953962480540778,-0.16657226469553213,-0.07205628352785283,4.680421442059789,-0.12708214194383724
1nf0eid,train,-0.8012114780567644,9.680282962005528,7.376736758309145,-0.16657226469553213,-0.07205628352785283,0.1797777772446806,-0.12708214194383724
1nfukao,train,-0.6336714252681335,-0.15752691434234717,-0.17953962480540778,-0.16657226469553213,-0.07205628352785283,0.1797777772446806,-0.12708214194383724
1ngi8j1,train,-0.7944480387861738,-0.15752691434234717,-0.17953962480540778,-0.16657226469553213,-0.07205628352785283,0.1797777772446806,-0.12708214194383724
1ngakf8,train,-1.0646166947404945,-0.15752691434234717,-0.17953962480540778,-0.16657226469553213,-0.07205628352785283,-0.570329500224504,-0.12708214194383724
1ngegd0,train,-0.9685563764449427,-0.15752691434234717,-0.17953962480540778,-0.16657226469553213,-0.07205628352785283,0.1797777772446806,-0.12708214194383724
1nh1az7,train,0.23359473034360395,-0.15752691434234717,-0.17953962480540778,-0.16657226469553213,-0.07205628352785283,0.1797777772446806,-0.12708214194383724
1nh5tkp,train,-0.9888079251936732,-0.15752691434234717,-0.17953962480540778,-0.16657226469553213,-0.07205628352785283,0.9298850547138652,-0.12708214194383724
1nfu2lk,train,-0.8139868633456578,-0.15752691434234717,-0.17953962480540778,-0.16657226469553213,-0.07205628352785283,-0.570329500224504,-0.12708214194383724
1nh8vpo,train,-0.9617084135498807,-0.15752691434234717,-0.17953962480540778,-0.16657226469553213,-0.07205628352785283,-0.570329500224504,-0.12708214194383724
1nhbn44,train,-0.8421360173720333,-0.15752691434234717,-0.17953962480540778,-0.16657226469553213,-0.07205628352785283,1.6799923321830499,-0.12708214194383724
1ngiple,train,-0.8077196932039366,-0.15752691434234717,-0.17953962480540778,-0.16657226469553213,-0.07205628352785283,-0.570329500224504,-0.12708214194383724
1nh6z8v,train,-0.8077196932039366,-0.15752691434234717,-0.17953962480540778,-0.16657226469553213,-0.07205628352785283,1.6799923321830499,-0.12708214194383724
1ngym2n,train,-1.0132828738523956,-0.15752691434234717,-0.17953962480540778,-0.16657226469553213,-0.07205628352785283,0.1797777772446806,-0.12708214194383724
1nh7a82,train,-1.082360817750179,-0.15752691434234717,3.598598566751869,-0.16657226469553213,-0.07205628352785283,9.181065106874897,-0.12708214194383724
1nhrhfl,train,-1.0189366613845015,-0.15752691434234717,-0.17953962480540778,-0.16657226469553213,-0.07205628352785283,-0.570329500224504,-0.12708214194383724
1mtrxuo,train,-0.8987449367795577,-0.15752691434234717,-0.17953962480540778,-0.16657226469553213,-0.07205628352785283,0.1797777772446806,-0.12708214194383724
1n5cmjp,train,0.3485731979436447,-0.15752691434234717,-0.17953962480540778,-0.16657226469553213,-0.07205628352785283,0.1797777772446806,-0.12708214194383724
1my6mf6,train,-0.8911235498767016,-0.15752691434234717,-0.17953962480540778,-0.16657226469553213,-0.07205628352785283,0.1797777772446806,-0.12708214194383724
1mosuvc,train,0.04962918218353839,-0.15752691434234717,-0.17953962480540778,-0.16657226469553213,-0.07205628352785283,-0.570329500224504,-0.12708214194383724
1n6d2m8,train,-1.146146880856887,-0.15752691434234717,-0.17953962480540778,-0.16657226469553213,-0.07205628352785283,-0.570329500224504,-0.12708214194383724
1nbqabr,train,-1.146146880856887,-0.15752691434234717,-0.17953962480540778,-0.16657226469553213,-0.07205628352785283,-0.570329500224504,-0.12708214194383724
1nhy2br,train,0.6475172137037513,-0.15752691434234717,-0.17953962480540778,-0.16657226469553213,-0.07205628352785283,-0.570329500224504,-0.12708214194383724
1nfhaq6,train,-1.146146880856887,-0.15752691434234717,-0.17953962480540778,-0.16657226469553213,-0.07205628352785283,-0.570329500224504,-0.12708214194383724
1ngpl9s,train,0.3485731979436447,-0.15752691434234717,-0.17953962480540778,-0.16657226469553213,-0.07205628352785283,0.1797777772446806,-0.12708214194383724
1n4xzu4,train,-1.146146880856887,-0.15752691434234717,-0.17953962480540778,-0.16657226469553213,-0.07205628352785283,-0.570329500224504,-0.12708214194383724
1n7bpcg,train,-0.8012114780567644,-0.15752691434234717,-0.17953962480540778,-0.16657226469553213,-0.07205628352785283,0.9298850547138652,-0.12708214194383724
1n7szn3,train,-0.9649686894871257,-0.15752691434234717,-0.17953962480540778,-0.16657226469553213,-0.07205628352785283,0.1797777772446806,-0.12708214194383724
1n7tn13,train,-1.0758071124427444,-0.15752691434234717,-0.17953962480540778,-0.16657226469553213,-0.07205628352785283,-0.570329500224504,-0.12708214194383724
1n80ryz,train,-0.9753217289939692,-0.15752691434234717,-0.17953962480540778,-0.16657226469553213,-0.07205628352785283,1.6799923321830499,-0.12708214194383724
1n82has,train,-0.9894949948690585,-0.15752691434234717,-0.17953962480540778,-0.16657226469553213,-0.07205628352785283,-0.570329500224504,-0.12708214194383724
1n84iud,train,-1.0491920649346904,-0.15752691434234717,-0.17953962480540778,-0.16657226469553213,-0.07205628352785283,-0.570329500224504,-0.12708214194383724
1n8unq7,train,-1.146146880856887,-0.15752691434234717,-0.17953962480540778,-0.16657226469553213,-0.07205628352785283,-0.570329500224504,-0.12708214194383724
1n8cn50,train,-0.7685333872651738,-0.15752691434234717,-0.17953962480540778,-0.16657226469553213,-0.07205628352785283,-0.570329500224504,-0.12708214194383724
1n9axi2,train,-0.8521035866666185,-0.15752691434234717,-0.17953962480540778,-0.16657226469553213,-0.07205628352785283,-0.570329500224504,-0.12708214194383724
1n91imx,train,-0.4140390871586675,-0.15752691434234717,-0.17953962480540778,-0.16657226469553213,-0.07205628352785283,-0.570329500224504,6.023693528137884
1n97p7q,train,-0.3381900815052483,-0.15752691434234717,-0.17953962480540778,-0.16657226469553213,-0.07205628352785283,0.9298850547138652,-0.12708214194383724
1n9c1b4,train,-0.5856268513066877,-0.15752691434234717,-0.17953962480540778,-0.16657226469553213,-0.07205628352785283,0.1797777772446806,-0.12708214194383724
1n9e376,train,-0.9490409363996741,-0.15752691434234717,-0.17953962480540778,-0.16657226469553213,-0.07205628352785283,-0.570329500224504,-0.12708214194383724
1n9frmt,train,-0.7944480387861738,-0.15752691434234717,-0.17953962480540778,-0.16657226469553213,-0.07205628352785283,-0.570329500224504,-0.12708214194383724
1n94vm8,train,-1.020275716326316,-0.15752691434234717,-0.17953962480540778,-0.16657226469553213,-0.07205628352785283,-0.570329500224504,-0.12708214194383724
1n9h4hn,train,-0.7384959502749239,-0.15752691434234717,-0.17953962480540778,-0.16657226469553213,-0.07205628352785283,0.1797777772446806,-0.12708214194383724
1n6ckdl,train,-1.002653753292036,-0.15752691434234717,-0.17953962480540778,-0.16657226469553213,-0.07205628352785283,-0.570329500224504,6.023693528137884
1n6f5tg,train,-0.9021109496241472,4.761378023831591,3.598598566751869,-0.16657226469553213,-0.07205628352785283,-0.570329500224504,-0.12708214194383724
1n6ki2s,train,-1.061937298952632,-0.15752691434234717,-0.17953962480540778,-0.16657226469553213,-0.07205628352785283,-0.570329500224504,-0.12708214194383724
1n6tqzz,train,0.1350417581149973,-0.15752691434234717,-0.17953962480540778,-0.16657226469553213,-0.07205628352785283,0.1797777772446806,-0.12708214194383724
1ne6824,train,-1.146146880856887,-0.15752691434234717,-0.17953962480540778,-0.16657226469553213,-0.07205628352785283,-0.570329500224504,-0.12708214194383724
1nifves,train,-0.7944480387861738,-0.15752691434234717,-0.17953962480540778,-0.16657226469553213,-0.07205628352785283,1.6799923321830499,-0.12708214194383724
1njprzp,train,-0.9326154410282398,-0.15752691434234717,-0.17953962480540778,-0.16657226469553213,-0.07205628352785283,-0.570329500224504,12.174469198219606
1ndfes1,train,0.23359473034360395,4.761378023831591,3.598598566751869,-0.16657226469553213,-0.07205628352785283,-0.570329500224504,-0.12708214194383724
1ndx20g,train,-0.618598617750817,-0.15752691434234717,-0.17953962480540778,-0.16657226469553213,-0.07205628352785283,0.1797777772446806,-0.12708214194383724
1ndi0lc,train,-1.0014965506503841,-0.15752691434234717,-0.17953962480540778,-0.16657226469553213,-0.07205628352785283,-0.570329500224504,-0.12708214194383724
1ncn9lx,train,-0.8784358219672396,-0.15752691434234717,-0.17953962480540778,-0.16657226469553213,-0.07205628352785283,-0.570329500224504,-0.12708214194383724
1nc6ovu,train,-1.146146880856887,-0.15752691434234717,-0.17953962480540778,-0.16657226469553213,-0.07205628352785283,-0.570329500224504,-0.12708214194383724
1n5hzsl,train,-0.9375812884661152,-0.15752691434234717,-0.17953962480540778,-0.16657226469553213,-0.07205628352785283,0.1797777772446806,-0.12708214194383724
1nbli5r,train,-0.09105035464474698,-0.15752691434234717,-0.17953962480540778,-0.16657226469553213,-0.07205628352785283,-0.570329500224504,-0.12708214194383724
1n61lzn,train,-0.715667498162334,-0.15752691434234717,-0.17953962480540778,-0.16657226469553213,-0.07205628352785283,-0.570329500224504,-0.12708214194383724
1n5k4ol,train,-1.0087013563694818,-0.15752691434234717,-0.17953962480540778,-0.16657226469553213,-0.07205628352785283,-0.570329500224504,-0.12708214194383724
1n65w6q,train,-0.9997253221172432,-0.15752691434234717,-0.17953962480540778,-0.16657226469553213,-0.07205628352785283,-0.570329500224504,-0.12708214194383724
1n5m4fg,train,-0.9375812884661152,-0.15752691434234717,-0.17953962480540778,-0.16657226469553213,-0.07205628352785283,0.1797777772446806,-0.12708214194383724
1n5uqta,train,-1.116177555968656,-0.15752691434234717,-0.17953962480540778,5.59206888620715,-0.07205628352785283,-0.570329500224504,-0.12708214194383724
1n5ytjf,train,-1.066428476654192,-0.15752691434234717,-0.17953962480540778,-0.16657226469553213,-0.07205628352785283,-0.570329500224504,-0.12708214194383724
1n6af3u,train,-0.8314689695304593,-0.15752691434234717,3.598598566751869,-0.16657226469553213,-0.07205628352785283,-0.570329500224504,-0.12708214194383724
1n5pw2f,train,-1.0215868742901761,-0.15752691434234717,-0.17953962480540778,-0.16657226469553213,-0.07205628352785283,-0.570329500224504,-0.12708214194383724
1n5svun,train,-0.797862590650938,-0.15752691434234717,-0.17953962480540778,-0.16657226469553213,-0.07205628352785283,-0.570329500224504,-0.12708214194383724
1n60ge4,train,1.613336341544095,4.761378023831591,3.598598566751869,-0.16657226469553213,-0.07205628352785283,-0.570329500224504,-0.12708214194383724
1na40hm,train,-0.8970268677234652,-0.15752691434234717,-0.17953962480540778,-0.16657226469553213,-0.07205628352785283,-0.570329500224504,-0.12708214194383724
1n9s76f,train,-1.146146880856887,-0.15752691434234717,-0.17953962480540778,-0.16657226469553213,-0.07205628352785283,-0.570329500224504,-0.12708214194383724
1nfupj3,train,-0.930042773078497,-0.15752691434234717,-0.17953962480540778,-0.16657226469553213,-0.07205628352785283,0.1797777772446806,-0.12708214194383724
1nfsuz4,train,1.0959332373439108,-0.15752691434234717,-0.17953962480540778,-0.16657226469553213,-0.07205628352785283,-0.570329500224504,-0.12708214194383724
1nfvc8u,train,-0.8012114780567644,-0.15752691434234717,-0.17953962480540778,-0.16657226469553213,-0.07205628352785283,0.1797777772446806,-0.12708214194383724
1ngtxyu,train,0.1350417581149973,-0.15752691434234717,-0.17953962480540778,-0.16657226469553213,-0.07205628352785283,-0.570329500224504,-0.12708214194383724
1n4xufl,train,-0.9287330512131734,-0.15752691434234717,-0.17953962480540778,-0.16657226469553213,-0.07205628352785283,0.1797777772446806,-0.12708214194383724
1n4u9br,train,-1.0776864192324354,-0.15752691434234717,-0.17953962480540778,-0.16657226469553213,-0.07205628352785283,2.4300996096522347,-0.12708214194383724
1n4lfpg,train,0.6475172137037513,-0.15752691434234717,-0.17953962480540778,-0.16657226469553213,-0.07205628352785283,0.1797777772446806,-0.12708214194383724
1n4k5so,train,-0.7032668575085814,-0.15752691434234717,-0.17953962480540778,-0.16657226469553213,-0.07205628352785283,-0.570329500224504,-0.12708214194383724
1n43fx3,train,0.28878439479162354,-0.15752691434234717,-0.17953962480540778,5.59206888620715,-0.07205628352785283,0.9298850547138652,12.174469198219606
1n45rlx,train,-0.8952847697295252,-0.15752691434234717,-0.17953962480540778,-0.16657226469553213,-0.07205628352785283,-0.570329500224504,-0.12708214194383724
1n7kp63,train,-1.146146880856887,-0.15752691434234717,-0.17953962480540778,-0.16657226469553213,-0.07205628352785283,-0.570329500224504,-0.12708214194383724
1n7setu,train,-1.146146880856887,-0.15752691434234717,-0.17953962480540778,-0.16657226469553213,-0.07205628352785283,-0.570329500224504,-0.12708214194383724
1n7albd,train,0.4844568414709659,-0.15752691434234717,-0.17953962480540778,-0.16657226469553213,-0.07205628352785283,0.1797777772446806,-0.12708214194383724
1n7bv9o,train,-1.146146880856887,-0.15752691434234717,-0.17953962480540778,-0.16657226469553213,-0.07205628352785283,-0.570329500224504,-0.12708214194383724
1n80bjb,train,0.6475172137037513,-0.15752691434234717,-0.17953962480540778,-0.16657226469553213,-0.07205628352785283,-0.570329500224504,-0.12708214194383724
1n8ltt3,train,0.23359473034360395,-0.15752691434234717,-0.17953962480540778,-0.16657226469553213,-0.07205628352785283,-0.570329500224504,-0.12708214194383724
1n8gcjj,train,0.04962918218353839,-0.15752691434234717,-0.17953962480540778,-0.16657226469553213,-0.07205628352785283,-0.570329500224504,-0.12708214194383724
1n8te3e,train,0.6475172137037513,-0.15752691434234717,-0.17953962480540778,-0.16657226469553213,-0.07205628352785283,-0.570329500224504,-0.12708214194383724
1n99eh8,train,-1.146146880856887,-0.15752691434234717,-0.17953962480540778,-0.16657226469553213,-0.07205628352785283,-0.570329500224504,-0.12708214194383724
1n8zlpl,train,0.3485731979436447,-0.15752691434234717,-0.17953962480540778,-0.16657226469553213,-0.07205628352785283,-0.570329500224504,-0.12708214194383724
1n92hin,train,0.3485731979436447,-0.15752691434234717,-0.17953962480540778,-0.16657226469553213,-0.07205628352785283,-0.570329500224504,-0.12708214194383724
1n9f01t,train,-0.3308450196929606,-0.15752691434234717,-0.17953962480540778,-0.16657226469553213,-0.07205628352785283,-0.570329500224504,-0.12708214194383724
1n96uy1,train,0.1350417581149973,-0.15752691434234717,-0.17953962480540778,-0.16657226469553213,-0.07205628352785283,-0.570329500224504,-0.12708214194383724
1n9jhvz,train,0.4844568414709659,-0.15752691434234717,-0.17953962480540778,-0.16657226469553213,-0.07205628352785283,-0.570329500224504,-0.12708214194383724
1n6yi5h,train,0.4844568414709659,4.761378023831591,3.598598566751869,-0.16657226469553213,-0.07205628352785283,-0.570329500224504,-0.12708214194383724
1n6vkun,train,0.4844568414709659,-0.15752691434234717,-0.17953962480540778,-0.16657226469553213,-0.07205628352785283,-0.570329500224504,-0.12708214194383724
1n6ft9j,train,0.3485731979436447,-0.15752691434234717,-0.17953962480540778,-0.16657226469553213,-0.07205628352785283,-0.570329500224504,-0.12708214194383724
1ne3pzz,train,0.3485731979436447,-0.15752691434234717,-0.17953962480540778,-0.16657226469553213,-0.07205628352785283,-0.570329500224504,-0.12708214194383724
1ne4lus,train,0.3485731979436447,4.761378023831591,3.598598566751869,-0.16657226469553213,-0.07205628352785283,0.9298850547138652,-0.12708214194383724
1neqnbd,train,-1.146146880856887,-0.15752691434234717,-0.17953962480540778,-0.16657226469553213,-0.07205628352785283,-0.570329500224504,-0.12708214194383724
1nee6v5,train,-1.146146880856887,-0.15752691434234717,-0.17953962480540778,-0.16657226469553213,-0.07205628352785283,-0.570329500224504,-0.12708214194383724
1nea3yj,train,0.011055760795137546,-0.15752691434234717,-0.17953962480540778,-0.16657226469553213,-0.07205628352785283,-0.570329500224504,-0.12708214194383724
1nik9nd,train,-0.4562760752566416,-0.15752691434234717,-0.17953962480540778,-0.16657226469553213,-0.07205628352785283,-0.570329500224504,-0.12708214194383724
1nigcuf,train,-1.146146880856887,-0.15752691434234717,-0.17953962480540778,-0.16657226469553213,-0.07205628352785283,-0.570329500224504,-0.12708214194383724
1njbdfb,train,-0.76451622243973,-0.15752691434234717,-0.17953962480540778,-0.16657226469553213,-0.07205628352785283,-0.570329500224504,-0.12708214194383724
1ndlcnf,train,-0.09105035464474698,-0.15752691434234717,-0.17953962480540778,-0.16657226469553213,-0.07205628352785283,-0.570329500224504,-0.12708214194383724
1ndgxfa,train,0.6475172137037513,-0.15752691434234717,-0.17953962480540778,-0.16657226469553213,-0.07205628352785283,-0.570329500224504,-0.12708214194383724
1ncpy89,train,0.4844568414709659,-0.15752691434234717,-0.17953962480540778,-0.16657226469553213,-0.07205628352785283,-0.570329500224504,-0.12708214194383724
1ncyepz,train,0.1350417581149973,-0.15752691434234717,-0.17953962480540778,-0.16657226469553213,-0.07205628352785283,-0.570329500224504,-0.12708214194383724
1ncp25f,train,0.4844568414709659,-0.15752691434234717,-0.17953962480540778,-0.16657226469553213,-0.07205628352785283,-0.570329500224504,-0.12708214194383724
1ncvrr2,train,-1.146146880856887,-0.15752691434234717,-0.17953962480540778,-0.16657226469553213,-0.07205628352785283,-0.570329500224504,-0.12708214194383724
1nc1d99,train,-0.14966682832319925,-0.15752691434234717,-0.17953962480540778,-0.16657226469553213,-0.07205628352785283,-0.570329500224504,-0.12708214194383724
1nbto59,train,0.23359473034360395,-0.15752691434234717,-0.17953962480540778,-0.16657226469553213,-0.07205628352785283,-0.570329500224504,-0.12708214194383724
1n5yap8,train,-0.3662929267000879,-0.15752691434234717,-0.17953962480540778,-0.16657226469553213,-0.07205628352785283,-0.570329500224504,-0.12708214194383724
1nhtatt,train,2.44118130826439,-0.15752691434234717,-0.17953962480540778,-0.16657226469553213,-0.07205628352785283,0.1797777772446806,-0.12708214194383724
1nhzemi,train,4.2348454028250275,-0.15752691434234717,-0.17953962480540778,-0.16657226469553213,-0.07205628352785283,0.1797777772446806,-0.12708214194383724
1nhdvz5,train,0.4844568414709659,-0.15752691434234717,-0.17953962480540778,-0.16657226469553213,-0.07205628352785283,-0.570329500224504,-0.12708214194383724
1nhm82w,train,0.04962918218353839,-0.15752691434234717,-0.17953962480540778,-0.16657226469553213,-0.07205628352785283,-0.570329500224504,-0.12708214194383724
1nhol85,train,0.8468132242104887,-0.15752691434234717,-0.17953962480540778,-0.16657226469553213,-0.07205628352785283,0.1797777772446806,-0.12708214194383724
1nf431y,train,0.23359473034360395,-0.15752691434234717,-0.17953962480540778,-0.16657226469553213,-0.07205628352785283,-0.570329500224504,-0.12708214194383724
1nfcqkq,train,1.0959332373439108,-0.15752691434234717,3.598598566751869,-0.16657226469553213,-0.07205628352785283,-0.570329500224504,-0.12708214194383724
1nfdrer,train,0.23359473034360395,-0.15752691434234717,-0.17953962480540778,-0.16657226469553213,-0.07205628352785283,-0.570329500224504,-0.12708214194383724
1nf36mt,train,-1.146146880856887,-0.15752691434234717,-0.17953962480540778,-0.16657226469553213,-0.07205628352785283,-0.570329500224504,-0.12708214194383724
1nfg3lo,train,-1.146146880856887,-0.15752691434234717,-0.17953962480540778,-0.16657226469553213,-0.07205628352785283,-0.570329500224504,-0.12708214194383724
1nfupiv,train,0.4844568414709659,-0.15752691434234717,-0.17953962480540778,-0.16657226469553213,-0.07205628352785283,-0.570329500224504,-0.12708214194383724
1ngmcyu,train,-0.025106821756488196,-0.15752691434234717,-0.17953962480540778,-0.16657226469553213,-0.07205628352785283,0.1797777772446806,-0.12708214194383724
1n4x1nn,train,0.1350417581149973,-0.15752691434234717,-0.17953962480540778,-0.16657226469553213,-0.07205628352785283,-0.570329500224504,-0.12708214194383724
1n4u384,train,1.0959332373439108,-0.15752691434234717,-0.17953962480540778,-0.16657226469553213,-0.07205628352785283,0.1797777772446806,-0.12708214194383724
1n43wuz,train,-1.146146880856887,-0.15752691434234717,-0.17953962480540778,-0.16657226469553213,-0.07205628352785283,-0.570329500224504,-0.12708214194383724
1n47r71,train,-0.025106821756488196,-0.15752691434234717,-0.17953962480540778,-0.16657226469553213,-0.07205628352785283,-0.570329500224504,-0.12708214194383724
1kq4whd,train,0.23359473034360395,-0.15752691434234717,-0.17953962480540778,-0.16657226469553213,-0.07205628352785283,0.1797777772446806,-0.12708214194383724
1kw3tnv,train,-1.146146880856887,-0.15752691434234717,-0.17953962480540778,-0.16657226469553213,-0.07205628352785283,-0.570329500224504,-0.12708214194383724
1ky4r8x,train,-0.6862330104567235,-0.15752691434234717,-0.17953962480540778,-0.16657226469553213,-0.07205628352785283,0.9298850547138652,-0.12708214194383724
1kmsrff,train,-1.146146880856887,-0.15752691434234717,-0.17953962480540778,-0.16657226469553213,-0.07205628352785283,-0.570329500224504,-0.12708214194383724
1lxd8nl,train,0.3485731979436447,-0.15752691434234717,-0.17953962480540778,-0.16657226469553213,-0.07205628352785283,-0.570329500224504,-0.12708214194383724
1mcb6gs,train,-0.9720047357539127,-0.15752691434234717,-0.17953962480540778,-0.16657226469553213,-0.07205628352785283,0.1797777772446806,-0.12708214194383724
1mbjuzg,train,-0.9972950887771661,-0.15752691434234717,-0.17953962480540778,-0.16657226469553213,-0.07205628352785283,0.1797777772446806,-0.12708214194383724
1lu4kr1,train,-1.146146880856887,-0.15752691434234717,-0.17953962480540778,-0.16657226469553213,-0.07205628352785283,-0.570329500224504,-0.12708214194383724
1ltu1oh,train,-0.14966682832319925,-0.15752691434234717,-0.17953962480540778,-0.16657226469553213,-0.07205628352785283,0.1797777772446806,-0.12708214194383724
1m0b804,train,2.44118130826439,-0.15752691434234717,-0.17953962480540778,-0.16657226469553213,-0.07205628352785283,0.1797777772446806,-0.12708214194383724
1n74zkc,train,-0.919100792937819,-0.15752691434234717,-0.17953962480540778,-0.16657226469553213,-0.07205628352785283,1.6799923321830499,-0.12708214194383724
1n8fb8f,train,-0.8421360173720333,-0.15752691434234717,-0.17953962480540778,-0.16657226469553213,-0.07205628352785283,0.1797777772446806,-0.12708214194383724
1mfgpmn,train,-1.0362409927097893,-0.15752691434234717,-0.17953962480540778,11.350710037109833,-0.07205628352785283,17.43224515903593,-0.12708214194383724
1n1fgw9,train,-1.146146880856887,-0.15752691434234717,-0.17953962480540778,-0.16657226469553213,-0.07205628352785283,-0.570329500224504,-0.12708214194383724
1n3lzqt,train,1.4162303970868817,-0.15752691434234717,-0.17953962480540778,-0.16657226469553213,-0.07205628352785283,0.1797777772446806,-0.12708214194383724
1n2r0uv,train,0.04962918218353839,-0.15752691434234717,-0.17953962480540778,-0.16657226469553213,-0.07205628352785283,0.9298850547138652,-0.12708214194383724
1mmji0b,train,-0.24931483357656795,-0.15752691434234717,-0.17953962480540778,-0.16657226469553213,-0.07205628352785283,0.1797777772446806,-0.12708214194383724
1meyosn,train,-0.5856268513066877,-0.15752691434234717,-0.17953962480540778,-0.16657226469553213,-0.07205628352785283,0.9298850547138652,-0.12708214194383724
1mf2zxd,train,-0.9972950887771661,-0.15752691434234717,-0.17953962480540778,-0.16657226469553213,-0.07205628352785283,5.430528719528973,-0.12708214194383724
1mqhpcp,train,0.8468132242104887,-0.15752691434234717,-0.17953962480540778,-0.16657226469553213,-0.07205628352785283,0.1797777772446806,-0.12708214194383724
1lfw5th,train,-0.39878684145662124,-0.15752691434234717,-0.17953962480540778,-0.16657226469553213,-0.07205628352785283,-0.570329500224504,-0.12708214194383724
1les5d2,train,-0.9132034919529081,-0.15752691434234717,-0.17953962480540778,-0.16657226469553213,-0.07205628352785283,4.680421442059789,-0.12708214194383724
1ld0g7h,train,-0.44731671414495017,-0.15752691434234717,-0.17953962480540778,-0.16657226469553213,-0.07205628352785283,0.1797777772446806,-0.12708214194383724
1ll4476,train,-0.8723050343590798,-0.15752691434234717,-0.17953962480540778,-0.16657226469553213,-0.07205628352785283,0.1797777772446806,-0.12708214194383724
1l5hyoz,train,-0.8200261363913166,-0.15752691434234717,-0.17953962480540778,-0.16657226469553213,-0.07205628352785283,0.1797777772446806,-0.12708214194383724
1limy09,train,-0.4756182473762747,-0.15752691434234717,-0.17953962480540778,-0.16657226469553213,-0.07205628352785283,1.6799923321830499,-0.12708214194383724
1l4zjiq,train,0.1350417581149973,-0.15752691434234717,-0.17953962480540778,-0.16657226469553213,-0.07205628352785283,0.1797777772446806,-0.12708214194383724
1l7d2qw,train,-0.6678364556407168,-0.15752691434234717,-0.17953962480540778,-0.16657226469553213,-0.07205628352785283,2.4300996096522347,-0.12708214194383724
1l7cul6,train,-0.39878684145662124,-0.15752691434234717,-0.17953962480540778,-0.16657226469553213,-0.07205628352785283,0.1797777772446806,-0.12708214194383724
1l7blns,train,-1.146146880856887,-0.15752691434234717,-0.17953962480540778,-0.16657226469553213,-0.07205628352785283,-0.570329500224504,-0.12708214194383724
1laevm1,train,0.23359473034360395,-0.15752691434234717,-0.17953962480540778,-0.16657226469553213,-0.07205628352785283,-0.570329500224504,-0.12708214194383724
1lc2zzf,train,-1.0311684132568462,-0.15752691434234717,-0.17953962480540778,-0.16657226469553213,-0.07205628352785283,0.9298850547138652,-0.12708214194383724
1n83vuu,train,-0.3662929267000879,-0.15752691434234717,-0.17953962480540778,-0.16657226469553213,-0.07205628352785283,0.1797777772446806,-0.12708214194383724
1n8k312,train,-0.4692925055509859,-0.15752691434234717,-0.17953962480540778,-0.16657226469553213,-0.07205628352785283,-0.570329500224504,6.023693528137884
1n9qb3b,train,-0.6080476524886956,-0.15752691434234717,-0.17953962480540778,5.59206888620715,-0.07205628352785283,1.6799923321830499,-0.12708214194383724
1n9b4rc,train,-0.5675455600308748,-0.15752691434234717,-0.17953962480540778,5.59206888620715,-0.07205628352785283,-0.570329500224504,-0.12708214194383724
1nef6ub,train,-1.121908176876338,-0.15752691434234717,-0.17953962480540778,-0.16657226469553213,-0.07205628352785283,-0.570329500224504,-0.12708214194383724
1ne0hgf,train,-0.9720047357539127,-0.15752691434234717,-0.17953962480540778,-0.16657226469553213,-0.07205628352785283,-0.570329500224504,-0.12708214194383724
1neqf0c,train,-0.5482588493366743,-0.15752691434234717,-0.17953962480540778,-0.16657226469553213,-0.07205628352785283,0.1797777772446806,-0.12708214194383724
1neksha,train,-0.7257568586942376,-0.15752691434234717,-0.17953962480540778,-0.16657226469553213,-0.07205628352785283,0.1797777772446806,-0.12708214194383724
1nee9p5,train,-0.9326154410282398,-0.15752691434234717,-0.17953962480540778,-0.16657226469553213,-0.07205628352785283,-0.570329500224504,-0.12708214194383724
1nebfqm,train,-0.09105035464474698,-0.15752691434234717,-0.17953962480540778,-0.16657226469553213,-0.07205628352785283,-0.570329500224504,-0.12708214194383724
1netjga,train,-0.9888079251936732,-0.15752691434234717,-0.17953962480540778,-0.16657226469553213,-0.07205628352785283,-0.570329500224504,-0.12708214194383724
1nidm38,train,-0.8935181351441212,-0.15752691434234717,-0.17953962480540778,5.59206888620715,-0.07205628352785283,-0.570329500224504,-0.12708214194383724
1nil7pg,train,-0.8723050343590798,-0.15752691434234717,-0.17953962480540778,-0.16657226469553213,-0.07205628352785283,-0.570329500224504,-0.12708214194383724
1nixbkf,train,-0.8368944507602254,-0.15752691434234717,-0.17953962480540778,-0.16657226469553213,-0.07205628352785283,-0.570329500224504,-0.12708214194383724
1nia4s3,train,-0.8970268677234652,-0.15752691434234717,-0.17953962480540778,-0.16657226469553213,-0.07205628352785283,-0.570329500224504,-0.12708214194383724
1njklab,train,-0.900439470643101,-0.15752691434234717,-0.17953962480540778,-0.16657226469553213,-0.07205628352785283,3.180206887121419,-0.12708214194383724
1njfpb9,train,-1.146146880856887,-0.15752691434234717,-0.17953962480540778,-0.16657226469553213,-0.07205628352785283,-0.570329500224504,-0.12708214194383724
1njkkpr,train,-0.9048467784496265,-0.15752691434234717,-0.17953962480540778,-0.16657226469553213,-0.07205628352785283,0.1797777772446806,-0.12708214194383724
1njgmo8,train,-0.9532797739148829,-0.15752691434234717,-0.17953962480540778,-0.16657226469553213,-0.07205628352785283,0.1797777772446806,-0.12708214194383724
1nj9sys,train,-1.015222494392607,-0.15752691434234717,-0.17953962480540778,-0.16657226469553213,-0.07205628352785283,-0.570329500224504,-0.12708214194383724
1ndl59d,train,-1.0977348944989753,-0.15752691434234717,-0.17953962480540778,5.59206888620715,-0.07205628352785283,-0.570329500224504,-0.12708214194383724
1nd8220,train,-0.8258497211139161,-0.15752691434234717,-0.17953962480540778,-0.16657226469553213,-0.07205628352785283,-0.570329500224504,-0.12708214194383724
1ndajm6,train,-0.6862330104567235,-0.15752691434234717,-0.17953962480540778,-0.16657226469553213,-0.07205628352785283,-0.570329500224504,-0.12708214194383724
1nd75q0,train,-0.8200261363913166,-0.15752691434234717,-0.17953962480540778,-0.16657226469553213,-0.07205628352785283,0.1797777772446806,-0.12708214194383724
1nb0okk,train,-0.7744030270619361,-0.15752691434234717,-0.17953962480540778,-0.16657226469553213,-0.07205628352785283,0.1797777772446806,-0.12708214194383724
1nalsse,train,-0.5346704849839423,-0.15752691434234717,-0.17953962480540778,-0.16657226469553213,-0.07205628352785283,1.6799923321830499,-0.12708214194383724
1ncep32,train,-0.9326154410282398,-0.15752691434234717,-0.17953962480540778,-0.16657226469553213,-0.07205628352785283,-0.570329500224504,-0.12708214194383724
1ncvet1,train,-0.9649686894871257,-0.15752691434234717,-0.17953962480540778,-0.16657226469553213,-0.07205628352785283,-0.570329500224504,-0.12708214194383724
1nckark,train,-0.7139386653001069,-0.15752691434234717,-0.17953962480540778,-0.16657226469553213,-0.07205628352785283,-0.570329500224504,-0.12708214194383724
1nd4rz0,train,0.1350417581149973,-0.15752691434234717,-0.17953962480540778,-0.16657226469553213,-0.07205628352785283,-0.570329500224504,-0.12708214194383724
1nced4o,train,-1.0142598150803697,-0.15752691434234717,-0.17953962480540778,-0.16657226469553213,-0.07205628352785283,-0.570329500224504,-0.12708214194383724
1ncrcyv,train,-0.669952873451408,-0.15752691434234717,-0.17953962480540778,-0.16657226469553213,-0.07205628352785283,-0.570329500224504,-0.12708214194383724
1ncnjae,train,-0.8472028650967808,-0.15752691434234717,-0.17953962480540778,-0.16657226469553213,-0.07205628352785283,-0.570329500224504,-0.12708214194383724
1ncuv1q,train,-0.9423214155659054,-0.15752691434234717,-0.17953962480540778,-0.16657226469553213,-0.07205628352785283,-0.570329500224504,-0.12708214194383724
1nckjx3,train,-0.7475548598434119,-0.15752691434234717,-0.17953962480540778,-0.16657226469553213,-0.07205628352785283,0.9298850547138652,-0.12708214194383724
1nbjehy,train,-1.1019679622716498,-0.15752691434234717,3.598598566751869,-0.16657226469553213,-0.07205628352785283,6.1806359969981575,6.023693528137884
1nbwtno,train,-0.3662929267000879,-0.15752691434234717,-0.17953962480540778,-0.16657226469553213,-0.07205628352785283,-0.570329500224504,-0.12708214194383724
1naez1w,train,-0.24931483357656795,-0.15752691434234717,-0.17953962480540778,-0.16657226469553213,-0.07205628352785283,-0.570329500224504,6.023693528137884
1na4xd7,train,2.115060563798819,-0.15752691434234717,-0.17953962480540778,-0.16657226469553213,-0.07205628352785283,0.1797777772446806,-0.12708214194383724
1na71it,train,-0.9282929422462832,4.761378023831591,3.598598566751869,-0.16657226469553213,-0.07205628352785283,0.9298850547138652,-0.12708214194383724
1n9vd72,train,-0.3308450196929606,-0.15752691434234717,-0.17953962480540778,-0.16657226469553213,-0.07205628352785283,-0.570329500224504,-0.12708214194383724
1n9znkp,train,-1.0981879478472445,-0.15752691434234717,-0.17953962480540778,-0.16657226469553213,-0.07205628352785283,3.930314164590604,-0.12708214194383724
1na8535,train,-0.9573401340610305,-0.15752691434234717,-0.17953962480540778,5.59206888620715,-0.07205628352785283,-0.570329500224504,-0.12708214194383724
1nahi9c,train,-1.0532109174081494,-0.15752691434234717,-0.17953962480540778,-0.16657226469553213,-0.07205628352785283,0.1797777772446806,-0.12708214194383724
1nac1ua,train,-0.9205287557549201,-0.15752691434234717,3.598598566751869,-0.16657226469553213,13.878040207464455,5.430528719528973,-0.12708214194383724
1nhvp01,train,-1.0034149900430434,-0.15752691434234717,-0.17953962480540778,-0.16657226469553213,-0.07205628352785283,0.1797777772446806,-0.12708214194383724
1ni4qku,train,-1.0010284266044083,-0.15752691434234717,-0.17953962480540778,-0.16657226469553213,-0.07205628352785283,0.1797777772446806,-0.12708214194383724
1nhes6x,train,-1.146146880856887,-0.15752691434234717,-0.17953962480540778,-0.16657226469553213,-0.07205628352785283,-0.570329500224504,-0.12708214194383724
1nhelfu,train,-0.7504856835273345,-0.15752691434234717,-0.17953962480540778,-0.16657226469553213,-0.07205628352785283,0.1797777772446806,-0.12708214194383724
1nhe9zg,train,-0.16778464746017538,-0.15752691434234717,-0.17953962480540778,5.59206888620715,-0.07205628352785283,-0.570329500224504,-0.12708214194383724
1nf8xhs,train,-0.37743369747375644,-0.15752691434234717,-0.17953962480540778,-0.16657226469553213,-0.07205628352785283,0.9298850547138652,-0.12708214194383724
1nfkmlc,train,-0.9518872316264931,-0.15752691434234717,-0.17953962480540778,-0.16657226469553213,-0.07205628352785283,2.4300996096522347,12.174469198219606
1nf9szp,train,-0.4562760752566416,-0.15752691434234717,-0.17953962480540778,-0.16657226469553213,-0.07205628352785283,-0.570329500224504,-0.12708214194383724
1nf5cr0,train,0.4844568414709659,-0.15752691434234717,-0.17953962480540778,-0.16657226469553213,-0.07205628352785283,-0.570329500224504,-0.12708214194383724
1nfex6t,train,-1.0646166947404945,-0.15752691434234717,-0.17953962480540778,-0.16657226469553213,-0.07205628352785283,-0.570329500224504,-0.12708214194383724
1ng5azt,train,-0.8636800943119047,-0.15752691434234717,-0.17953962480540778,-0.16657226469553213,-0.07205628352785283,-0.570329500224504,-0.12708214194383724
1nftrrq,train,-0.7384959502749239,-0.15752691434234717,-0.17953962480540778,-0.16657226469553213,-0.07205628352785283,0.9298850547138652,-0.12708214194383724
1nfqlm6,train,-1.0436517897391364,-0.15752691434234717,-0.17953962480540778,-0.16657226469553213,-0.07205628352785283,4.680421442059789,-0.12708214194383724
1nfpfp4,train,-0.20211314687760387,-0.15752691434234717,-0.17953962480540778,-0.16657226469553213,-0.07205628352785283,-0.570329500224504,-0.12708214194383724
1nfp373,train,-1.0356542261611599,-0.15752691434234717,-0.17953962480540778,-0.16657226469553213,-0.07205628352785283,1.6799923321830499,-0.12708214194383724
1nfud9l,train,-0.610724763077592,-0.15752691434234717,-0.17953962480540778,-0.16657226469553213,-0.07205628352785283,0.1797777772446806,-0.12708214194383724
1ng4u4k,train,-0.610724763077592,-0.15752691434234717,-0.17953962480540778,-0.16657226469553213,-0.07205628352785283,1.6799923321830499,-0.12708214194383724
1nfpoad,train,-0.4286812430326318,-0.15752691434234717,-0.17953962480540778,-0.16657226469553213,-0.07205628352785283,0.9298850547138652,-0.12708214194383724
1ng0fx1,train,-0.7224467010394136,-0.15752691434234717,-0.17953962480540778,5.59206888620715,-0.07205628352785283,0.9298850547138652,-0.12708214194383724
1ng9vuh,train,-1.0615400839436495,-0.15752691434234717,-0.17953962480540778,-0.16657226469553213,-0.07205628352785283,-0.570329500224504,-0.12708214194383724
1ng69y1,train,-0.8368944507602254,-0.15752691434234717,-0.17953962480540778,-0.16657226469553213,-0.07205628352785283,0.9298850547138652,-0.12708214194383724
1nfw8qm,train,-0.8892976071727862,-0.15752691434234717,-0.17953962480540778,-0.16657226469553213,-0.07205628352785283,-0.570329500224504,-0.12708214194383724
1ngjzuz,train,-0.9399785941257793,-0.15752691434234717,-0.17953962480540778,-0.16657226469553213,-0.07205628352785283,0.1797777772446806,-0.12708214194383724
1ng2oyl,train,0.3485731979436447,9.680282962005528,7.376736758309145,-0.16657226469553213,-0.07205628352785283,-0.570329500224504,-0.12708214194383724
1nfwctv,train,-0.6432504057464278,-0.15752691434234717,-0.17953962480540778,-0.16657226469553213,-0.07205628352785283,0.1797777772446806,-0.12708214194383724
1ng378m,train,-1.07263605730932,-0.15752691434234717,-0.17953962480540778,-0.16657226469553213,-0.07205628352785283,0.1797777772446806,-0.12708214194383724
1ngz5s2,train,-0.8970268677234652,-0.15752691434234717,-0.17953962480540778,-0.16657226469553213,-0.07205628352785283,-0.570329500224504,-0.12708214194383724
1ngxrus,train,-0.8861955628046206,-0.15752691434234717,-0.17953962480540778,-0.16657226469553213,-0.07205628352785283,0.1797777772446806,-0.12708214194383724
1ngmoqa,train,-0.48182684583442853,-0.15752691434234717,-0.17953962480540778,-0.16657226469553213,-0.07205628352785283,-0.570329500224504,-0.12708214194383724
1ngs3i9,train,0.16629026150455545,-0.15752691434234717,-0.17953962480540778,5.59206888620715,-0.07205628352785283,-0.570329500224504,-0.12708214194383724
1ngmvi2,train,-1.146146880856887,-0.15752691434234717,-0.17953962480540778,-0.16657226469553213,-0.07205628352785283,-0.570329500224504,-0.12708214194383724
1ngxi61,train,-0.7086678334030729,-0.15752691434234717,-0.17953962480540778,-0.16657226469553213,-0.07205628352785283,0.1797777772446806,6.023693528137884
1ngowdq,train,-0.8368944507602254,-0.15752691434234717,-0.17953962480540778,-0.16657226469553213,-0.07205628352785283,0.1797777772446806,-0.12708214194383724
1n7etd8,train,0.6475172137037513,-0.15752691434234717,-0.17953962480540778,-0.16657226469553213,-0.07205628352785283,0.1797777772446806,-0.12708214194383724
1n7g49p,train,0.04962918218353839,-0.15752691434234717,-0.17953962480540778,-0.16657226469553213,-0.07205628352785283,0.1797777772446806,-0.12708214194383724
1ndliom,train,0.04962918218353839,-0.15752691434234717,-0.17953962480540778,-0.16657226469553213,-0.07205628352785283,-0.570329500224504,-0.12708214194383724
1nddgl5,train,0.6475172137037513,-0.15752691434234717,-0.17953962480540778,-0.16657226469553213,-0.07205628352785283,-0.570329500224504,-0.12708214194383724
1ndjtbc,train,0.3485731979436447,-0.15752691434234717,-0.17953962480540778,-0.16657226469553213,-0.07205628352785283,-0.570329500224504,-0.12708214194383724
1napu72,train,-0.14966682832319925,-0.15752691434234717,-0.17953962480540778,-0.16657226469553213,-0.07205628352785283,-0.570329500224504,-0.12708214194383724
1ncqnzs,train,0.3485731979436447,-0.15752691434234717,-0.17953962480540778,-0.16657226469553213,-0.07205628352785283,0.1797777772446806,-0.12708214194383724
1nck3hm,train,-0.14966682832319925,-0.15752691434234717,-0.17953962480540778,-0.16657226469553213,-0.07205628352785283,-0.570329500224504,-0.12708214194383724
1nckqqg,train,-0.20211314687760387,-0.15752691434234717,-0.17953962480540778,-0.16657226469553213,-0.07205628352785283,-0.570329500224504,-0.12708214194383724
1n7iyfc,train,0.3485731979436447,-0.15752691434234717,-0.17953962480540778,-0.16657226469553213,-0.07205628352785283,-0.570329500224504,-0.12708214194383724
1n7ju37,train,-0.6613728012459038,-0.15752691434234717,-0.17953962480540778,-0.16657226469553213,-0.07205628352785283,-0.570329500224504,-0.12708214194383724
1n79v44,train,-0.09105035464474698,-0.15752691434234717,-0.17953962480540778,-0.16657226469553213,-0.07205628352785283,-0.570329500224504,-0.12708214194383724
1n8h63x,train,-1.146146880856887,-0.15752691434234717,-0.17953962480540778,-0.16657226469553213,-0.07205628352785283,-0.570329500224504,-0.12708214194383724
1n8h8vj,train,-1.146146880856887,-0.15752691434234717,-0.17953962480540778,-0.16657226469553213,-0.07205628352785283,-0.570329500224504,-0.12708214194383724
1n983y9,train,1.0959332373439108,-0.15752691434234717,-0.17953962480540778,5.59206888620715,-0.07205628352785283,-0.570329500224504,-0.12708214194383724
1nei5ed,train,0.8468132242104887,-0.15752691434234717,-0.17953962480540778,-0.16657226469553213,-0.07205628352785283,0.1797777772446806,-0.12708214194383724
1nem0b4,train,-1.146146880856887,-0.15752691434234717,-0.17953962480540778,-0.16657226469553213,-0.07205628352785283,-0.570329500224504,-0.12708214194383724
1nixd5a,train,0.6475172137037513,-0.15752691434234717,-0.17953962480540778,-0.16657226469553213,-0.07205628352785283,0.1797777772446806,-0.12708214194383724
1nirn9j,train,0.23359473034360395,-0.15752691434234717,-0.17953962480540778,-0.16657226469553213,-0.07205628352785283,-0.570329500224504,-0.12708214194383724
1njeaco,train,1.8432932767441765,4.761378023831591,7.376736758309145,-0.16657226469553213,-0.07205628352785283,-0.570329500224504,-0.12708214194383724
1ndm2y0,train,-1.146146880856887,-0.15752691434234717,-0.17953962480540778,-0.16657226469553213,-0.07205628352785283,-0.570329500224504,-0.12708214194383724
1ndzka8,train,0.3485731979436447,-0.15752691434234717,-0.17953962480540778,-0.16657226469553213,-0.07205628352785283,-0.570329500224504,-0.12708214194383724
1ncecge,train,-1.146146880856887,-0.15752691434234717,-0.17953962480540778,-0.16657226469553213,-0.07205628352785283,-0.570329500224504,-0.12708214194383724
1nbin06,train,1.245405245223964,-0.15752691434234717,-0.17953962480540778,5.59206888620715,-0.07205628352785283,-0.570329500224504,-0.12708214194383724
1nc4y7f,train,-1.146146880856887,-0.15752691434234717,-0.17953962480540778,-0.16657226469553213,-0.07205628352785283,-0.570329500224504,-0.12708214194383724
1n69vk5,train,-1.146146880856887,-0.15752691434234717,-0.17953962480540778,-0.16657226469553213,-0.07205628352785283,-0.570329500224504,-0.12708214194383724
1nhgsbr,train,0.3485731979436447,-0.15752691434234717,-0.17953962480540778,5.59206888620715,-0.07205628352785283,-0.570329500224504,-0.12708214194383724
1nhi1uy,train,-1.146146880856887,-0.15752691434234717,-0.17953962480540778,-0.16657226469553213,-0.07205628352785283,-0.570329500224504,-0.12708214194383724
1nhd767,train,-0.5482588493366743,-0.15752691434234717,-0.17953962480540778,-0.16657226469553213,-0.07205628352785283,-0.570329500224504,-0.12708214194383724
1nfes76,train,0.9640461715673933,-0.15752691434234717,-0.17953962480540778,-0.16657226469553213,-0.07205628352785283,0.1797777772446806,-0.12708214194383724
1nfq28q,train,0.3485731979436447,-0.15752691434234717,-0.17953962480540778,-0.16657226469553213,-0.07205628352785283,-0.570329500224504,-0.12708214194383724
1n4j0s8,train,1.0959332373439108,-0.15752691434234717,-0.17953962480540778,-0.16657226469553213,-0.07205628352785283,0.1797777772446806,-0.12708214194383724
1n0lja0,val,0.8468132242104887,-0.15752691434234717,-0.17953962480540778,-0.16657226469553213,-0.07205628352785283,-0.570329500224504,-0.12708214194383724
1mzqsjf,val,0.8468132242104887,-0.15752691434234717,-0.17953962480540778,-0.16657226469553213,-0.07205628352785283,0.1797777772446806,-0.12708214194383724
1n1mbhz,val,-1.146146880856887,-0.15752691434234717,-0.17953962480540778,-0.16657226469553213,-0.07205628352785283,-0.570329500224504,-0.12708214194383724
1n1mvvp,val,-1.146146880856887,-0.15752691434234717,-0.17953962480540778,-0.16657226469553213,-0.07205628352785283,-0.570329500224504,-0.12708214194383724
1n08h8d,val,-1.146146880856887,-0.15752691434234717,-0.17953962480540778,-0.16657226469553213,-0.07205628352785283,-0.570329500224504,-0.12708214194383724
1n0agzz,val,-0.24931483357656795,-0.15752691434234717,-0.17953962480540778,-0.16657226469553213,-0.07205628352785283,0.1797777772446806,-0.12708214194383724
1mzcgzp,val,1.4162303970868817,-0.15752691434234717,-0.17953962480540778,-0.16657226469553213,-0.07205628352785283,0.1797777772446806,-0.12708214194383724
1n0shwv,val,0.8468132242104887,-0.15752691434234717,-0.17953962480540778,-0.16657226469553213,-0.07205628352785283,0.1797777772446806,-0.12708214194383724
1n2dvjh,val,0.8468132242104887,-0.15752691434234717,-0.17953962480540778,5.59206888620715,-0.07205628352785283,-0.570329500224504,-0.12708214194383724
1mruz5d,val,-0.20211314687760387,-0.15752691434234717,-0.17953962480540778,-0.16657226469553213,-0.07205628352785283,0.9298850547138652,-0.12708214194383724
1n0js1i,val,-0.7430762978095528,-0.15752691434234717,-0.17953962480540778,5.59206888620715,-0.07205628352785283,0.9298850547138652,-0.12708214194383724
1mxx5mc,val,1.0959332373439108,-0.15752691434234717,-0.17953962480540778,-0.16657226469553213,-0.07205628352785283,0.1797777772446806,-0.12708214194383724
1mulxmm,val,0.8468132242104887,-0.15752691434234717,-0.17953962480540778,-0.16657226469553213,-0.07205628352785283,-0.570329500224504,-0.12708214194383724
1mzyj2z,val,1.8432932767441765,-0.15752691434234717,-0.17953962480540778,-0.16657226469553213,-0.07205628352785283,-0.570329500224504,-0.12708214194383724
1mwi890,val,0.8468132242104887,-0.15752691434234717,-0.17953962480540778,-0.16657226469553213,-0.07205628352785283,0.1797777772446806,-0.12708214194383724
1n1su71,val,-1.146146880856887,-0.15752691434234717,-0.17953962480540778,-0.16657226469553213,-0.07205628352785283,-0.570329500224504,-0.12708214194383724
1mvesg5,val,0.3485731979436447,-0.15752691434234717,-0.17953962480540778,-0.16657226469553213,-0.07205628352785283,0.1797777772446806,-0.12708214194383724
1n1h7y7,val,0.8468132242104887,-0.15752691434234717,-0.17953962480540778,-0.16657226469553213,-0.07205628352785283,-0.570329500224504,-0.12708214194383724
1n139ho,val,0.1350417581149973,-0.15752691434234717,-0.17953962480540778,-0.16657226469553213,-0.07205628352785283,0.1797777772446806,-0.12708214194383724
1n1fn11,val,-0.3662929267000879,4.761378023831591,3.598598566751869,-0.16657226469553213,-0.07205628352785283,0.1797777772446806,-0.12708214194383724
1mvj6po,val,-0.919100792937819,-0.15752691434234717,-0.17953962480540778,-0.16657226469553213,-0.07205628352785283,-0.570329500224504,-0.12708214194383724
1mwaxi2,val,-0.29202112154229753,-0.15752691434234717,-0.17953962480540778,-0.16657226469553213,-0.07205628352785283,0.1797777772446806,-0.12708214194383724
1mxb9v2,val,-1.0512440187108216,-0.15752691434234717,-0.17953962480540778,-0.16657226469553213,-0.07205628352785283,-0.570329500224504,-0.12708214194383724
1mrn8ne,val,0.4844568414709659,-0.15752691434234717,-0.17953962480540778,-0.16657226469553213,-0.07205628352785283,-0.570329500224504,-0.12708214194383724
1n1cjni,val,-0.24931483357656795,-0.15752691434234717,-0.17953962480540778,-0.16657226469553213,-0.07205628352785283,0.1797777772446806,-0.12708214194383724
1mqvp0k,val,-1.146146880856887,-0.15752691434234717,-0.17953962480540778,-0.16657226469553213,-0.07205628352785283,-0.570329500224504,-0.12708214194383724
1myyanz,val,0.3485731979436447,-0.15752691434234717,-0.17953962480540778,-0.16657226469553213,-0.07205628352785283,-0.570329500224504,-0.12708214194383724
1n0lbx5,val,0.1350417581149973,-0.15752691434234717,-0.17953962480540778,-0.16657226469553213,-0.07205628352785283,-0.570329500224504,-0.12708214194383724
1muc6e0,val,0.6475172137037513,-0.15752691434234717,-0.17953962480540778,-0.16657226469553213,-0.07205628352785283,0.1797777772446806,-0.12708214194383724
1n0jina,val,0.4844568414709659,4.761378023831591,3.598598566751869,-0.16657226469553213,-0.07205628352785283,-0.570329500224504,-0.12708214194383724
1mw67j2,val,-0.025106821756488196,-0.15752691434234717,-0.17953962480540778,-0.16657226469553213,-0.07205628352785283,0.1797777772446806,-0.12708214194383724
1n0phwm,val,1.4162303970868817,-0.15752691434234717,-0.17953962480540778,-0.16657226469553213,-0.07205628352785283,0.1797777772446806,-0.12708214194383724
1mzba3t,val,0.6475172137037513,-0.15752691434234717,3.598598566751869,-0.16657226469553213,-0.07205628352785283,-0.570329500224504,-0.12708214194383724
1muebgt,val,-0.025106821756488196,-0.15752691434234717,-0.17953962480540778,-0.16657226469553213,-0.07205628352785283,0.1797777772446806,-0.12708214194383724
1mz98zz,val,1.8432932767441765,-0.15752691434234717,-0.17953962480540778,-0.16657226469553213,-0.07205628352785283,0.1797777772446806,-0.12708214194383724
1mx4l1p,val,2.8397733292778646,-0.15752691434234717,-0.17953962480540778,-0.16657226469553213,-0.07205628352785283,0.1797777772446806,-0.12708214194383724
1mxc5j3,val,-1.146146880856887,-0.15752691434234717,-0.17953962480540778,-0.16657226469553213,-0.07205628352785283,-0.570329500224504,-0.12708214194383724
1mpxlow,val,-0.3662929267000879,-0.15752691434234717,-0.17953962480540778,-0.16657226469553213,-0.07205628352785283,-0.570329500224504,-0.12708214194383724
1mys2hg,val,-1.146146880856887,-0.15752691434234717,-0.17953962480540778,-0.16657226469553213,-0.07205628352785283,-0.570329500224504,-0.12708214194383724
1mzq5r0,val,-0.20211314687760387,-0.15752691434234717,-0.17953962480540778,-0.16657226469553213,-0.07205628352785283,0.1797777772446806,-0.12708214194383724
1mztevy,val,2.8397733292778646,-0.15752691434234717,-0.17953962480540778,-0.16657226469553213,-0.07205628352785283,-0.570329500224504,6.023693528137884
1mq02c6,val,0.4844568414709659,-0.15752691434234717,-0.17953962480540778,-0.16657226469553213,-0.07205628352785283,0.1797777772446806,-0.12708214194383724
1my890r,val,-0.20211314687760387,-0.15752691434234717,-0.17953962480540778,-0.16657226469553213,-0.07205628352785283,0.1797777772446806,-0.12708214194383724
1n3eddn,val,-1.146146880856887,-0.15752691434234717,-0.17953962480540778,-0.16657226469553213,-0.07205628352785283,-0.570329500224504,-0.12708214194383724
1n0ghhk,val,1.4162303970868817,-0.15752691434234717,-0.17953962480540778,-0.16657226469553213,-0.07205628352785283,-0.570329500224504,-0.12708214194383724
1mxotjf,val,-1.146146880856887,-0.15752691434234717,-0.17953962480540778,-0.16657226469553213,-0.07205628352785283,-0.570329500224504,-0.12708214194383724
1n0f3ji,val,-0.09105035464474698,-0.15752691434234717,-0.17953962480540778,-0.16657226469553213,-0.07205628352785283,0.1797777772446806,-0.12708214194383724
1mzoa90,val,-1.0257667402823478,-0.15752691434234717,-0.17953962480540778,-0.16657226469553213,-0.07205628352785283,-0.570329500224504,-0.12708214194383724
1n0sn2a,val,-1.146146880856887,-0.15752691434234717,-0.17953962480540778,-0.16657226469553213,-0.07205628352785283,-0.570329500224504,-0.12708214194383724
1n33zul,val,-1.146146880856887,-0.15752691434234717,-0.17953962480540778,-0.16657226469553213,-0.07205628352785283,-0.570329500224504,-0.12708214194383724
1mz6izb,val,0.3485731979436447,-0.15752691434234717,-0.17953962480540778,-0.16657226469553213,-0.07205628352785283,-0.570329500224504,-0.12708214194383724
1mxraf6,val,0.6475172137037513,-0.15752691434234717,-0.17953962480540778,-0.16657226469553213,-0.07205628352785283,0.1797777772446806,-0.12708214194383724
1mp7942,val,0.4844568414709659,-0.15752691434234717,-0.17953962480540778,-0.16657226469553213,-0.07205628352785283,0.1797777772446806,-0.12708214194383724
1mzuh66,val,-1.146146880856887,-0.15752691434234717,-0.17953962480540778,-0.16657226469553213,-0.07205628352785283,-0.570329500224504,-0.12708214194383724
1n0rjya,val,-0.025106821756488196,-0.15752691434234717,-0.17953962480540778,-0.16657226469553213,-0.07205628352785283,-0.570329500224504,-0.12708214194383724
1n3f0nv,val,-1.146146880856887,-0.15752691434234717,-0.17953962480540778,-0.16657226469553213,-0.07205628352785283,-0.570329500224504,-0.12708214194383724
1n0zcq7,val,0.1350417581149973,-0.15752691434234717,-0.17953962480540778,-0.16657226469553213,-0.07205628352785283,-0.570329500224504,-0.12708214194383724
1n2prqm,val,0.23359473034360395,-0.15752691434234717,-0.17953962480540778,-0.16657226469553213,-0.07205628352785283,0.1797777772446806,-0.12708214194383724
1n0kb08,val,0.1350417581149973,-0.15752691434234717,-0.17953962480540778,-0.16657226469553213,-0.07205628352785283,0.9298850547138652,-0.12708214194383724
1mzee1f,val,0.3485731979436447,-0.15752691434234717,-0.17953962480540778,-0.16657226469553213,-0.07205628352785283,-0.570329500224504,-0.12708214194383724
1n0s9s2,val,-0.09105035464474698,-0.15752691434234717,-0.17953962480540778,-0.16657226469553213,-0.07205628352785283,0.1797777772446806,-0.12708214194383724
1mx9a8s,val,0.7419205871016794,-0.15752691434234717,-0.17953962480540778,-0.16657226469553213,-0.07205628352785283,0.1797777772446806,-0.12708214194383724
1n3xnwx,val,-0.9830865086241017,-0.15752691434234717,-0.17953962480540778,-0.16657226469553213,-0.07205628352785283,-0.570329500224504,-0.12708214194383724
1n3mnsw,val,-1.0863580777048658,-0.15752691434234717,-0.17953962480540778,-0.16657226469553213,-0.07205628352785283,-0.570329500224504,-0.12708214194383724
1n3xi0i,val,0.3485731979436447,-0.15752691434234717,-0.17953962480540778,-0.16657226469553213,-0.07205628352785283,-0.570329500224504,-0.12708214194383724
1mz58a5,val,3.745664286126672,-0.15752691434234717,-0.17953962480540778,-0.16657226469553213,-0.07205628352785283,0.1797777772446806,-0.12708214194383724
1n3wdtz,val,-0.8342052991941675,-0.15752691434234717,-0.17953962480540778,-0.16657226469553213,-0.07205628352785283,1.6799923321830499,-0.12708214194383724
1n26dzi,val,0.8468132242104887,-0.15752691434234717,-0.17953962480540778,-0.16657226469553213,-0.07205628352785283,0.1797777772446806,-0.12708214194383724
1n3y9b3,val,-0.24931483357656795,-0.15752691434234717,-0.17953962480540778,-0.16657226469553213,-0.07205628352785283,-0.570329500224504,-0.12708214194383724
1n3vmxr,val,0.4844568414709659,-0.15752691434234717,-0.17953962480540778,-0.16657226469553213,-0.07205628352785283,-0.570329500224504,-0.12708214194383724
1n3s8bx,val,0.4844568414709659,-0.15752691434234717,-0.17953962480540778,-0.16657226469553213,-0.07205628352785283,-0.570329500224504,-0.12708214194383724
1n20cha,val,0.4844568414709659,-0.15752691434234717,-0.17953962480540778,-0.16657226469553213,-0.07205628352785283,-0.570329500224504,-0.12708214194383724
1n3mp0s,val,-0.6026123067476028,-0.15752691434234717,-0.17953962480540778,-0.16657226469553213,-0.07205628352785283,-0.570329500224504,-0.12708214194383724
1n2ivl3,val,0.4844568414709659,-0.15752691434234717,-0.17953962480540778,-0.16657226469553213,-0.07205628352785283,0.1797777772446806,-0.12708214194383724
1n0hatj,val,0.6475172137037513,-0.15752691434234717,-0.17953962480540778,-0.16657226469553213,-0.07205628352785283,0.1797777772446806,-0.12708214194383724
1n0itcz,val,0.3485731979436447,-0.15752691434234717,-0.17953962480540778,-0.16657226469553213,-0.07205628352785283,-0.570329500224504,-0.12708214194383724
1mvrt15,val,-1.146146880856887,-0.15752691434234717,-0.17953962480540778,-0.16657226469553213,-0.07205628352785283,-0.570329500224504,-0.12708214194383724
1mwxx98,val,0.4844568414709659,-0.15752691434234717,-0.17953962480540778,-0.16657226469553213,-0.07205628352785283,0.1797777772446806,-0.12708214194383724
1mvyfdv,val,-1.146146880856887,-0.15752691434234717,-0.17953962480540778,-0.16657226469553213,-0.07205628352785283,-0.570329500224504,-0.12708214194383724
1n2bv9s,val,1.4162303970868817,-0.15752691434234717,-0.17953962480540778,-0.16657226469553213,-0.07205628352785283,0.9298850547138652,-0.12708214194383724
1n2hk3v,val,0.3485731979436447,-0.15752691434234717,-0.17953962480540778,-0.16657226469553213,-0.07205628352785283,-0.570329500224504,-0.12708214194383724
1n0w0pq,val,0.6475172137037513,-0.15752691434234717,-0.17953962480540778,-0.16657226469553213,-0.07205628352785283,-0.570329500224504,-0.12708214194383724
1n08lm6,val,0.23359473034360395,-0.15752691434234717,-0.17953962480540778,-0.16657226469553213,-0.07205628352785283,-0.570329500224504,-0.12708214194383724
1mrh541,val,-1.146146880856887,-0.15752691434234717,-0.17953962480540778,-0.16657226469553213,-0.07205628352785283,-0.570329500224504,-0.12708214194383724
1mrpttm,val,1.613336341544095,-0.15752691434234717,-0.17953962480540778,-0.16657226469553213,-0.07205628352785283,0.1797777772446806,-0.12708214194383724
1mr7ugm,val,1.6859543210809627,-0.15752691434234717,-0.17953962480540778,-0.16657226469553213,-0.07205628352785283,0.1797777772446806,-0.12708214194383724
1mqu4d4,val,-1.146146880856887,-0.15752691434234717,-0.17953962480540778,-0.16657226469553213,-0.07205628352785283,-0.570329500224504,-0.12708214194383724
1mrqdje,val,-1.146146880856887,-0.15752691434234717,-0.17953962480540778,-0.16657226469553213,-0.07205628352785283,-0.570329500224504,-0.12708214194383724
1n29rkq,val,0.6475172137037513,-0.15752691434234717,-0.17953962480540778,-0.16657226469553213,-0.07205628352785283,-0.570329500224504,-0.12708214194383724
1nc71bh,val,-0.9077862038388621,-0.15752691434234717,-0.17953962480540778,-0.16657226469553213,-0.07205628352785283,-0.570329500224504,-0.12708214194383724
1mp1gcv,val,-1.049540197128307,-0.15752691434234717,-0.17953962480540778,-0.16657226469553213,-0.07205628352785283,-0.570329500224504,-0.12708214194383724
1n7buwd,val,-0.4562760752566416,-0.15752691434234717,-0.17953962480540778,-0.16657226469553213,-0.07205628352785283,-0.570329500224504,-0.12708214194383724
1n6rwop,val,0.23359473034360395,-0.15752691434234717,-0.17953962480540778,-0.16657226469553213,-0.07205628352785283,0.1797777772446806,-0.12708214194383724
1ne7ges,val,2.115060563798819,-0.15752691434234717,-0.17953962480540778,-0.16657226469553213,-0.07205628352785283,0.1797777772446806,-0.12708214194383724
1nemzt9,val,0.4844568414709659,-0.15752691434234717,-0.17953962480540778,-0.16657226469553213,-0.07205628352785283,0.1797777772446806,-0.12708214194383724
1ne9wn4,val,-1.146146880856887,-0.15752691434234717,-0.17953962480540778,-0.16657226469553213,-0.07205628352785283,-0.570329500224504,-0.12708214194383724
1niopeo,val,0.3485731979436447,-0.15752691434234717,-0.17953962480540778,-0.16657226469553213,-0.07205628352785283,0.1797777772446806,-0.12708214194383724
1nb4w5s,val,-1.146146880856887,-0.15752691434234717,-0.17953962480540778,-0.16657226469553213,-0.07205628352785283,-0.570329500224504,-0.12708214194383724
1nc67qw,val,0.23359473034360395,-0.15752691434234717,-0.17953962480540778,-0.16657226469553213,-0.07205628352785283,0.1797777772446806,-0.12708214194383724
1n9y1ln,val,0.4844568414709659,4.761378023831591,3.598598566751869,-0.16657226469553213,-0.07205628352785283,-0.570329500224504,-0.12708214194383724
1n7t5xw,val,0.3485731979436447,-0.15752691434234717,-0.17953962480540778,-0.16657226469553213,-0.07205628352785283,0.9298850547138652,-0.12708214194383724
1n7qvxw,val,0.6475172137037513,-0.15752691434234717,-0.17953962480540778,-0.16657226469553213,-0.07205628352785283,0.1797777772446806,-0.12708214194383724
1n78we7,val,0.8468132242104887,-0.15752691434234717,-0.17953962480540778,-0.16657226469553213,-0.07205628352785283,0.1797777772446806,-0.12708214194383724
1n8gxhc,val,-1.146146880856887,-0.15752691434234717,-0.17953962480540778,-0.16657226469553213,-0.07205628352785283,-0.570329500224504,-0.12708214194383724
1n8bfa3,val,0.8468132242104887,-0.15752691434234717,-0.17953962480540778,-0.16657226469553213,-0.07205628352785283,0.1797777772446806,-0.12708214194383724
1n98wv2,val,0.4844568414709659,-0.15752691434234717,-0.17953962480540778,-0.16657226469553213,-0.07205628352785283,-0.570329500224504,-0.12708214194383724
1n8zfwd,val,0.8468132242104887,-0.15752691434234717,-0.17953962480540778,-0.16657226469553213,-0.07205628352785283,-0.570329500224504,-0.12708214194383724
1n99wrk,val,2.8397733292778646,-0.15752691434234717,-0.17953962480540778,-0.16657226469553213,-0.07205628352785283,-0.570329500224504,-0.12708214194383724
1n6z4c1,val,-1.146146880856887,-0.15752691434234717,-0.17953962480540778,-0.16657226469553213,-0.07205628352785283,-0.570329500224504,-0.12708214194383724
1n6tfx6,val,0.6475172137037513,-0.15752691434234717,-0.17953962480540778,-0.16657226469553213,-0.07205628352785283,-0.570329500224504,-0.12708214194383724
1n6zrhg,val,-1.146146880856887,-0.15752691434234717,-0.17953962480540778,-0.16657226469553213,-0.07205628352785283,-0.570329500224504,-0.12708214194383724
1n70u7v,val,1.4162303970868817,-0.15752691434234717,-0.17953962480540778,-0.16657226469553213,-0.07205628352785283,0.1797777772446806,-0.12708214194383724
1n6mcs0,val,0.1350417581149973,-0.15752691434234717,-0.17953962480540778,-0.16657226469553213,-0.07205628352785283,0.1797777772446806,-0.12708214194383724
1n6pp8e,val,-0.3308450196929606,-0.15752691434234717,-0.17953962480540778,-0.16657226469553213,-0.07205628352785283,-0.570329500224504,-0.12708214194383724
1n6ce6h,val,-0.3308450196929606,-0.15752691434234717,-0.17953962480540778,-0.16657226469553213,-0.07205628352785283,-0.570329500224504,-0.12708214194383724
1nefi5o,val,-1.146146880856887,-0.15752691434234717,-0.17953962480540778,-0.16657226469553213,-0.07205628352785283,-0.570329500224504,-0.12708214194383724
1ne4hnj,val,-0.48182684583442853,-0.15752691434234717,-0.17953962480540778,-0.16657226469553213,-0.07205628352785283,0.1797777772446806,-0.12708214194383724
1neflm5,val,2.8397733292778646,-0.15752691434234717,-0.17953962480540778,-0.16657226469553213,-0.07205628352785283,0.1797777772446806,-0.12708214194383724
1nelcey,val,0.1350417581149973,-0.15752691434234717,-0.17953962480540778,-0.16657226469553213,-0.07205628352785283,0.1797777772446806,-0.12708214194383724
1nedsij,val,0.1350417581149973,-0.15752691434234717,-0.17953962480540778,-0.16657226469553213,-0.07205628352785283,-0.570329500224504,-0.12708214194383724
1nej84z,val,0.8468132242104887,-0.15752691434234717,-0.17953962480540778,-0.16657226469553213,-0.07205628352785283,0.1797777772446806,-0.12708214194383724
1nifay3,val,-1.146146880856887,-0.15752691434234717,-0.17953962480540778,-0.16657226469553213,-0.07205628352785283,-0.570329500224504,-0.12708214194383724
1nif9gm,val,-0.5856268513066877,-0.15752691434234717,-0.17953962480540778,-0.16657226469553213,-0.07205628352785283,0.1797777772446806,-0.12708214194383724
1niuzhl,val,-1.146146880856887,-0.15752691434234717,-0.17953962480540778,-0.16657226469553213,-0.07205628352785283,-0.570329500224504,-0.12708214194383724
1ninzst,val,0.6475172137037513,-0.15752691434234717,-0.17953962480540778,-0.16657226469553213,-0.07205628352785283,0.9298850547138652,-0.12708214194383724
1niqqyf,val,0.3485731979436447,-0.15752691434234717,-0.17953962480540778,-0.16657226469553213,-0.07205628352785283,-0.570329500224504,-0.12708214194383724
1ninxgz,val,0.1350417581149973,-0.15752691434234717,-0.17953962480540778,-0.16657226469553213,-0.07205628352785283,-0.570329500224504,-0.12708214194383724
1nibbrx,val,0.6475172137037513,-0.15752691434234717,-0.17953962480540778,-0.16657226469553213,-0.07205628352785283,0.1797777772446806,-0.12708214194383724
1njhq6y,val,2.115060563798819,4.761378023831591,7.376736758309145,-0.16657226469553213,-0.07205628352785283,-0.570329500224504,-0.12708214194383724
1nj8yl0,val,0.1350417581149973,-0.15752691434234717,-0.17953962480540778,-0.16657226469553213,-0.07205628352785283,-0.570329500224504,-0.12708214194383724
1nj9t1k,val,0.4844568414709659,-0.15752691434234717,-0.17953962480540778,-0.16657226469553213,-0.07205628352785283,-0.570329500224504,-0.12708214194383724
1njkf9e,val,0.6475172137037513,-0.15752691434234717,-0.17953962480540778,-0.16657226469553213,-0.07205628352785283,-0.570329500224504,-0.12708214194383724
1ndhhax,val,0.1350417581149973,-0.15752691434234717,-0.17953962480540778,-0.16657226469553213,-0.07205628352785283,-0.570329500224504,-0.12708214194383724
1ndfoiz,val,1.0959332373439108,-0.15752691434234717,-0.17953962480540778,-0.16657226469553213,-0.07205628352785283,-0.570329500224504,-0.12708214194383724
1nd6lu8,val,0.3485731979436447,-0.15752691434234717,-0.17953962480540778,-0.16657226469553213,-0.07205628352785283,-0.570329500224504,-0.12708214194383724
1nd65xv,val,1.0959332373439108,-0.15752691434234717,-0.17953962480540778,-0.16657226469553213,-0.07205628352785283,0.1797777772446806,-0.12708214194383724
1ndgvdl,val,0.23359473034360395,-0.15752691434234717,-0.17953962480540778,-0.16657226469553213,-0.07205628352785283,-0.570329500224504,-0.12708214194383724
1ndhi9j,val,0.8468132242104887,-0.15752691434234717,-0.17953962480540778,-0.16657226469553213,-0.07205628352785283,0.1797777772446806,-0.12708214194383724
1nas7rb,val,-0.025106821756488196,-0.15752691434234717,-0.17953962480540778,-0.16657226469553213,-0.07205628352785283,0.1797777772446806,-0.12708214194383724
1naqa42,val,0.4844568414709659,-0.15752691434234717,-0.17953962480540778,-0.16657226469553213,-0.07205628352785283,-0.570329500224504,-0.12708214194383724
1natkyf,val,0.23359473034360395,-0.15752691434234717,-0.17953962480540778,-0.16657226469553213,-0.07205628352785283,0.1797777772446806,-0.12708214194383724
1narqb9,val,0.4844568414709659,-0.15752691434234717,-0.17953962480540778,-0.16657226469553213,-0.07205628352785283,0.1797777772446806,-0.12708214194383724
1nb429h,val,0.04962918218353839,-0.15752691434234717,-0.17953962480540778,-0.16657226469553213,-0.07205628352785283,0.1797777772446806,-0.12708214194383724
1nb7yzs,val,0.04962918218353839,-0.15752691434234717,-0.17953962480540778,-0.16657226469553213,-0.07205628352785283,0.1797777772446806,-0.12708214194383724
1nckv37,val,0.23359473034360395,-0.15752691434234717,-0.17953962480540778,-0.16657226469553213,-0.07205628352785283,0.1797777772446806,-0.12708214194383724
1nco0oa,val,0.6475172137037513,-0.15752691434234717,-0.17953962480540778,-0.16657226469553213,-0.07205628352785283,0.1797777772446806,-0.12708214194383724
1nczvz1,val,0.18249318918803006,-0.15752691434234717,-0.17953962480540778,-0.16657226469553213,-0.07205628352785283,-0.570329500224504,-0.12708214194383724
1ncjejl,val,0.4844568414709659,-0.15752691434234717,-0.17953962480540778,-0.16657226469553213,-0.07205628352785283,0.1797777772446806,-0.12708214194383724
1ncbmqf,val,0.8468132242104887,-0.15752691434234717,-0.17953962480540778,-0.16657226469553213,-0.07205628352785283,0.1797777772446806,-0.12708214194383724
1nct752,val,0.41356102745671136,-0.15752691434234717,-0.17953962480540778,-0.16657226469553213,-0.07205628352785283,0.1797777772446806,-0.12708214194383724
1nc40k4,val,0.8468132242104887,-0.15752691434234717,-0.17953962480540778,-0.16657226469553213,-0.07205628352785283,0.1797777772446806,-0.12708214194383724
1nbusan,val,1.0959332373439108,-0.15752691434234717,-0.17953962480540778,-0.16657226469553213,-0.07205628352785283,-0.570329500224504,-0.12708214194383724
1nc4flz,val,0.23359473034360395,-0.15752691434234717,-0.17953962480540778,-0.16657226469553213,-0.07205628352785283,0.1797777772446806,-0.12708214194383724
1nbnjk6,val,-1.146146880856887,-0.15752691434234717,-0.17953962480540778,-0.16657226469553213,-0.07205628352785283,-0.570329500224504,-0.12708214194383724
1nbzq7s,val,0.1350417581149973,-0.15752691434234717,-0.17953962480540778,-0.16657226469553213,-0.07205628352785283,-0.570329500224504,-0.12708214194383724
1nbv6mx,val,0.4844568414709659,-0.15752691434234717,-0.17953962480540778,-0.16657226469553213,-0.07205628352785283,0.1797777772446806,-0.12708214194383724
1n5uugs,val,1.0959332373439108,-0.15752691434234717,-0.17953962480540778,-0.16657226469553213,-0.07205628352785283,0.1797777772446806,-0.12708214194383724
1n5ovi9,val,-0.505552561370945,-0.15752691434234717,-0.17953962480540778,-0.16657226469553213,-0.07205628352785283,-0.570329500224504,-0.12708214194383724
1n68heo,val,0.3485731979436447,-0.15752691434234717,-0.17953962480540778,-0.16657226469553213,-0.07205628352785283,0.1797777772446806,-0.12708214194383724
1n5igtm,val,1.4162303970868817,-0.15752691434234717,-0.17953962480540778,-0.16657226469553213,-0.07205628352785283,0.1797777772446806,-0.12708214194383724
1n5x8k3,val,-1.146146880856887,-0.15752691434234717,-0.17953962480540778,-0.16657226469553213,-0.07205628352785283,-0.570329500224504,-0.12708214194383724
1n6ap6d,val,1.0959332373439108,-0.15752691434234717,-0.17953962480540778,5.59206888620715,-0.07205628352785283,-0.570329500224504,-0.12708214194383724
1n5h6f7,val,-0.505552561370945,-0.15752691434234717,-0.17953962480540778,-0.16657226469553213,-0.07205628352785283,0.1797777772446806,-0.12708214194383724
1n6713c,val,-0.29202112154229753,-0.15752691434234717,-0.17953962480540778,-0.16657226469553213,-0.07205628352785283,0.1797777772446806,-0.12708214194383724
1n5ygo9,val,-1.146146880856887,-0.15752691434234717,-0.17953962480540778,-0.16657226469553213,-0.07205628352785283,-0.570329500224504,-0.12708214194383724
1n60ew9,val,1.8432932767441765,-0.15752691434234717,-0.17953962480540778,-0.16657226469553213,-0.07205628352785283,0.1797777772446806,-0.12708214194383724
1n9xe8b,val,0.3485731979436447,-0.15752691434234717,-0.17953962480540778,-0.16657226469553213,-0.07205628352785283,0.1797777772446806,-0.12708214194383724
1na8wg1,val,0.6475172137037513,-0.15752691434234717,-0.17953962480540778,-0.16657226469553213,-0.07205628352785283,0.1797777772446806,6.023693528137884
1n9ury6,val,0.6475172137037513,-0.15752691434234717,-0.17953962480540778,-0.16657226469553213,-0.07205628352785283,0.1797777772446806,-0.12708214194383724
1na7hny,val,1.0959332373439108,-0.15752691434234717,-0.17953962480540778,-0.16657226469553213,-0.07205628352785283,0.1797777772446806,-0.12708214194383724
1n9rf2w,val,1.0959332373439108,-0.15752691434234717,-0.17953962480540778,-0.16657226469553213,-0.07205628352785283,0.1797777772446806,-0.12708214194383724
1ni02xe,val,0.4844568414709659,-0.15752691434234717,-0.17953962480540778,-0.16657226469553213,-0.07205628352785283,-0.570329500224504,-0.12708214194383724
1nhqxi4,val,0.8468132242104887,-0.15752691434234717,-0.17953962480540778,-0.16657226469553213,-0.07205628352785283,0.1797777772446806,-0.12708214194383724
1nhipak,val,-1.146146880856887,-0.15752691434234717,-0.17953962480540778,-0.16657226469553213,-0.07205628352785283,-0.570329500224504,-0.12708214194383724
1nhm0tu,val,0.6475172137037513,-0.15752691434234717,-0.17953962480540778,-0.16657226469553213,-0.07205628352785283,0.1797777772446806,-0.12708214194383724
1nf0r4j,val,-1.146146880856887,-0.15752691434234717,-0.17953962480540778,-0.16657226469553213,-0.07205628352785283,-0.570329500224504,-0.12708214194383724
1nfdf1r,val,0.5621046377722921,-0.15752691434234717,-0.17953962480540778,-0.16657226469553213,-0.07205628352785283,0.1797777772446806,-0.12708214194383724
1nf1tjz,val,-0.39878684145662124,-0.15752691434234717,-0.17953962480540778,-0.16657226469553213,-0.07205628352785283,-0.570329500224504,-0.12708214194383724
1nf7snm,val,-1.146146880856887,-0.15752691434234717,-0.17953962480540778,-0.16657226469553213,-0.07205628352785283,-0.570329500224504,-0.12708214194383724
1nfder7,val,1.245405245223964,-0.15752691434234717,-0.17953962480540778,-0.16657226469553213,-0.07205628352785283,0.1797777772446806,-0.12708214194383724
1nf07lx,val,-0.48182684583442853,-0.15752691434234717,-0.17953962480540778,-0.16657226469553213,-0.07205628352785283,-0.570329500224504,-0.12708214194383724
1nf1q5n,val,0.8468132242104887,-0.15752691434234717,-0.17953962480540778,-0.16657226469553213,-0.07205628352785283,-0.570329500224504,-0.12708214194383724
1nfckms,val,0.4844568414709659,-0.15752691434234717,-0.17953962480540778,-0.16657226469553213,-0.07205628352785283,0.1797777772446806,-0.12708214194383724
1nf4khq,val,-1.146146880856887,-0.15752691434234717,-0.17953962480540778,-0.16657226469553213,-0.07205628352785283,-0.570329500224504,-0.12708214194383724
1ngd86l,val,0.3485731979436447,-0.15752691434234717,-0.17953962480540778,-0.16657226469553213,-0.07205628352785283,0.1797777772446806,-0.12708214194383724
1nfz74c,val,0.23359473034360395,-0.15752691434234717,-0.17953962480540778,-0.16657226469553213,-0.07205628352785283,-0.570329500224504,-0.12708214194383724
1ngbrix,val,0.8468132242104887,-0.15752691434234717,-0.17953962480540778,5.59206888620715,-0.07205628352785283,-0.570329500224504,-0.12708214194383724
1nfth3y,val,-0.025106821756488196,-0.15752691434234717,3.598598566751869,-0.16657226469553213,-0.07205628352785283,0.1797777772446806,-0.12708214194383724
1nh0vcy,val,0.8468132242104887,-0.15752691434234717,-0.17953962480540778,-0.16657226469553213,-0.07205628352785283,0.1797777772446806,-0.12708214194383724
1ngmc06,val,0.3485731979436447,-0.15752691434234717,-0.17953962480540778,-0.16657226469553213,-0.07205628352785283,0.1797777772446806,-0.12708214194383724
1n44alj,val,-1.146146880856887,-0.15752691434234717,-0.17953962480540778,-0.16657226469553213,-0.07205628352785283,-0.570329500224504,-0.12708214194383724
1nemrqa,val,-1.0112849188598467,-0.15752691434234717,-0.17953962480540778,-0.16657226469553213,-0.07205628352785283,3.930314164590604,-0.12708214194383724
1negtz2,val,-0.4286812430326318,-0.15752691434234717,-0.17953962480540778,-0.16657226469553213,-0.07205628352785283,0.1797777772446806,-0.12708214194383724
1ne1x1c,val,-0.025106821756488196,-0.15752691434234717,-0.17953962480540778,-0.16657226469553213,-0.07205628352785283,0.1797777772446806,-0.12708214194383724
1nedxzv,val,-1.002653753292036,-0.15752691434234717,-0.17953962480540778,-0.16657226469553213,-0.07205628352785283,0.9298850547138652,-0.12708214194383724
1ne4jj8,val,1.0959332373439108,-0.15752691434234717,-0.17953962480540778,-0.16657226469553213,-0.07205628352785283,0.1797777772446806,-0.12708214194383724
1niwfc7,val,1.2997587026348922,-0.15752691434234717,-0.17953962480540778,-0.16657226469553213,-0.07205628352785283,0.1797777772446806,-0.12708214194383724
1nib2o3,val,0.04962918218353839,-0.15752691434234717,-0.17953962480540778,-0.16657226469553213,-0.07205628352785283,0.1797777772446806,6.023693528137884
1ninkf4,val,-0.7874140619447594,-0.15752691434234717,-0.17953962480540778,-0.16657226469553213,-0.07205628352785283,0.9298850547138652,-0.12708214194383724
1njlrm7,val,-0.9808322177637407,-0.15752691434234717,-0.17953962480540778,-0.16657226469553213,-0.07205628352785283,0.1797777772446806,-0.12708214194383724
1ndlubh,val,-1.0550979420467024,-0.15752691434234717,-0.17953962480540778,-0.16657226469553213,-0.07205628352785283,0.9298850547138652,-0.12708214194383724
1ndvvd5,val,-0.5482588493366743,-0.15752691434234717,-0.17953962480540778,-0.16657226469553213,-0.07205628352785283,2.4300996096522347,-0.12708214194383724
1ndsnz7,val,-0.8970268677234652,-0.15752691434234717,-0.17953962480540778,-0.16657226469553213,-0.07205628352785283,0.9298850547138652,-0.12708214194383724
1nbdi1a,val,-0.513088965129603,-0.15752691434234717,-0.17953962480540778,-0.16657226469553213,-0.07205628352785283,3.930314164590604,6.023693528137884
1ncj9qy,val,-0.8521035866666185,-0.15752691434234717,-0.17953962480540778,-0.16657226469553213,-0.07205628352785283,0.9298850547138652,-0.12708214194383724
1nczcaj,val,-0.994782822244175,-0.15752691434234717,-0.17953962480540778,-0.16657226469553213,-0.07205628352785283,0.1797777772446806,-0.12708214194383724
1ncdvjk,val,-0.24931483357656795,-0.15752691434234717,-0.17953962480540778,-0.16657226469553213,-0.07205628352785283,0.1797777772446806,-0.12708214194383724
1nc2vyu,val,-0.5970660355832224,-0.15752691434234717,-0.17953962480540778,-0.16657226469553213,-0.07205628352785283,1.6799923321830499,-0.12708214194383724
1n9wxm4,val,0.6475172137037513,-0.15752691434234717,-0.17953962480540778,-0.16657226469553213,-0.07205628352785283,0.1797777772446806,-0.12708214194383724
1nhtewz,val,-1.0527268759318538,-0.15752691434234717,-0.17953962480540778,-0.16657226469553213,-0.07205628352785283,1.6799923321830499,-0.12708214194383724
1ni851d,val,-0.025106821756488196,-0.15752691434234717,-0.17953962480540778,-0.16657226469553213,-0.07205628352785283,0.9298850547138652,-0.12708214194383724
1nhi8c3,val,-0.09105035464474698,-0.15752691434234717,-0.17953962480540778,-0.16657226469553213,-0.07205628352785283,0.1797777772446806,-0.12708214194383724
1newpf6,val,-0.9753217289939692,-0.15752691434234717,-0.17953962480540778,-0.16657226469553213,-0.07205628352785283,0.9298850547138652,-0.12708214194383724
1nhzypy,val,-0.8368944507602254,-0.15752691434234717,-0.17953962480540778,-0.16657226469553213,-0.07205628352785283,0.9298850547138652,-0.12708214194383724
1nf6xzb,val,-0.025106821756488196,-0.15752691434234717,-0.17953962480540778,-0.16657226469553213,-0.07205628352785283,0.1797777772446806,-0.12708214194383724
1nfrb96,val,-0.900439470643101,-0.15752691434234717,-0.17953962480540778,-0.16657226469553213,-0.07205628352785283,0.1797777772446806,-0.12708214194383724
1nf9sd7,val,-1.0649856096097994,-0.15752691434234717,-0.17953962480540778,-0.16657226469553213,-0.07205628352785283,5.430528719528973,-0.12708214194383724
1nfpefr,val,-0.9881148020409719,-0.15752691434234717,-0.17953962480540778,-0.16657226469553213,-0.07205628352785283,0.9298850547138652,-0.12708214194383724
1nfsqr5,val,0.8468132242104887,-0.15752691434234717,-0.17953962480540778,-0.16657226469553213,-0.07205628352785283,0.1797777772446806,-0.12708214194383724
1ngomca,val,-1.0224459088182225,-0.15752691434234717,-0.17953962480540778,-0.16657226469553213,-0.07205628352785283,0.1797777772446806,-0.12708214194383724
1ngrjqa,val,-0.9941414491144602,-0.15752691434234717,-0.17953962480540778,-0.16657226469553213,-0.07205628352785283,0.9298850547138652,-0.12708214194383724
1nhcqdb,val,0.8468132242104887,-0.15752691434234717,-0.17953962480540778,-0.16657226469553213,-0.07205628352785283,0.1797777772446806,-0.12708214194383724
1msd0mk,val,-0.8987449367795577,-0.15752691434234717,-0.17953962480540778,-0.16657226469553213,-0.07205628352785283,0.1797777772446806,-0.12708214194383724
1mutghw,val,2.44118130826439,-0.15752691434234717,-0.17953962480540778,-0.16657226469553213,-0.07205628352785283,-0.570329500224504,-0.12708214194383724
1nj94ze,val,2.115060563798819,-0.15752691434234717,-0.17953962480540778,-0.16657226469553213,-0.07205628352785283,0.1797777772446806,-0.12708214194383724
1ndguud,val,2.115060563798819,-0.15752691434234717,-0.17953962480540778,-0.16657226469553213,-0.07205628352785283,-0.570329500224504,-0.12708214194383724
1n7f2w8,val,-1.0720285298419847,-0.15752691434234717,-0.17953962480540778,-0.16657226469553213,-0.07205628352785283,0.9298850547138652,-0.12708214194383724
1n76dkq,val,-1.0207158252932063,-0.15752691434234717,-0.17953962480540778,5.59206888620715,-0.07205628352785283,-0.570329500224504,-0.12708214194383724
1n846k7,val,0.4844568414709659,-0.15752691434234717,-0.17953962480540778,-0.16657226469553213,-0.07205628352785283,0.1797777772446806,-0.12708214194383724
1n89vqv,val,-1.146146880856887,-0.15752691434234717,-0.17953962480540778,-0.16657226469553213,-0.07205628352785283,-0.570329500224504,-0.12708214194383724
1n84i56,val,-1.0289139334999826,-0.15752691434234717,-0.17953962480540778,-0.16657226469553213,-0.07205628352785283,-0.570329500224504,-0.12708214194383724
1n9axh1,val,-1.0669564131058655,-0.15752691434234717,-0.17953962480540778,-0.16657226469553213,-0.07205628352785283,-0.570329500224504,-0.12708214194383724
1n915ev,val,-1.0467198246173839,-0.15752691434234717,-0.17953962480540778,-0.16657226469553213,-0.07205628352785283,0.1797777772446806,-0.12708214194383724
1n7585n,val,-0.9753217289939692,-0.15752691434234717,-0.17953962480540778,-0.16657226469553213,-0.07205628352785283,-0.570329500224504,-0.12708214194383724
1n9gc6p,val,-0.047985190309557585,-0.15752691434234717,-0.17953962480540778,-0.16657226469553213,-0.07205628352785283,0.1797777772446806,-0.12708214194383724
1n9al3j,val,-1.011790019841109,-0.15752691434234717,-0.17953962480540778,-0.16657226469553213,-0.07205628352785283,-0.570329500224504,-0.12708214194383724
1n6z8oe,val,-1.146146880856887,-0.15752691434234717,-0.17953962480540778,-0.16657226469553213,-0.07205628352785283,-0.570329500224504,-0.12708214194383724
1n6hy1j,val,-0.8970268677234652,-0.15752691434234717,-0.17953962480540778,-0.16657226469553213,-0.07205628352785283,-0.570329500224504,-0.12708214194383724
1nenznh,val,-0.9375812884661152,-0.15752691434234717,-0.17953962480540778,-0.16657226469553213,-0.07205628352785283,-0.570329500224504,-0.12708214194383724
1nejgvm,val,-1.146146880856887,-0.15752691434234717,-0.17953962480540778,-0.16657226469553213,-0.07205628352785283,-0.570329500224504,-0.12708214194383724
1niwzbi,val,0.09086283952975996,-0.15752691434234717,-0.17953962480540778,-0.16657226469553213,-0.07205628352785283,0.9298850547138652,-0.12708214194383724
1njf25j,val,-1.146146880856887,-0.15752691434234717,-0.17953962480540778,-0.16657226469553213,-0.07205628352785283,-0.570329500224504,-0.12708214194383724
1n5nxl4,val,-1.0180280169596987,-0.15752691434234717,-0.17953962480540778,-0.16657226469553213,-0.07205628352785283,0.9298850547138652,-0.12708214194383724
1n9zo07,val,-0.8899091530625103,-0.15752691434234717,-0.17953962480540778,-0.16657226469553213,-0.07205628352785283,-0.570329500224504,-0.12708214194383724
1nhwyx7,val,0.7419205871016794,-0.15752691434234717,-0.17953962480540778,-0.16657226469553213,-0.07205628352785283,0.9298850547138652,-0.12708214194383724
1nhiz7t,val,-0.7909658720329983,-0.15752691434234717,-0.17953962480540778,5.59206888620715,-0.07205628352785283,-0.570329500224504,-0.12708214194383724
1ni101n,val,-0.7944480387861738,-0.15752691434234717,-0.17953962480540778,-0.16657226469553213,-0.07205628352785283,-0.570329500224504,-0.12708214194383724
1ng1b0t,val,-0.20211314687760387,-0.15752691434234717,-0.17953962480540778,-0.16657226469553213,-0.07205628352785283,-0.570329500224504,-0.12708214194383724
1ngm5cj,val,-0.9375812884661152,-0.15752691434234717,-0.17953962480540778,-0.16657226469553213,-0.07205628352785283,1.6799923321830499,-0.12708214194383724
1n4coy7,val,-0.7944480387861738,-0.15752691434234717,-0.17953962480540778,-0.16657226469553213,-0.07205628352785283,-0.570329500224504,6.023693528137884
1n7rysh,val,3.745664286126672,-0.15752691434234717,-0.17953962480540778,-0.16657226469553213,-0.07205628352785283,-0.570329500224504,-0.12708214194383724
1n7r83q,val,-1.146146880856887,-0.15752691434234717,-0.17953962480540778,-0.16657226469553213,-0.07205628352785283,-0.570329500224504,-0.12708214194383724
1n7ceez,val,1.8432932767441765,-0.15752691434234717,-0.17953962480540778,-0.16657226469553213,-0.07205628352785283,0.1797777772446806,-0.12708214194383724
1n7fjuo,val,0.23359473034360395,-0.15752691434234717,-0.17953962480540778,-0.16657226469553213,-0.07205628352785283,-0.570329500224504,-0.12708214194383724
1n8fzj4,val,2.115060563798819,-0.15752691434234717,-0.17953962480540778,-0.16657226469553213,-0.07205628352785283,-0.570329500224504,-0.12708214194383724
1n8ajoq,val,0.6475172137037513,-0.15752691434234717,-0.17953962480540778,-0.16657226469553213,-0.07205628352785283,0.1797777772446806,-0.12708214194383724
1n6um1w,val,-1.146146880856887,-0.15752691434234717,-0.17953962480540778,-0.16657226469553213,-0.07205628352785283,-0.570329500224504,-0.12708214194383724
1neiy7d,val,-1.146146880856887,-0.15752691434234717,-0.17953962480540778,-0.16657226469553213,-0.07205628352785283,-0.570329500224504,-0.12708214194383724
1ne7xl8,val,0.23359473034360395,-0.15752691434234717,-0.17953962480540778,-0.16657226469553213,-0.07205628352785283,-0.570329500224504,-0.12708214194383724
1nejftw,val,-0.505552561370945,-0.15752691434234717,-0.17953962480540778,-0.16657226469553213,-0.07205628352785283,-0.570329500224504,-0.12708214194383724
1nio1oz,val,0.3485731979436447,-0.15752691434234717,-0.17953962480540778,-0.16657226469553213,-0.07205628352785283,-0.570329500224504,-0.12708214194383724
1ninla5,val,-0.39878684145662124,-0.15752691434234717,-0.17953962480540778,-0.16657226469553213,-0.07205628352785283,-0.570329500224504,-0.12708214194383724
1njlltb,val,-1.146146880856887,-0.15752691434234717,-0.17953962480540778,-0.16657226469553213,-0.07205628352785283,-0.570329500224504,-0.12708214194383724
1nb3qy2,val,-0.7190840011995924,-0.15752691434234717,-0.17953962480540778,-0.16657226469553213,-0.07205628352785283,0.1797777772446806,-0.12708214194383724
1ncov0u,val,0.6475172137037513,-0.15752691434234717,-0.17953962480540778,-0.16657226469553213,-0.07205628352785283,-0.570329500224504,-0.12708214194383724
1nclzsv,val,0.8468132242104887,-0.15752691434234717,-0.17953962480540778,-0.16657226469553213,-0.07205628352785283,-0.570329500224504,-0.12708214194383724
1nd1hv4,val,0.04962918218353839,-0.15752691434234717,-0.17953962480540778,-0.16657226469553213,-0.07205628352785283,0.1797777772446806,-0.12708214194383724
1nbw60e,val,2.44118130826439,-0.15752691434234717,-0.17953962480540778,-0.16657226469553213,-0.07205628352785283,0.1797777772446806,-0.12708214194383724
1na5x6y,val,0.8468132242104887,-0.15752691434234717,-0.17953962480540778,-0.16657226469553213,-0.07205628352785283,-0.570329500224504,-0.12708214194383724
1nae904,val,0.6475172137037513,-0.15752691434234717,3.598598566751869,-0.16657226469553213,-0.07205628352785283,-0.570329500224504,-0.12708214194383724
1nft1nl,val,0.1350417581149973,4.761378023831591,3.598598566751869,-0.16657226469553213,-0.07205628352785283,0.1797777772446806,-0.12708214194383724
1n5fcxf,val,0.3485731979436447,-0.15752691434234717,-0.17953962480540778,-0.16657226469553213,-0.07205628352785283,0.1797777772446806,-0.12708214194383724
1kykx6z,val,-0.8077196932039366,-0.15752691434234717,-0.17953962480540778,-0.16657226469553213,-0.07205628352785283,1.6799923321830499,-0.12708214194383724
1mn8x9j,val,-0.21838959056690183,-0.15752691434234717,-0.17953962480540778,5.59206888620715,-0.07205628352785283,0.9298850547138652,-0.12708214194383724
1ldzyjc,val,-0.5914054083123598,-0.15752691434234717,-0.17953962480540778,-0.16657226469553213,-0.07205628352785283,3.930314164590604,-0.12708214194383724
1lfczre,val,-0.20211314687760387,-0.15752691434234717,-0.17953962480540778,-0.16657226469553213,-0.07205628352785283,0.1797777772446806,-0.12708214194383724
1li8df3,val,-0.6613728012459038,-0.15752691434234717,-0.17953962480540778,-0.16657226469553213,-0.07205628352785283,0.1797777772446806,-0.12708214194383724
1l7pe7r,val,-1.0142598150803697,-0.15752691434234717,-0.17953962480540778,-0.16657226469553213,-0.07205628352785283,0.1797777772446806,-0.12708214194383724
1n86xcw,val,-0.8521035866666185,-0.15752691434234717,-0.17953962480540778,5.59206888620715,-0.07205628352785283,-0.570329500224504,-0.12708214194383724
1neghla,val,-1.146146880856887,-0.15752691434234717,-0.17953962480540778,-0.16657226469553213,-0.07205628352785283,-0.570329500224504,-0.12708214194383724
1ni9lvo,val,-0.7290156960753433,-0.15752691434234717,-0.17953962480540778,-0.16657226469553213,-0.07205628352785283,0.9298850547138652,-0.12708214194383724
1niffpc,val,-0.7384959502749239,-0.15752691434234717,-0.17953962480540778,-0.16657226469553213,-0.07205628352785283,-0.570329500224504,-0.12708214194383724
1nih1do,val,-0.7032668575085814,-0.15752691434234717,-0.17953962480540778,5.59206888620715,-0.07205628352785283,-0.570329500224504,-0.12708214194383724
1nic3fw,val,-1.0014965506503841,-0.15752691434234717,-0.17953962480540778,-0.16657226469553213,-0.07205628352785283,-0.570329500224504,-0.12708214194383724
1njbuuv,val,-1.0189366613845015,-0.15752691434234717,-0.17953962480540778,-0.16657226469553213,-0.07205628352785283,-0.570329500224504,-0.12708214194383724
1njbthg,val,-0.7086678334030729,-0.15752691434234717,-0.17953962480540778,-0.16657226469553213,-0.07205628352785283,-0.570329500224504,-0.12708214194383724
1ndp7ep,val,-0.505552561370945,-0.15752691434234717,-0.17953962480540778,-0.16657226469553213,-0.07205628352785283,-0.570329500224504,-0.12708214194383724
1nanssx,val,-0.8880657161719032,-0.15752691434234717,-0.17953962480540778,-0.16657226469553213,-0.07205628352785283,0.1797777772446806,-0.12708214194383724
1nakq4e,val,-0.6026123067476028,-0.15752691434234717,-0.17953962480540778,-0.16657226469553213,-0.07205628352785283,0.9298850547138652,-0.12708214194383724
1ncx1qm,val,-0.9501180180633748,-0.15752691434234717,-0.17953962480540778,-0.16657226469553213,-0.07205628352785283,0.1797777772446806,-0.12708214194383724
1namjo2,val,-0.12119596967937957,-0.15752691434234717,-0.17953962480540778,-0.16657226469553213,-0.07205628352785283,0.1797777772446806,-0.12708214194383724
1n9xt56,val,-1.040637228235673,-0.15752691434234717,-0.17953962480540778,-0.16657226469553213,-0.07205628352785283,-0.570329500224504,6.023693528137884
1n9sxx1,val,-0.76451622243973,-0.15752691434234717,-0.17953962480540778,-0.16657226469553213,-0.07205628352785283,0.9298850547138652,-0.12708214194383724
1na0ey1,val,-0.14966682832319925,-0.15752691434234717,-0.17953962480540778,-0.16657226469553213,-0.07205628352785283,0.1797777772446806,-0.12708214194383724
1n9vpmu,val,-0.7800929840077774,-0.15752691434234717,-0.17953962480540778,-0.16657226469553213,-0.07205628352785283,0.9298850547138652,-0.12708214194383724
1nhi43i,val,-0.7257568586942376,-0.15752691434234717,-0.17953962480540778,-0.16657226469553213,-0.07205628352785283,0.1797777772446806,-0.12708214194383724
1nhsc56,val,-0.8258497211139161,-0.15752691434234717,-0.17953962480540778,-0.16657226469553213,-0.07205628352785283,0.1797777772446806,-0.12708214194383724
1nhffbu,val,-0.9838243383627117,-0.15752691434234717,-0.17953962480540778,-0.16657226469553213,-0.07205628352785283,-0.570329500224504,-0.12708214194383724
1nhtjfa,val,-1.1138286088828215,-0.15752691434234717,-0.17953962480540778,-0.16657226469553213,-0.07205628352785283,2.4300996096522347,-0.12708214194383724
1nfe7l5,val,-1.0340428749468473,-0.15752691434234717,-0.17953962480540778,-0.16657226469553213,-0.07205628352785283,-0.570329500224504,-0.12708214194383724
1nhxh5e,val,-0.9101384473620663,-0.15752691434234717,-0.17953962480540778,-0.16657226469553213,-0.07205628352785283,-0.570329500224504,-0.12708214194383724
1ngfzep,val,-0.996674872976834,-0.15752691434234717,-0.17953962480540778,-0.16657226469553213,-0.07205628352785283,-0.570329500224504,-0.12708214194383724
1nftqce,val,-0.48182684583442853,-0.15752691434234717,-0.17953962480540778,-0.16657226469553213,-0.07205628352785283,0.1797777772446806,-0.12708214194383724
1nfri22,val,-0.39878684145662124,-0.15752691434234717,-0.17953962480540778,-0.16657226469553213,-0.07205628352785283,0.1797777772446806,-0.12708214194383724
1nfu7sm,val,-0.8277449705798507,-0.15752691434234717,-0.17953962480540778,-0.16657226469553213,-0.07205628352785283,-0.570329500224504,-0.12708214194383724
1nh34q8,val,-1.0638687113816285,-0.15752691434234717,-0.17953962480540778,-0.16657226469553213,-0.07205628352785283,0.1797777772446806,-0.12708214194383724
1ngmlwz,val,-0.9649686894871257,-0.15752691434234717,-0.17953962480540778,-0.16657226469553213,-0.07205628352785283,0.1797777772446806,-0.12708214194383724
1nfq80i,val,0.6475172137037513,-0.15752691434234717,-0.17953962480540778,-0.16657226469553213,-0.07205628352785283,0.1797777772446806,-0.12708214194383724
1nh0n0e,val,-0.7604126669728789,-0.15752691434234717,-0.17953962480540778,-0.16657226469553213,-0.07205628352785283,-0.570329500224504,6.023693528137884
1ngywjm,val,-1.0126234991278074,-0.15752691434234717,-0.17953962480540778,-0.16657226469553213,-0.07205628352785283,2.4300996096522347,-0.12708214194383724
1ngrmc4,val,-1.064709237517017,-0.15752691434234717,-0.17953962480540778,-0.16657226469553213,-0.07205628352785283,2.4300996096522347,-0.12708214194383724
1ngvs56,val,0.7093676997230836,-0.15752691434234717,-0.17953962480540778,-0.16657226469553213,-0.07205628352785283,0.1797777772446806,-0.12708214194383724
1ndndlc,val,1.0959332373439108,-0.15752691434234717,-0.17953962480540778,-0.16657226469553213,-0.07205628352785283,-0.570329500224504,-0.12708214194383724
1nb37ya,val,0.3485731979436447,-0.15752691434234717,-0.17953962480540778,-0.16657226469553213,-0.07205628352785283,-0.570329500224504,-0.12708214194383724
1n5rb2m,val,-0.3662929267000879,-0.15752691434234717,-0.17953962480540778,-0.16657226469553213,-0.07205628352785283,0.1797777772446806,-0.12708214194383724
1n8xbei,val,-1.146146880856887,-0.15752691434234717,-0.17953962480540778,-0.16657226469553213,-0.07205628352785283,-0.570329500224504,-0.12708214194383724
1n8x0b9,val,0.6475172137037513,-0.15752691434234717,-0.17953962480540778,-0.16657226469553213,-0.07205628352785283,0.1797777772446806,-0.12708214194383724
1nih944,val,0.8468132242104887,-0.15752691434234717,-0.17953962480540778,5.59206888620715,-0.07205628352785283,-0.570329500224504,-0.12708214194383724
1njjq0r,val,0.3485731979436447,4.761378023831591,3.598598566751869,-0.16657226469553213,-0.07205628352785283,-0.570329500224504,-0.12708214194383724
1ndbsfo,val,0.3485731979436447,-0.15752691434234717,-0.17953962480540778,5.59206888620715,-0.07205628352785283,-0.570329500224504,-0.12708214194383724
1nbvuyz,val,-1.146146880856887,-0.15752691434234717,-0.17953962480540778,-0.16657226469553213,-0.07205628352785283,-0.570329500224504,-0.12708214194383724
1n5wbo1,val,-0.5856268513066877,-0.15752691434234717,-0.17953962480540778,-0.16657226469553213,-0.07205628352785283,-0.570329500224504,-0.12708214194383724
1n51ou6,val,0.1350417581149973,-0.15752691434234717,-0.17953962480540778,-0.16657226469553213,-0.07205628352785283,-0.570329500224504,-0.12708214194383724
1n1plgb,test,-0.9457374848165924,-0.15752691434234717,-0.17953962480540778,-0.16657226469553213,-0.07205628352785283,-0.570329500224504,-0.12708214194383724
1n02v38,test,0.4844568414709659,-0.15752691434234717,-0.17953962480540778,-0.16657226469553213,-0.07205628352785283,-0.570329500224504,-0.12708214194383724
1mvw1s2,test,-1.0122913514120633,-0.15752691434234717,-0.17953962480540778,-0.16657226469553213,-0.07205628352785283,-0.570329500224504,-0.12708214194383724
1n0q50o,test,-1.146146880856887,-0.15752691434234717,-0.17953962480540778,-0.16657226469553213,-0.07205628352785283,-0.570329500224504,-0.12708214194383724
1mtw2r6,test,0.6475172137037513,-0.15752691434234717,-0.17953962480540778,-0.16657226469553213,-0.07205628352785283,0.1797777772446806,-0.12708214194383724
1mysdnr,test,0.1350417581149973,-0.15752691434234717,-0.17953962480540778,-0.16657226469553213,-0.07205628352785283,0.1797777772446806,-0.12708214194383724
1mz7y5h,test,-0.025106821756488196,-0.15752691434234717,-0.17953962480540778,-0.16657226469553213,-0.07205628352785283,0.1797777772446806,-0.12708214194383724
1n2axrv,test,-0.4562760752566416,-0.15752691434234717,-0.17953962480540778,-0.16657226469553213,-0.07205628352785283,-0.570329500224504,-0.12708214194383724
1n0k2w7,test,-1.146146880856887,-0.15752691434234717,-0.17953962480540778,-0.16657226469553213,-0.07205628352785283,-0.570329500224504,-0.12708214194383724
1n1htds,test,0.6475172137037513,-0.15752691434234717,-0.17953962480540778,-0.16657226469553213,-0.07205628352785283,0.1797777772446806,-0.12708214194383724
1n2dkvt,test,-0.4562760752566416,-0.15752691434234717,-0.17953962480540778,-0.16657226469553213,-0.07205628352785283,0.9298850547138652,-0.12708214194383724
1myaljs,test,0.04962918218353839,-0.15752691434234717,-0.17953962480540778,-0.16657226469553213,-0.07205628352785283,0.1797777772446806,-0.12708214194383724
1n1q5u8,test,-0.29202112154229753,-0.15752691434234717,-0.17953962480540778,-0.16657226469553213,-0.07205628352785283,0.9298850547138652,-0.12708214194383724
1n1hvhq,test,-0.6741300138672455,-0.15752691434234717,-0.17953962480540778,-0.16657226469553213,-0.07205628352785283,-0.570329500224504,-0.12708214194383724
1my14fc,test,-0.5482588493366743,-0.15752691434234717,-0.17953962480540778,-0.16657226469553213,-0.07205628352785283,-0.570329500224504,-0.12708214194383724
1n0of2u,test,0.3485731979436447,-0.15752691434234717,-0.17953962480540778,-0.16657226469553213,-0.07205628352785283,0.1797777772446806,-0.12708214194383724
1my1b3t,test,0.23359473034360395,-0.15752691434234717,-0.17953962480540778,-0.16657226469553213,-0.07205628352785283,0.1797777772446806,-0.12708214194383724
1myui69,test,0.3485731979436447,-0.15752691434234717,-0.17953962480540778,-0.16657226469553213,-0.07205628352785283,0.1797777772446806,-0.12708214194383724
1n1oihz,test,0.8468132242104887,-0.15752691434234717,-0.17953962480540778,-0.16657226469553213,-0.07205628352785283,-0.570329500224504,-0.12708214194383724
1mrao4m,test,0.3485731979436447,-0.15752691434234717,-0.17953962480540778,-0.16657226469553213,-0.07205628352785283,0.1797777772446806,-0.12708214194383724
1n0f7yj,test,0.3485731979436447,-0.15752691434234717,-0.17953962480540778,-0.16657226469553213,-0.07205628352785283,0.1797777772446806,-0.12708214194383724
1n1ozoi,test,0.3485731979436447,-0.15752691434234717,-0.17953962480540778,-0.16657226469553213,-0.07205628352785283,-0.570329500224504,-0.12708214194383724
1n34aum,test,0.6475172137037513,-0.15752691434234717,-0.17953962480540778,-0.16657226469553213,-0.07205628352785283,0.1797777772446806,-0.12708214194383724
1mzo9bh,test,-0.8952847697295252,-0.15752691434234717,-0.17953962480540778,-0.16657226469553213,-0.07205628352785283,0.1797777772446806,-0.12708214194383724
1n1lqwu,test,0.6475172137037513,-0.15752691434234717,-0.17953962480540778,-0.16657226469553213,-0.07205628352785283,0.9298850547138652,-0.12708214194383724
1mysu40,test,-0.3308450196929606,-0.15752691434234717,-0.17953962480540778,-0.16657226469553213,-0.07205628352785283,-0.570329500224504,-0.12708214194383724
1mxx0b5,test,0.8468132242104887,-0.15752691434234717,-0.17953962480540778,-0.16657226469553213,-0.07205628352785283,0.1797777772446806,-0.12708214194383724
1n3d70x,test,0.3485731979436447,-0.15752691434234717,-0.17953962480540778,-0.16657226469553213,-0.07205628352785283,0.1797777772446806,-0.12708214194383724
1n20qyo,test,1.0959332373439108,-0.15752691434234717,-0.17953962480540778,-0.16657226469553213,-0.07205628352785283,0.1797777772446806,-0.12708214194383724
1n34p2j,test,0.3485731979436447,-0.15752691434234717,-0.17953962480540778,-0.16657226469553213,-0.07205628352785283,-0.570329500224504,-0.12708214194383724
1mua4z8,test,0.4844568414709659,-0.15752691434234717,-0.17953962480540778,-0.16657226469553213,-0.07205628352785283,0.1797777772446806,-0.12708214194383724
1mxnb6o,test,0.3485731979436447,-0.15752691434234717,-0.17953962480540778,-0.16657226469553213,-0.07205628352785283,0.1797777772446806,-0.12708214194383724
1mvsxls,test,0.6475172137037513,-0.15752691434234717,-0.17953962480540778,-0.16657226469553213,-0.07205628352785283,0.1797777772446806,-0.12708214194383724
1n2wdts,test,0.3485731979436447,-0.15752691434234717,-0.17953962480540778,-0.16657226469553213,-0.07205628352785283,-0.570329500224504,-0.12708214194383724
1n1i6t6,test,0.6475172137037513,-0.15752691434234717,-0.17953962480540778,-0.16657226469553213,-0.07205628352785283,0.1797777772446806,-0.12708214194383724
1n3hm5m,test,0.3485731979436447,-0.15752691434234717,-0.17953962480540778,-0.16657226469553213,-0.07205628352785283,-0.570329500224504,-0.12708214194383724
1n377mn,test,-0.5675455600308748,-0.15752691434234717,-0.17953962480540778,-0.16657226469553213,-0.07205628352785283,0.1797777772446806,-0.12708214194383724
1n1mbsv,test,-0.3662929267000879,-0.15752691434234717,-0.17953962480540778,-0.16657226469553213,-0.07205628352785283,0.1797777772446806,-0.12708214194383724
1mvjllq,test,-1.146146880856887,-0.15752691434234717,-0.17953962480540778,-0.16657226469553213,-0.07205628352785283,-0.570329500224504,-0.12708214194383724
1mzyjxb,test,-1.146146880856887,-0.15752691434234717,-0.17953962480540778,-0.16657226469553213,-0.07205628352785283,-0.570329500224504,-0.12708214194383724
1n3bubx,test,1.0959332373439108,4.761378023831591,3.598598566751869,-0.16657226469553213,-0.07205628352785283,-0.570329500224504,-0.12708214194383724
1mzbqnl,test,-1.146146880856887,-0.15752691434234717,-0.17953962480540778,-0.16657226469553213,-0.07205628352785283,-0.570329500224504,-0.12708214194383724
1n0rcvb,test,0.04962918218353839,-0.15752691434234717,-0.17953962480540778,-0.16657226469553213,-0.07205628352785283,0.1797777772446806,-0.12708214194383724
1mzn4bc,test,-0.24931483357656795,-0.15752691434234717,-0.17953962480540778,-0.16657226469553213,-0.07205628352785283,-0.570329500224504,-0.12708214194383724
1mz8zra,test,-1.0198325080005042,-0.15752691434234717,-0.17953962480540778,-0.16657226469553213,-0.07205628352785283,1.6799923321830499,-0.12708214194383724
1myyx7w,test,1.8432932767441765,-0.15752691434234717,-0.17953962480540778,-0.16657226469553213,-0.07205628352785283,0.1797777772446806,-0.12708214194383724
1mwdsym,test,-1.146146880856887,-0.15752691434234717,-0.17953962480540778,-0.16657226469553213,-0.07205628352785283,-0.570329500224504,-0.12708214194383724
1n34bp0,test,-0.4286812430326318,-0.15752691434234717,-0.17953962480540778,-0.16657226469553213,-0.07205628352785283,0.9298850547138652,-0.12708214194383724
1n0nvk5,test,-0.8472028650967808,-0.15752691434234717,-0.17953962480540778,5.59206888620715,-0.07205628352785283,-0.570329500224504,-0.12708214194383724
1myajbg,test,-0.3308450196929606,-0.15752691434234717,-0.17953962480540778,-0.16657226469553213,-0.07205628352785283,-0.570329500224504,-0.12708214194383724
1mzw58j,test,2.44118130826439,-0.15752691434234717,-0.17953962480540778,-0.16657226469553213,-0.07205628352785283,0.1797777772446806,-0.12708214194383724
1n0qxw7,test,-1.146146880856887,-0.15752691434234717,-0.17953962480540778,-0.16657226469553213,-0.07205628352785283,-0.570329500224504,-0.12708214194383724
1mrndkp,test,0.8468132242104887,-0.15752691434234717,-0.17953962480540778,-0.16657226469553213,-0.07205628352785283,0.1797777772446806,-0.12708214194383724
1n2yhr4,test,-1.146146880856887,-0.15752691434234717,-0.17953962480540778,-0.16657226469553213,-0.07205628352785283,-0.570329500224504,-0.12708214194383724
1mukgv0,test,1.8432932767441765,-0.15752691434234717,-0.17953962480540778,-0.16657226469553213,-0.07205628352785283,-0.570329500224504,-0.12708214194383724
1n3dr35,test,0.28878439479162354,-0.15752691434234717,-0.17953962480540778,-0.16657226469553213,-0.07205628352785283,0.1797777772446806,-0.12708214194383724
1mx3mh8,test,0.3485731979436447,-0.15752691434234717,-0.17953962480540778,-0.16657226469553213,-0.07205628352785283,0.1797777772446806,-0.12708214194383724
1n0zve8,test,0.23359473034360395,-0.15752691434234717,-0.17953962480540778,-0.16657226469553213,-0.07205628352785283,0.9298850547138652,-0.12708214194383724
1mxx643,test,2.115060563798819,-0.15752691434234717,-0.17953962480540778,-0.16657226469553213,-0.07205628352785283,0.1797777772446806,-0.12708214194383724
1my0t4v,test,-0.025106821756488196,-0.15752691434234717,-0.17953962480540778,-0.16657226469553213,-0.07205628352785283,0.1797777772446806,-0.12708214194383724
1mybwin,test,-1.146146880856887,-0.15752691434234717,-0.17953962480540778,-0.16657226469553213,-0.07205628352785283,-0.570329500224504,-0.12708214194383724
1n08xkr,test,0.23359473034360395,-0.15752691434234717,-0.17953962480540778,-0.16657226469553213,-0.07205628352785283,0.1797777772446806,-0.12708214194383724
1n2jos3,test,0.6475172137037513,-0.15752691434234717,-0.17953962480540778,-0.16657226469553213,-0.07205628352785283,0.1797777772446806,-0.12708214194383724
1n0f6zq,test,0.23359473034360395,-0.15752691434234717,-0.17953962480540778,-0.16657226469553213,-0.07205628352785283,0.1797777772446806,-0.12708214194383724
1n1si6b,test,0.3485731979436447,-0.15752691434234717,-0.17953962480540778,-0.16657226469553213,-0.07205628352785283,-0.570329500224504,-0.12708214194383724
1mzrna3,test,0.04962918218353839,-0.15752691434234717,-0.17953962480540778,-0.16657226469553213,-0.07205628352785283,-0.570329500224504,-0.12708214194383724
1n2d5tp,test,0.6475172137037513,-0.15752691434234717,-0.17953962480540778,-0.16657226469553213,-0.07205628352785283,-0.570329500224504,-0.12708214194383724
1mwy5jl,test,-0.6862330104567235,-0.15752691434234717,-0.17953962480540778,-0.16657226469553213,-0.07205628352785283,-0.570329500224504,-0.12708214194383724
1n3x9ye,test,0.23359473034360395,-0.15752691434234717,-0.17953962480540778,-0.16657226469553213,-0.07205628352785283,0.1797777772446806,-0.12708214194383724
1n26kud,test,0.6475172137037513,-0.15752691434234717,-0.17953962480540778,-0.16657226469553213,-0.07205628352785283,0.1797777772446806,-0.12708214194383724
1mxciw8,test,-0.6977308572167276,-0.15752691434234717,-0.17953962480540778,-0.16657226469553213,-0.07205628352785283,-0.570329500224504,-0.12708214194383724
1n3p33e,test,0.23359473034360395,-0.15752691434234717,-0.17953962480540778,-0.16657226469553213,-0.07205628352785283,-0.570329500224504,-0.12708214194383724
1n3md2i,test,-1.146146880856887,-0.15752691434234717,-0.17953962480540778,-0.16657226469553213,-0.07205628352785283,-0.570329500224504,-0.12708214194383724
1n3ygx4,test,-0.20211314687760387,-0.15752691434234717,-0.17953962480540778,-0.16657226469553213,-0.07205628352785283,0.1797777772446806,-0.12708214194383724
1n1zg62,test,-0.8723050343590798,-0.15752691434234717,-0.17953962480540778,-0.16657226469553213,-0.07205628352785283,0.1797777772446806,-0.12708214194383724
1my2d76,test,-1.146146880856887,-0.15752691434234717,-0.17953962480540778,-0.16657226469553213,-0.07205628352785283,-0.570329500224504,-0.12708214194383724
1n1mh86,test,0.8468132242104887,-0.15752691434234717,-0.17953962480540778,-0.16657226469553213,-0.07205628352785283,0.9298850547138652,-0.12708214194383724
1n40wdf,test,1.245405245223964,-0.15752691434234717,-0.17953962480540778,-0.16657226469553213,-0.07205628352785283,-0.570329500224504,-0.12708214194383724
1n0sm95,test,-0.3662929267000879,-0.15752691434234717,-0.17953962480540778,-0.16657226469553213,-0.07205628352785283,0.1797777772446806,-0.12708214194383724
1n0f0r7,test,-0.48182684583442853,-0.15752691434234717,-0.17953962480540778,-0.16657226469553213,-0.07205628352785283,-0.570329500224504,-0.12708214194383724
1n0lpbx,test,0.6475172137037513,-0.15752691434234717,-0.17953962480540778,5.59206888620715,-0.07205628352785283,-0.570329500224504,-0.12708214194383724
1mwsg0q,test,0.6475172137037513,-0.15752691434234717,-0.17953962480540778,-0.16657226469553213,-0.07205628352785283,-0.570329500224504,-0.12708214194383724
1mxbbct,test,2.44118130826439,-0.15752691434234717,-0.17953962480540778,-0.16657226469553213,-0.07205628352785283,0.1797777772446806,-0.12708214194383724
1mx0pwd,test,1.245405245223964,-0.15752691434234717,-0.17953962480540778,-0.16657226469553213,-0.07205628352785283,0.1797777772446806,-0.12708214194383724
1mvxox8,test,-1.146146880856887,-0.15752691434234717,-0.17953962480540778,-0.16657226469553213,-0.07205628352785283,-0.570329500224504,-0.12708214194383724
1mx5tca,test,0.4844568414709659,-0.15752691434234717,-0.17953962480540778,-0.16657226469553213,-0.07205628352785283,0.1797777772446806,-0.12708214194383724
1mvqnm3,test,-0.24931483357656795,-0.15752691434234717,-0.17953962480540778,-0.16657226469553213,-0.07205628352785283,0.1797777772446806,-0.12708214194383724
1mvmtvf,test,0.23359473034360395,-0.15752691434234717,-0.17953962480540778,-0.16657226469553213,-0.07205628352785283,0.1797777772446806,-0.12708214194383724
1n2fdxl,test,-0.9792944069442696,-0.15752691434234717,-0.17953962480540778,-0.16657226469553213,-0.07205628352785283,2.4300996096522347,-0.12708214194383724
1n0ra9s,test,1.8432932767441765,-0.15752691434234717,-0.17953962480540778,-0.16657226469553213,-0.07205628352785283,0.1797777772446806,-0.12708214194383724
1n3dyec,test,0.4844568414709659,-0.15752691434234717,-0.17953962480540778,-0.16657226469553213,-0.07205628352785283,0.9298850547138652,-0.12708214194383724
1n0gnds,test,0.6475172137037513,-0.15752691434234717,-0.17953962480540778,-0.16657226469553213,-0.07205628352785283,-0.570329500224504,-0.12708214194383724
1mv6rgr,test,-1.0319007601842352,-0.15752691434234717,-0.17953962480540778,-0.16657226469553213,-0.07205628352785283,0.1797777772446806,-0.12708214194383724
1mxmc04,test,-0.09105035464474698,-0.15752691434234717,-0.17953962480540778,-0.16657226469553213,-0.07205628352785283,0.1797777772446806,-0.12708214194383724
1mxn9l6,test,0.04962918218353839,-0.15752691434234717,-0.17953962480540778,-0.16657226469553213,-0.07205628352785283,0.1797777772446806,-0.12708214194383724
1n3ze1l,test,-1.0714108769168607,-0.15752691434234717,-0.17953962480540778,-0.16657226469553213,-0.07205628352785283,-0.570329500224504,-0.12708214194383724
1n1jd0k,test,0.23359473034360395,-0.15752691434234717,-0.17953962480540778,-0.16657226469553213,-0.07205628352785283,-0.570329500224504,-0.12708214194383724
1n0f6gi,test,-0.9511833923176873,-0.15752691434234717,-0.17953962480540778,-0.16657226469553213,-0.07205628352785283,0.9298850547138652,-0.12708214194383724
1ms5644,test,0.4844568414709659,-0.15752691434234717,-0.17953962480540778,-0.16657226469553213,-0.07205628352785283,0.1797777772446806,-0.12708214194383724
1mqak9v,test,-1.146146880856887,-0.15752691434234717,-0.17953962480540778,-0.16657226469553213,-0.07205628352785283,-0.570329500224504,-0.12708214194383724
1mqqwys,test,-1.146146880856887,-0.15752691434234717,-0.17953962480540778,-0.16657226469553213,-0.07205628352785283,-0.570329500224504,-0.12708214194383724
1mqxp6w,test,-0.6026123067476028,-0.15752691434234717,-0.17953962480540778,-0.16657226469553213,-0.07205628352785283,-0.570329500224504,-0.12708214194383724
1mrncpi,test,0.8468132242104887,-0.15752691434234717,-0.17953962480540778,-0.16657226469553213,-0.07205628352785283,-0.570329500224504,-0.12708214194383724
1mrydyp,test,-1.146146880856887,-0.15752691434234717,-0.17953962480540778,-0.16657226469553213,-0.07205628352785283,-0.570329500224504,-0.12708214194383724
1nhy73t,test,-0.9423214155659054,-0.15752691434234717,-0.17953962480540778,-0.16657226469553213,-0.07205628352785283,-0.570329500224504,6.023693528137884
1mimalb,test,-0.5942502363766907,-0.15752691434234717,-0.17953962480540778,-0.16657226469553213,-0.07205628352785283,0.1797777772446806,-0.12708214194383724
1n7d0kl,test,-0.09105035464474698,-0.15752691434234717,-0.17953962480540778,-0.16657226469553213,-0.07205628352785283,0.1797777772446806,-0.12708214194383724
1n954q2,test,-0.505552561370945,-0.15752691434234717,-0.17953962480540778,-0.16657226469553213,-0.07205628352785283,0.1797777772446806,-0.12708214194383724
1n6nu9o,test,-0.025106821756488196,-0.15752691434234717,-0.17953962480540778,-0.16657226469553213,-0.07205628352785283,0.9298850547138652,-0.12708214194383724
1ninyq2,test,0.23359473034360395,-0.15752691434234717,-0.17953962480540778,-0.16657226469553213,-0.07205628352785283,-0.570329500224504,-0.12708214194383724
1njafux,test,0.28878439479162354,-0.15752691434234717,-0.17953962480540778,-0.16657226469553213,-0.07205628352785283,0.1797777772446806,-0.12708214194383724
1nckpme,test,0.8468132242104887,-0.15752691434234717,-0.17953962480540778,-0.16657226469553213,-0.07205628352785283,0.1797777772446806,-0.12708214194383724
1nd4qd2,test,0.1350417581149973,-0.15752691434234717,-0.17953962480540778,-0.16657226469553213,-0.07205628352785283,0.1797777772446806,-0.12708214194383724
1ncogom,test,-0.39878684145662124,-0.15752691434234717,-0.17953962480540778,-0.16657226469553213,-0.07205628352785283,-0.570329500224504,-0.12708214194383724
1nc69ss,test,0.6475172137037513,-0.15752691434234717,-0.17953962480540778,-0.16657226469553213,-0.07205628352785283,0.9298850547138652,-0.12708214194383724
1nbfia7,test,0.4844568414709659,-0.15752691434234717,-0.17953962480540778,-0.16657226469553213,-0.07205628352785283,-0.570329500224504,-0.12708214194383724
1n5m9m3,test,0.23359473034360395,-0.15752691434234717,-0.17953962480540778,-0.16657226469553213,-0.07205628352785283,-0.570329500224504,-0.12708214194383724
1n9x9m4,test,-0.3662929267000879,-0.15752691434234717,-0.17953962480540778,-0.16657226469553213,-0.07205628352785283,-0.570329500224504,-0.12708214194383724
1nflale,test,1.4162303970868817,-0.15752691434234717,-0.17953962480540778,-0.16657226469553213,-0.07205628352785283,0.1797777772446806,-0.12708214194383724
1n4gvki,test,-1.146146880856887,-0.15752691434234717,-0.17953962480540778,-0.16657226469553213,-0.07205628352785283,-0.570329500224504,-0.12708214194383724
1n7e1sh,test,0.4844568414709659,-0.15752691434234717,-0.17953962480540778,-0.16657226469553213,-0.07205628352785283,-0.570329500224504,-0.12708214194383724
1n8s08n,test,2.115060563798819,-0.15752691434234717,-0.17953962480540778,-0.16657226469553213,-0.07205628352785283,0.1797777772446806,-0.12708214194383724
1n8eydj,test,-1.146146880856887,-0.15752691434234717,-0.17953962480540778,-0.16657226469553213,-0.07205628352785283,-0.570329500224504,-0.12708214194383724
1n8l2zr,test,-1.146146880856887,-0.15752691434234717,-0.17953962480540778,-0.16657226469553213,-0.07205628352785283,-0.570329500224504,-0.12708214194383724
1n8laad,test,1.4162303970868817,-0.15752691434234717,-0.17953962480540778,-0.16657226469553213,-0.07205628352785283,0.1797777772446806,-0.12708214194383724
1n9fjss,test,0.04962918218353839,-0.15752691434234717,-0.17953962480540778,-0.16657226469553213,-0.07205628352785283,0.1797777772446806,-0.12708214194383724
1n9a0vt,test,-1.146146880856887,-0.15752691434234717,-0.17953962480540778,-0.16657226469553213,-0.07205628352785283,-0.570329500224504,-0.12708214194383724
1n9h0s6,test,0.04962918218353839,-0.15752691434234717,-0.17953962480540778,-0.16657226469553213,-0.07205628352785283,-0.570329500224504,-0.12708214194383724
1n98yfi,test,-1.146146880856887,-0.15752691434234717,-0.17953962480540778,-0.16657226469553213,-0.07205628352785283,-0.570329500224504,-0.12708214194383724
1n91n38,test,0.23359473034360395,-0.15752691434234717,-0.17953962480540778,-0.16657226469553213,-0.07205628352785283,-0.570329500224504,-0.12708214194383724
1n98sh7,test,0.23359473034360395,-0.15752691434234717,-0.17953962480540778,-0.16657226469553213,-0.07205628352785283,-0.570329500224504,-0.12708214194383724
1n94iku,test,-1.146146880856887,-0.15752691434234717,-0.17953962480540778,-0.16657226469553213,-0.07205628352785283,-0.570329500224504,-0.12708214194383724
1n6jbsd,test,2.44118130826439,-0.15752691434234717,-0.17953962480540778,-0.16657226469553213,-0.07205628352785283,0.1797777772446806,-0.12708214194383724
1n6isge,test,0.4844568414709659,-0.15752691434234717,-0.17953962480540778,-0.16657226469553213,-0.07205628352785283,0.1797777772446806,-0.12708214194383724
1n6tjl8,test,0.3485731979436447,-0.15752691434234717,-0.17953962480540778,-0.16657226469553213,-0.07205628352785283,0.1797777772446806,-0.12708214194383724
1n6ewn3,test,-0.4286812430326318,-0.15752691434234717,-0.17953962480540778,-0.16657226469553213,-0.07205628352785283,-0.570329500224504,-0.12708214194383724
1n6tmya,test,0.3485731979436447,4.761378023831591,3.598598566751869,-0.16657226469553213,-0.07205628352785283,-0.570329500224504,-0.12708214194383724
1n6h3qc,test,0.4844568414709659,-0.15752691434234717,-0.17953962480540778,-0.16657226469553213,-0.07205628352785283,-0.570329500224504,-0.12708214194383724
1n6paes,test,0.23359473034360395,-0.15752691434234717,-0.17953962480540778,-0.16657226469553213,-0.07205628352785283,-0.570329500224504,-0.12708214194383724
1n6qrba,test,-1.146146880856887,-0.15752691434234717,-0.17953962480540778,-0.16657226469553213,-0.07205628352785283,-0.570329500224504,-0.12708214194383724
1ne4ie6,test,1.4162303970868817,-0.15752691434234717,-0.17953962480540778,-0.16657226469553213,-0.07205628352785283,0.1797777772446806,-0.12708214194383724
1nedsmc,test,1.4162303970868817,-0.15752691434234717,-0.17953962480540778,-0.16657226469553213,-0.07205628352785283,0.1797777772446806,-0.12708214194383724
1nefh06,test,-0.6862330104567235,-0.15752691434234717,-0.17953962480540778,-0.16657226469553213,-0.07205628352785283,0.1797777772446806,-0.12708214194383724
1nirfhg,test,0.6475172137037513,-0.15752691434234717,-0.17953962480540778,-0.16657226469553213,-0.07205628352785283,0.1797777772446806,-0.12708214194383724
1ni9zl1,test,1.8432932767441765,-0.15752691434234717,-0.17953962480540778,-0.16657226469553213,-0.07205628352785283,0.1797777772446806,-0.12708214194383724
1nifd02,test,-1.146146880856887,-0.15752691434234717,-0.17953962480540778,-0.16657226469553213,-0.07205628352785283,-0.570329500224504,-0.12708214194383724
1nicvxs,test,-0.09105035464474698,-0.15752691434234717,-0.17953962480540778,-0.16657226469553213,-0.07205628352785283,0.9298850547138652,-0.12708214194383724
1nilfao,test,0.3485731979436447,-0.15752691434234717,-0.17953962480540778,-0.16657226469553213,-0.07205628352785283,-0.570329500224504,-0.12708214194383724
1niviph,test,1.0959332373439108,-0.15752691434234717,-0.17953962480540778,-0.16657226469553213,-0.07205628352785283,0.1797777772446806,-0.12708214194383724
1nird29,test,-1.146146880856887,-0.15752691434234717,-0.17953962480540778,-0.16657226469553213,-0.07205628352785283,-0.570329500224504,-0.12708214194383724
1nif3u0,test,2.44118130826439,-0.15752691434234717,-0.17953962480540778,-0.16657226469553213,-0.07205628352785283,0.1797777772446806,-0.12708214194383724
1nj91mo,test,-1.146146880856887,-0.15752691434234717,-0.17953962480540778,-0.16657226469553213,-0.07205628352785283,-0.570329500224504,-0.12708214194383724
1njpn8e,test,1.8432932767441765,-0.15752691434234717,-0.17953962480540778,-0.16657226469553213,-0.07205628352785283,0.1797777772446806,-0.12708214194383724
1njam4d,test,0.1350417581149973,-0.15752691434234717,-0.17953962480540778,-0.16657226469553213,-0.07205628352785283,0.1797777772446806,-0.12708214194383724
1njefac,test,-0.20211314687760387,-0.15752691434234717,-0.17953962480540778,-0.16657226469553213,-0.07205628352785283,0.1797777772446806,-0.12708214194383724
1nduqj2,test,0.4844568414709659,-0.15752691434234717,-0.17953962480540778,-0.16657226469553213,-0.07205628352785283,0.1797777772446806,-0.12708214194383724
1nd69hu,test,-1.146146880856887,-0.15752691434234717,-0.17953962480540778,-0.16657226469553213,-0.07205628352785283,-0.570329500224504,-0.12708214194383724
1ndb9a8,test,-1.146146880856887,-0.15752691434234717,-0.17953962480540778,-0.16657226469553213,-0.07205628352785283,-0.570329500224504,-0.12708214194383724
1ndmkxq,test,1.4162303970868817,-0.15752691434234717,-0.17953962480540778,-0.16657226469553213,-0.07205628352785283,0.1797777772446806,-0.12708214194383724
1ndmbat,test,0.1350417581149973,-0.15752691434234717,-0.17953962480540778,-0.16657226469553213,-0.07205628352785283,0.1797777772446806,-0.12708214194383724
1ndt8pg,test,-0.14966682832319925,-0.15752691434234717,-0.17953962480540778,-0.16657226469553213,-0.07205628352785283,0.1797777772446806,-0.12708214194383724
1nd7w72,test,0.04962918218353839,-0.15752691434234717,-0.17953962480540778,-0.16657226469553213,-0.07205628352785283,0.1797777772446806,-0.12708214194383724
1ndecpe,test,-1.146146880856887,-0.15752691434234717,-0.17953962480540778,-0.16657226469553213,-0.07205628352785283,-0.570329500224504,-0.12708214194383724
1ndjc6p,test,1.0959332373439108,-0.15752691434234717,-0.17953962480540778,-0.16657226469553213,-0.07205628352785283,0.1797777772446806,-0.12708214194383724
1naw5hz,test,0.6475172137037513,-0.15752691434234717,-0.17953962480540778,-0.16657226469553213,-0.07205628352785283,-0.570329500224504,-0.12708214194383724
1narvkw,test,0.6475172137037513,-0.15752691434234717,-0.17953962480540778,-0.16657226469553213,-0.07205628352785283,0.1797777772446806,-0.12708214194383724
1nb0r40,test,0.8468132242104887,-0.15752691434234717,-0.17953962480540778,-0.16657226469553213,-0.07205628352785283,0.1797777772446806,-0.12708214194383724
1nb2eq9,test,0.6475172137037513,-0.15752691434234717,-0.17953962480540778,-0.16657226469553213,-0.07205628352785283,0.1797777772446806,-0.12708214194383724
1nci86l,test,0.6475172137037513,-0.15752691434234717,-0.17953962480540778,-0.16657226469553213,-0.07205628352785283,-0.570329500224504,-0.12708214194383724
1nctqbj,test,-0.39878684145662124,-0.15752691434234717,-0.17953962480540778,-0.16657226469553213,-0.07205628352785283,0.1797777772446806,-0.12708214194383724
1nc2z09,test,-1.146146880856887,-0.15752691434234717,-0.17953962480540778,-0.16657226469553213,-0.07205628352785283,-0.570329500224504,-0.12708214194383724
1nbzrwk,test,0.4844568414709659,-0.15752691434234717,-0.17953962480540778,-0.16657226469553213,-0.07205628352785283,0.1797777772446806,-0.12708214194383724
1nbn3oj,test,0.3485731979436447,-0.15752691434234717,-0.17953962480540778,-0.16657226469553213,-0.07205628352785283,0.1797777772446806,-0.12708214194383724
1nbvuwc,test,0.1350417581149973,-0.15752691434234717,-0.17953962480540778,-0.16657226469553213,-0.07205628352785283,0.1797777772446806,-0.12708214194383724
1nbvqt8,test,1.0959332373439108,-0.15752691434234717,-0.17953962480540778,-0.16657226469553213,-0.07205628352785283,-0.570329500224504,-0.12708214194383724
1n5qsr5,test,-1.146146880856887,-0.15752691434234717,-0.17953962480540778,-0.16657226469553213,-0.07205628352785283,-0.570329500224504,-0.12708214194383724
1na957j,test,0.04962918218353839,-0.15752691434234717,-0.17953962480540778,-0.16657226469553213,-0.07205628352785283,-0.570329500224504,-0.12708214194383724
1n9v3dk,test,0.23359473034360395,-0.15752691434234717,-0.17953962480540778,-0.16657226469553213,-0.07205628352785283,0.1797777772446806,-0.12708214194383724
1n9re19,test,1.8432932767441765,-0.15752691434234717,-0.17953962480540778,-0.16657226469553213,-0.07205628352785283,0.1797777772446806,-0.12708214194383724
1na5mm2,test,0.3485731979436447,-0.15752691434234717,-0.17953962480540778,-0.16657226469553213,-0.07205628352785283,-0.570329500224504,-0.12708214194383724
1nae1hc,test,-0.29202112154229753,-0.15752691434234717,-0.17953962480540778,-0.16657226469553213,-0.07205628352785283,0.1797777772446806,-0.12708214194383724
1nhujnk,test,0.1350417581149973,-0.15752691434234717,-0.17953962480540778,-0.16657226469553213,-0.07205628352785283,0.1797777772446806,-0.12708214194383724
1nf1ofz,test,-1.146146880856887,-0.15752691434234717,-0.17953962480540778,-0.16657226469553213,-0.07205628352785283,-0.570329500224504,-0.12708214194383724
1nez75x,test,-0.5482588493366743,-0.15752691434234717,-0.17953962480540778,-0.16657226469553213,-0.07205628352785283,0.9298850547138652,-0.12708214194383724
1nfag0t,test,3.338013355544709,-0.15752691434234717,-0.17953962480540778,-0.16657226469553213,-0.07205628352785283,0.1797777772446806,-0.12708214194383724
1nfsrko,test,0.23359473034360395,-0.15752691434234717,-0.17953962480540778,-0.16657226469553213,-0.07205628352785283,0.1797777772446806,-0.12708214194383724
1ng8dzr,test,0.6475172137037513,-0.15752691434234717,-0.17953962480540778,-0.16657226469553213,-0.07205628352785283,0.1797777772446806,-0.12708214194383724
1nfunlc,test,0.23359473034360395,-0.15752691434234717,-0.17953962480540778,-0.16657226469553213,-0.07205628352785283,0.1797777772446806,-0.12708214194383724
1ngr3r7,test,0.8468132242104887,-0.15752691434234717,-0.17953962480540778,-0.16657226469553213,-0.07205628352785283,-0.570329500224504,-0.12708214194383724
1n524mk,test,-0.09105035464474698,-0.15752691434234717,-0.17953962480540778,-0.16657226469553213,-0.07205628352785283,-0.570329500224504,-0.12708214194383724
1n573nd,test,-0.39878684145662124,-0.15752691434234717,-0.17953962480540778,-0.16657226469553213,-0.07205628352785283,0.1797777772446806,-0.12708214194383724
1n4a8nw,test,0.8468132242104887,-0.15752691434234717,-0.17953962480540778,-0.16657226469553213,-0.07205628352785283,0.1797777772446806,-0.12708214194383724
1ne7j9v,test,1.0959332373439108,-0.15752691434234717,-0.17953962480540778,-0.16657226469553213,-0.07205628352785283,0.1797777772446806,-0.12708214194383724
1nelzc3,test,-0.5276420206635636,-0.15752691434234717,-0.17953962480540778,-0.16657226469553213,-0.07205628352785283,0.9298850547138652,-0.12708214194383724
1nem7e6,test,-0.9566753215723127,-0.15752691434234717,-0.17953962480540778,-0.16657226469553213,-0.07205628352785283,0.1797777772446806,-0.12708214194383724
1neftmf,test,-0.025106821756488196,-0.15752691434234717,-0.17953962480540778,-0.16657226469553213,-0.07205628352785283,-0.570329500224504,-0.12708214194383724
1ne4fz6,test,-0.505552561370945,-0.15752691434234717,-0.17953962480540778,-0.16657226469553213,-0.07205628352785283,0.1797777772446806,-0.12708214194383724
1nibeql,test,-0.6336714252681335,-0.15752691434234717,-0.17953962480540778,-0.16657226469553213,-0.07205628352785283,0.9298850547138652,-0.12708214194383724
1nirter,test,1.2997587026348922,-0.15752691434234717,3.598598566751869,-0.16657226469553213,-0.07205628352785283,0.1797777772446806,-0.12708214194383724
1nihv2k,test,-0.8568462204438809,-0.15752691434234717,-0.17953962480540778,-0.16657226469553213,-0.07205628352785283,-0.570329500224504,-0.12708214194383724
1nikn67,test,0.04962918218353839,-0.15752691434234717,-0.17953962480540778,-0.16657226469553213,-0.07205628352785283,0.1797777772446806,-0.12708214194383724
1nii41n,test,-0.9881148020409719,-0.15752691434234717,-0.17953962480540778,-0.16657226469553213,-0.07205628352785283,0.1797777772446806,-0.12708214194383724
1nibfqs,test,-1.146146880856887,-0.15752691434234717,-0.17953962480540778,-0.16657226469553213,-0.07205628352785283,-0.570329500224504,-0.12708214194383724
1njb1ni,test,-0.9326154410282398,-0.15752691434234717,-0.17953962480540778,-0.16657226469553213,-0.07205628352785283,0.1797777772446806,-0.12708214194383724
1njcvyp,test,-0.9874155450550608,-0.15752691434234717,-0.17953962480540778,-0.16657226469553213,-0.07205628352785283,0.1797777772446806,-0.12708214194383724
1njhwo0,test,0.8468132242104887,-0.15752691434234717,-0.17953962480540778,-0.16657226469553213,-0.07205628352785283,0.1797777772446806,-0.12708214194383724
1njddp4,test,-0.9409221560787822,-0.15752691434234717,-0.17953962480540778,-0.16657226469553213,-0.07205628352785283,0.1797777772446806,-0.12708214194383724
1njit8e,test,-0.9405693342023728,-0.15752691434234717,-0.17953962480540778,-0.16657226469553213,-0.07205628352785283,0.1797777772446806,-0.12708214194383724
1nd70x5,test,-0.8970268677234652,-0.15752691434234717,-0.17953962480540778,-0.16657226469553213,-0.07205628352785283,-0.570329500224504,-0.12708214194383724
1ndi26r,test,-0.09105035464474698,-0.15752691434234717,-0.17953962480540778,-0.16657226469553213,-0.07205628352785283,-0.570329500224504,-0.12708214194383724
1ndee5b,test,-1.0527268759318538,-0.15752691434234717,-0.17953962480540778,-0.16657226469553213,-0.07205628352785283,1.6799923321830499,-0.12708214194383724
1naogof,test,1.0959332373439108,-0.15752691434234717,-0.17953962480540778,-0.16657226469553213,-0.07205628352785283,0.1797777772446806,-0.12708214194383724
1nchgmd,test,-0.859160625727185,-0.15752691434234717,-0.17953962480540778,-0.16657226469553213,-0.07205628352785283,-0.570329500224504,-0.12708214194383724
1ncgzxa,test,0.8468132242104887,-0.15752691434234717,-0.17953962480540778,-0.16657226469553213,-0.07205628352785283,0.1797777772446806,-0.12708214194383724
1nc8va5,test,-0.8077196932039366,-0.15752691434234717,3.598598566751869,-0.16657226469553213,-0.07205628352785283,0.1797777772446806,-0.12708214194383724
1nbjfs9,test,-1.146146880856887,-0.15752691434234717,-0.17953962480540778,-0.16657226469553213,-0.07205628352785283,-0.570329500224504,-0.12708214194383724
1nbprn1,test,1.4162303970868817,-0.15752691434234717,-0.17953962480540778,-0.16657226469553213,-0.07205628352785283,0.1797777772446806,-0.12708214194383724
1nhuxay,test,-0.7562199037784875,-0.15752691434234717,-0.17953962480540778,-0.16657226469553213,-0.07205628352785283,0.1797777772446806,-0.12708214194383724
1ni7b0d,test,-1.015222494392607,-0.15752691434234717,-0.17953962480540778,-0.16657226469553213,-0.07205628352785283,2.4300996096522347,-0.12708214194383724
1nfbzja,test,-0.7672037622877382,-0.15752691434234717,-0.17953962480540778,-0.16657226469553213,-0.07205628352785283,0.1797777772446806,-0.12708214194383724
1nf6lnv,test,-0.5276420206635636,-0.15752691434234717,-0.17953962480540778,-0.16657226469553213,-0.07205628352785283,0.1797777772446806,-0.12708214194383724
1nfp6es,test,-0.20211314687760387,-0.15752691434234717,-0.17953962480540778,-0.16657226469553213,-0.07205628352785283,0.1797777772446806,-0.12708214194383724
1nfy0jz,test,-0.7562199037784875,-0.15752691434234717,-0.17953962480540778,-0.16657226469553213,-0.07205628352785283,0.1797777772446806,-0.12708214194383724
1nasvya,test,3.9786076750306507,-0.15752691434234717,-0.17953962480540778,-0.16657226469553213,-0.07205628352785283,0.1797777772446806,-0.12708214194383724
1ngbhha,test,-0.7290156960753433,-0.15752691434234717,-0.17953962480540778,-0.16657226469553213,-0.07205628352785283,0.1797777772446806,-0.12708214194383724
1n9aaer,test,1.0959332373439108,-0.15752691434234717,-0.17953962480540778,-0.16657226469553213,-0.07205628352785283,0.1797777772446806,-0.12708214194383724
1n73fgy,test,0.3485731979436447,-0.15752691434234717,-0.17953962480540778,-0.16657226469553213,-0.07205628352785283,0.1797777772446806,-0.12708214194383724
1n6ru58,test,-1.146146880856887,-0.15752691434234717,-0.17953962480540778,-0.16657226469553213,-0.07205628352785283,-0.570329500224504,-0.12708214194383724
1ne5tpg,test,-1.146146880856887,-0.15752691434234717,-0.17953962480540778,-0.16657226469553213,-0.07205628352785283,-0.570329500224504,-0.12708214194383724
1neh6fg,test,-1.146146880856887,-0.15752691434234717,-0.17953962480540778,-0.16657226469553213,-0.07205628352785283,-0.570329500224504,-0.12708214194383724
1n7aryr,test,-0.576729707980494,-0.15752691434234717,-0.17953962480540778,-0.16657226469553213,-0.07205628352785283,-0.570329500224504,-0.12708214194383724
1n8tz3u,test,-1.146146880856887,-0.15752691434234717,-0.17953962480540778,-0.16657226469553213,-0.07205628352785283,-0.570329500224504,-0.12708214194383724
1n8m14t,test,-0.775043964740893,-0.15752691434234717,-0.17953962480540778,5.59206888620715,-0.07205628352785283,0.1797777772446806,-0.12708214194383724
1n9pw7o,test,-1.146146880856887,-0.15752691434234717,-0.17953962480540778,-0.16657226469553213,-0.07205628352785283,-0.570329500224504,-0.12708214194383724
1n6s0vb,test,-0.930042773078497,-0.15752691434234717,-0.17953962480540778,-0.16657226469553213,-0.07205628352785283,-0.570329500224504,-0.12708214194383724
1n6pu8u,test,-1.146146880856887,-0.15752691434234717,-0.17953962480540778,-0.16657226469553213,-0.07205628352785283,-0.570329500224504,-0.12708214194383724
1n6qk3s,test,-0.76451622243973,-0.15752691434234717,-0.17953962480540778,-0.16657226469553213,-0.07205628352785283,0.1797777772446806,-0.12708214194383724
1ncjryh,test,-0.6741300138672455,-0.15752691434234717,-0.17953962480540778,-0.16657226469553213,-0.07205628352785283,-0.570329500224504,-0.12708214194383724
1n68dhc,test,-1.146146880856887,-0.15752691434234717,-0.17953962480540778,-0.16657226469553213,-0.07205628352785283,-0.570329500224504,-0.12708214194383724
1na6r24,test,-1.0436517897391364,-0.15752691434234717,-0.17953962480540778,-0.16657226469553213,-0.07205628352785283,0.1797777772446806,-0.12708214194383724
1na31du,test,-1.0681614854412071,-0.15752691434234717,-0.17953962480540778,-0.16657226469553213,-0.07205628352785283,-0.570329500224504,-0.12708214194383724
1ni5d24,test,-0.978514722486734,-0.15752691434234717,-0.17953962480540778,-0.16657226469553213,-0.07205628352785283,-0.570329500224504,-0.12708214194383724
1nhww85,test,0.8468132242104887,-0.15752691434234717,-0.17953962480540778,-0.16657226469553213,-0.07205628352785283,0.9298850547138652,-0.12708214194383724
1nhpm6x,test,-1.146146880856887,-0.15752691434234717,-0.17953962480540778,-0.16657226469553213,-0.07205628352785283,-0.570329500224504,-0.12708214194383724
1ni18qv,test,-0.409024650215529,-0.15752691434234717,-0.17953962480540778,-0.16657226469553213,-0.07205628352785283,-0.570329500224504,-0.12708214194383724
1n4u1qq,test,-0.8139868633456578,-0.15752691434234717,-0.17953962480540778,-0.16657226469553213,-0.07205628352785283,3.180206887121419,-0.12708214194383724
1n4w7bj,test,-0.7504856835273345,-0.15752691434234717,-0.17953962480540778,-0.16657226469553213,-0.07205628352785283,3.930314164590604,-0.12708214194383724
1n44yhl,test,-0.9753217289939692,-0.15752691434234717,-0.17953962480540778,-0.16657226469553213,-0.07205628352785283,-0.570329500224504,-0.12708214194383724
1n7jpmd,test,-0.3308450196929606,-0.15752691434234717,-0.17953962480540778,-0.16657226469553213,-0.07205628352785283,-0.570329500224504,-0.12708214194383724
1n8syrd,test,-0.4562760752566416,-0.15752691434234717,-0.17953962480540778,-0.16657226469553213,-0.07205628352785283,0.1797777772446806,-0.12708214194383724
1n88yn1,test,-1.146146880856887,-0.15752691434234717,-0.17953962480540778,-0.16657226469553213,-0.07205628352785283,-0.570329500224504,-0.12708214194383724
1n9fsu4,test,0.6475172137037513,-0.15752691434234717,-0.17953962480540778,-0.16657226469553213,-0.07205628352785283,-0.570329500224504,-0.12708214194383724
1nen45w,test,0.8468132242104887,-0.15752691434234717,-0.17953962480540778,-0.16657226469553213,-0.07205628352785283,-0.570329500224504,-0.12708214194383724
1ne874g,test,-0.09105035464474698,-0.15752691434234717,-0.17953962480540778,-0.16657226469553213,-0.07205628352785283,0.1797777772446806,-0.12708214194383724
1nijiz7,test,0.3485731979436447,-0.15752691434234717,-0.17953962480540778,-0.16657226469553213,-0.07205628352785283,-0.570329500224504,-0.12708214194383724
1nizjbi,test,1.613336341544095,-0.15752691434234717,-0.17953962480540778,-0.16657226469553213,-0.07205628352785283,0.1797777772446806,-0.12708214194383724
1njfhkd,test,-0.3662929267000879,-0.15752691434234717,-0.17953962480540778,-0.16657226469553213,-0.07205628352785283,0.1797777772446806,-0.12708214194383724
1njblbt,test,-1.146146880856887,-0.15752691434234717,-0.17953962480540778,-0.16657226469553213,-0.07205628352785283,-0.570329500224504,-0.12708214194383724
1njcfii,test,4.2348454028250275,-0.15752691434234717,-0.17953962480540778,-0.16657226469553213,-0.07205628352785283,0.1797777772446806,-0.12708214194383724
1ndo4n3,test,0.8468132242104887,-0.15752691434234717,-0.17953962480540778,-0.16657226469553213,-0.07205628352785283,-0.570329500224504,-0.12708214194383724
1ndhdhb,test,0.04962918218353839,4.761378023831591,3.598598566751869,-0.16657226469553213,-0.07205628352785283,-0.570329500224504,-0.12708214194383724
1naqo43,test,-0.14966682832319925,-0.15752691434234717,-0.17953962480540778,-0.16657226469553213,-0.07205628352785283,-0.570329500224504,6.023693528137884
1ncj1v4,test,-0.874379593802245,-0.15752691434234717,-0.17953962480540778,-0.16657226469553213,-0.07205628352785283,-0.570329500224504,-0.12708214194383724
1n5siza,test,0.4844568414709659,-0.15752691434234717,-0.17953962480540778,-0.16657226469553213,-0.07205628352785283,-0.570329500224504,-0.12708214194383724
1na1q8g,test,-0.9753217289939692,-0.15752691434234717,-0.17953962480540778,-0.16657226469553213,-0.07205628352785283,0.1797777772446806,-0.12708214194383724
1nglvjj,test,-0.5482588493366743,-0.15752691434234717,-0.17953962480540778,-0.16657226469553213,-0.07205628352785283,0.1797777772446806,-0.12708214194383724
1n484lr,test,0.4844568414709659,-0.15752691434234717,-0.17953962480540778,-0.16657226469553213,-0.07205628352785283,-0.570329500224504,-0.12708214194383724
1kkfjn0,test,-0.8568462204438809,-0.15752691434234717,-0.17953962480540778,-0.16657226469553213,-0.07205628352785283,-0.570329500224504,-0.12708214194383724
1lpqrkh,test,-1.0453792350950535,-0.15752691434234717,-0.17953962480540778,-0.16657226469553213,-0.07205628352785283,-0.570329500224504,-0.12708214194383724
1mb7qot,test,-0.9468508703501495,-0.15752691434234717,-0.17953962480540778,-0.16657226469553213,-0.07205628352785283,-0.570329500224504,-0.12708214194383724
1mj2c7a,test,1.4162303970868817,-0.15752691434234717,-0.17953962480540778,-0.16657226469553213,-0.07205628352785283,-0.570329500224504,-0.12708214194383724
1mx8y7f,test,-0.8935181351441212,-0.15752691434234717,-0.17953962480540778,-0.16657226469553213,-0.07205628352785283,0.9298850547138652,-0.12708214194383724
1lcs2t2,test,0.6475172137037513,-0.15752691434234717,-0.17953962480540778,-0.16657226469553213,-0.07205628352785283,0.1797777772446806,-0.12708214194383724
1l35ozi,test,0.4844568414709659,-0.15752691434234717,-0.17953962480540778,-0.16657226469553213,-0.07205628352785283,-0.570329500224504,-0.12708214194383724
1lfluxv,test,-0.7504856835273345,-0.15752691434234717,-0.17953962480540778,-0.16657226469553213,-0.07205628352785283,2.4300996096522347,-0.12708214194383724
1ljm719,test,-0.5222637175314477,-0.15752691434234717,-0.17953962480540778,-0.16657226469553213,-0.07205628352785283,0.9298850547138652,-0.12708214194383724
1lhocqt,test,-0.6977308572167276,-0.15752691434234717,-0.17953962480540778,-0.16657226469553213,-0.07205628352785283,-0.570329500224504,-0.12708214194383724
1n919bv,test,-0.9101384473620663,-0.15752691434234717,-0.17953962480540778,-0.16657226469553213,-0.07205628352785283,-0.570329500224504,-0.12708214194383724
1n992pw,test,0.6475172137037513,-0.15752691434234717,-0.17953962480540778,-0.16657226469553213,-0.07205628352785283,-0.570329500224504,-0.12708214194383724
1nixkqa,test,-0.5580602924763499,-0.15752691434234717,-0.17953962480540778,-0.16657226469553213,-0.07205628352785283,-0.570329500224504,-0.12708214194383724
1nihj7x,test,-0.8712558318820767,-0.15752691434234717,-0.17953962480540778,-0.16657226469553213,-0.07205628352785283,0.1797777772446806,-0.12708214194383724
1njag76,test,0.4844568414709659,-0.15752691434234717,-0.17953962480540778,-0.16657226469553213,-0.07205628352785283,-0.570329500224504,-0.12708214194383724
1nd765v,test,-0.8200261363913166,-0.15752691434234717,-0.17953962480540778,-0.16657226469553213,-0.07205628352785283,-0.570329500224504,-0.12708214194383724
1naot41,test,-0.4286812430326318,-0.15752691434234717,-0.17953962480540778,-0.16657226469553213,-0.07205628352785283,1.6799923321830499,-0.12708214194383724
1naou57,test,-0.618598617750817,-0.15752691434234717,-0.17953962480540778,-0.16657226469553213,-0.07205628352785283,0.9298850547138652,-0.12708214194383724
1nbw0dy,test,-1.0380948269676922,-0.15752691434234717,-0.17953962480540778,-0.16657226469553213,-0.07205628352785283,-0.570329500224504,-0.12708214194383724
1na1qit,test,-0.8064377720385845,-0.15752691434234717,-0.17953962480540778,-0.16657226469553213,-0.07205628352785283,0.1797777772446806,6.023693528137884
1n9x2ft,test,-0.9856400267575013,4.761378023831591,3.598598566751869,-0.16657226469553213,-0.07205628352785283,4.680421442059789,-0.12708214194383724
1na2lxx,test,-0.9423214155659054,-0.15752691434234717,-0.17953962480540778,-0.16657226469553213,-0.07205628352785283,0.9298850547138652,-0.12708214194383724
1nabu2n,test,-0.9874155450550608,-0.15752691434234717,-0.17953962480540778,-0.16657226469553213,-0.07205628352785283,-0.570329500224504,-0.12708214194383724
1nahoa3,test,-1.0354268750198108,-0.15752691434234717,-0.17953962480540778,-0.16657226469553213,-0.07205628352785283,-0.570329500224504,-0.12708214194383724
1n9zxvs,test,-0.9612330566753781,4.761378023831591,3.598598566751869,-0.16657226469553213,-0.07205628352785283,0.1797777772446806,-0.12708214194383724
1ni1n4a,test,-0.9338789406721962,-0.15752691434234717,-0.17953962480540778,5.59206888620715,-0.07205628352785283,-0.570329500224504,-0.12708214194383724
1nhu7qk,test,-0.047985190309557585,-0.15752691434234717,-0.17953962480540778,-0.16657226469553213,-0.07205628352785283,0.1797777772446806,-0.12708214194383724
1nhz773,test,-0.7874140619447594,-0.15752691434234717,-0.17953962480540778,-0.16657226469553213,-0.07205628352785283,-0.570329500224504,6.023693528137884
1nfi9i2,test,-1.0891146361967714,-0.15752691434234717,-0.17953962480540778,-0.16657226469553213,-0.07205628352785283,-0.570329500224504,-0.12708214194383724
1nfwjl3,test,0.1350417581149973,-0.15752691434234717,-0.17953962480540778,-0.16657226469553213,-0.07205628352785283,-0.570329500224504,-0.12708214194383724
1ng7gfo,test,-0.8061157728833064,-0.15752691434234717,-0.17953962480540778,-0.16657226469553213,-0.07205628352785283,0.9298850547138652,-0.12708214194383724
1nfwmku,test,0.6475172137037513,-0.15752691434234717,-0.17953962480540778,-0.16657226469553213,-0.07205628352785283,0.1797777772446806,-0.12708214194383724
1ngckbz,test,1.8432932767441765,-0.15752691434234717,-0.17953962480540778,-0.16657226469553213,-0.07205628352785283,0.9298850547138652,-0.12708214194383724
1ngbon9,test,-0.9673763730933684,-0.15752691434234717,-0.17953962480540778,-0.16657226469553213,-0.07205628352785283,0.1797777772446806,-0.12708214194383724
1ng3ucv,test,-0.9282929422462832,-0.15752691434234717,-0.17953962480540778,5.59206888620715,-0.07205628352785283,0.1797777772446806,-0.12708214194383724
1nfvzc9,test,-0.7430762978095528,-0.15752691434234717,-0.17953962480540778,-0.16657226469553213,-0.07205628352785283,2.4300996096522347,-0.12708214194383724
1ng5zl7,test,-0.8886831352261736,-0.15752691434234717,-0.17953962480540778,-0.16657226469553213,-0.07205628352785283,0.9298850547138652,-0.12708214194383724
1ngzopy,test,-0.24931483357656795,-0.15752691434234717,-0.17953962480540778,-0.16657226469553213,-0.07205628352785283,0.1797777772446806,-0.12708214194383724
1ngxjtm,test,-1.0156985830706589,-0.15752691434234717,-0.17953962480540778,-0.16657226469553213,-0.07205628352785283,0.9298850547138652,-0.12708214194383724
1nh99ng,test,-0.7475548598434119,-0.15752691434234717,-0.17953962480540778,-0.16657226469553213,-0.07205628352785283,0.1797777772446806,-0.12708214194383724
1ngk5mn,test,-0.5675455600308748,-0.15752691434234717,-0.17953962480540778,-0.16657226469553213,-0.07205628352785283,0.1797777772446806,-0.12708214194383724
1n8v1rg,test,0.04962918218353839,-0.15752691434234717,-0.17953962480540778,-0.16657226469553213,-0.07205628352785283,0.1797777772446806,-0.12708214194383724
1n8n1lb,test,-0.3308450196929606,-0.15752691434234717,-0.17953962480540778,-0.16657226469553213,-0.07205628352785283,-0.570329500224504,-0.12708214194383724
1n86s3w,test,0.3485731979436447,-0.15752691434234717,-0.17953962480540778,-0.16657226469553213,-0.07205628352785283,0.1797777772446806,-0.12708214194383724
1nb4bli,test,-0.3308450196929606,-0.15752691434234717,3.598598566751869,-0.16657226469553213,-0.07205628352785283,-0.570329500224504,-0.12708214194383724
1nc9itd,test,-1.146146880856887,-0.15752691434234717,-0.17953962480540778,-0.16657226469553213,-0.07205628352785283,-0.570329500224504,-0.12708214194383724
1n4cu3k,test,-0.059077732638318434,9.680282962005528,11.154874949866423,-0.16657226469553213,-0.07205628352785283,-0.570329500224504,-0.12708214194383724
1n99nua,test,-1.146146880856887,-0.15752691434234717,-0.17953962480540778,-0.16657226469553213,-0.07205628352785283,-0.570329500224504,-0.12708214194383724
1n75mz6,test,0.23359473034360395,-0.15752691434234717,-0.17953962480540778,-0.16657226469553213,-0.07205628352785283,-0.570329500224504,-0.12708214194383724
1n6q3nr,test,-1.146146880856887,-0.15752691434234717,-0.17953962480540778,-0.16657226469553213,-0.07205628352785283,-0.570329500224504,-0.12708214194383724
1negfc1,test,-1.146146880856887,-0.15752691434234717,-0.17953962480540778,-0.16657226469553213,-0.07205628352785283,-0.570329500224504,-0.12708214194383724
1nig7mp,test,-1.146146880856887,-0.15752691434234717,-0.17953962480540778,-0.16657226469553213,-0.07205628352785283,-0.570329500224504,-0.12708214194383724
1nbo2dp,test,-1.146146880856887,-0.15752691434234717,-0.17953962480540778,-0.16657226469553213,-0.07205628352785283,-0.570329500224504,-0.12708214194383724
1nfb488,test,0.6475172137037513,-0.15752691434234717,-0.17953962480540778,-0.16657226469553213,-0.07205628352785283,0.1797777772446806,-0.12708214194383724
1nf7ez8,test,0.1350417581149973,-0.15752691434234717,-0.17953962480540778,-0.16657226469553213,-0.07205628352785283,0.1797777772446806,-0.12708214194383724
1nfpo5j,test,-1.146146880856887,-0.15752691434234717,-0.17953962480540778,-0.16657226469553213,-0.07205628352785283,-0.570329500224504,-0.12708214194383724
