model,condition,seed,n_ontology_features,ontology_features,macro_f1,accuracy,support_negative,support_neutral,support_positive,runtime_seconds,f1_negative,f1_neutral,f1_positive,tfidf_max_features,semantic_input_profile
LR,BSL,42,0,,0.5772827871778397,0.631578947368421,48,119,156,0.0228,0.43478260869565216,0.5517241379310345,0.7453416149068323,5000,text_only
LR,ENR_full_37,42,37,ont_InteligenciaArtificial_Positivo|ont_InteligenciaArtificial_Negativo|ont_InteligenciaArtificial_Neutro|ont_AprendizajeAutomatico_Positivo|ont_AprendizajeAutomatico_Negativo|ont_AprendizajeAutomatico_Neutro|ont_Tecnologia_Positivo|ont_Tecnologia_Negativo|ont_Tecnologia_Neutro|ont_Futuro_Positivo|ont_Futuro_Negativo|ont_Futuro_Neutro|ont_Datos_Positivo|ont_Datos_Negativo|ont_Datos_Neutro|ont_Algoritmo_Positivo|ont_Algoritmo_Negativo|ont_Algoritmo_Neutro|ont_Robot_Positivo|ont_Robot_Negativo|ont_Robot_Neutro|ont_Automatizacion_Positivo|ont_Automatizacion_Negativo|ont_Automatizacion_Neutro|ont_Etica_Positivo|ont_Etica_Negativo|ont_Etica_Neutro|ont_Innovacion_Positivo|ont_Innovacion_Negativo|ont_Innovacion_Neutro|ont_has_ontology_elements|ont_count_domain_concepts|ont_total_positivo_mentions|ont_total_negativo_mentions|ont_total_neutro_mentions|ont_domain_score|ont_domain_density,0.5674609669201941,0.6222910216718266,48,119,156,0.0922,0.4166666666666667,0.5550660792951542,0.7306501547987616,5000,train_standardized_float64
LR,ENR_selected,42,6,ont_domain_density|ont_total_negativo_mentions|ont_InteligenciaArtificial_Negativo|ont_Innovacion_Neutro|ont_Etica_Negativo|ont_Tecnologia_Neutro,0.5863106205086561,0.6408668730650154,48,119,156,0.0517,0.44680851063829785,0.5575221238938053,0.754601226993865,5000,train_standardized_float64
LR,drop_ai,42,34,ont_AprendizajeAutomatico_Positivo|ont_AprendizajeAutomatico_Negativo|ont_AprendizajeAutomatico_Neutro|ont_Tecnologia_Positivo|ont_Tecnologia_Negativo|ont_Tecnologia_Neutro|ont_Futuro_Positivo|ont_Futuro_Negativo|ont_Futuro_Neutro|ont_Datos_Positivo|ont_Datos_Negativo|ont_Datos_Neutro|ont_Algoritmo_Positivo|ont_Algoritmo_Negativo|ont_Algoritmo_Neutro|ont_Robot_Positivo|ont_Robot_Negativo|ont_Robot_Neutro|ont_Automatizacion_Positivo|ont_Automatizacion_Negativo|ont_Automatizacion_Neutro|ont_Etica_Positivo|ont_Etica_Negativo|ont_Etica_Neutro|ont_Innovacion_Positivo|ont_Innovacion_Negativo|ont_Innovacion_Neutro|ont_has_ontology_elements|ont_count_domain_concepts|ont_total_positivo_mentions|ont_total_negativo_mentions|ont_total_neutro_mentions|ont_domain_score|ont_domain_density,0.5738858252523277,0.628482972136223,48,119,156,0.0837,0.42105263157894735,0.5676855895196506,0.7329192546583851,5000,train_standardized_float64
LR,drop_ml,42,34,ont_InteligenciaArtificial_Positivo|ont_InteligenciaArtificial_Negativo|ont_InteligenciaArtificial_Neutro|ont_Tecnologia_Positivo|ont_Tecnologia_Negativo|ont_Tecnologia_Neutro|ont_Futuro_Positivo|ont_Futuro_Negativo|ont_Futuro_Neutro|ont_Datos_Positivo|ont_Datos_Negativo|ont_Datos_Neutro|ont_Algoritmo_Positivo|ont_Algoritmo_Negativo|ont_Algoritmo_Neutro|ont_Robot_Positivo|ont_Robot_Negativo|ont_Robot_Neutro|ont_Automatizacion_Positivo|ont_Automatizacion_Negativo|ont_Automatizacion_Neutro|ont_Etica_Positivo|ont_Etica_Negativo|ont_Etica_Neutro|ont_Innovacion_Positivo|ont_Innovacion_Negativo|ont_Innovacion_Neutro|ont_has_ontology_elements|ont_count_domain_concepts|ont_total_positivo_mentions|ont_total_negativo_mentions|ont_total_neutro_mentions|ont_domain_score|ont_domain_density,0.5611300478460127,0.6160990712074303,48,119,156,0.0823,0.40860215053763443,0.5565217391304348,0.718266253869969,5000,train_standardized_float64
LR,drop_technology,42,34,ont_InteligenciaArtificial_Positivo|ont_InteligenciaArtificial_Negativo|ont_InteligenciaArtificial_Neutro|ont_AprendizajeAutomatico_Positivo|ont_AprendizajeAutomatico_Negativo|ont_AprendizajeAutomatico_Neutro|ont_Futuro_Positivo|ont_Futuro_Negativo|ont_Futuro_Neutro|ont_Datos_Positivo|ont_Datos_Negativo|ont_Datos_Neutro|ont_Algoritmo_Positivo|ont_Algoritmo_Negativo|ont_Algoritmo_Neutro|ont_Robot_Positivo|ont_Robot_Negativo|ont_Robot_Neutro|ont_Automatizacion_Positivo|ont_Automatizacion_Negativo|ont_Automatizacion_Neutro|ont_Etica_Positivo|ont_Etica_Negativo|ont_Etica_Neutro|ont_Innovacion_Positivo|ont_Innovacion_Negativo|ont_Innovacion_Neutro|ont_has_ontology_elements|ont_count_domain_concepts|ont_total_positivo_mentions|ont_total_negativo_mentions|ont_total_neutro_mentions|ont_domain_score|ont_domain_density,0.5772181524257801,0.628482972136223,48,119,156,0.0933,0.4375,0.5589519650655022,0.735202492211838,5000,train_standardized_float64
LR,drop_future,42,34,ont_InteligenciaArtificial_Positivo|ont_InteligenciaArtificial_Negativo|ont_InteligenciaArtificial_Neutro|ont_AprendizajeAutomatico_Positivo|ont_AprendizajeAutomatico_Negativo|ont_AprendizajeAutomatico_Neutro|ont_Tecnologia_Positivo|ont_Tecnologia_Negativo|ont_Tecnologia_Neutro|ont_Datos_Positivo|ont_Datos_Negativo|ont_Datos_Neutro|ont_Algoritmo_Positivo|ont_Algoritmo_Negativo|ont_Algoritmo_Neutro|ont_Robot_Positivo|ont_Robot_Negativo|ont_Robot_Neutro|ont_Automatizacion_Positivo|ont_Automatizacion_Negativo|ont_Automatizacion_Neutro|ont_Etica_Positivo|ont_Etica_Negativo|ont_Etica_Neutro|ont_Innovacion_Positivo|ont_Innovacion_Negativo|ont_Innovacion_Neutro|ont_has_ontology_elements|ont_count_domain_concepts|ont_total_positivo_mentions|ont_total_negativo_mentions|ont_total_neutro_mentions|ont_domain_score|ont_domain_density,0.5611813020706551,0.6160990712074303,48,119,156,0.0861,0.40816326530612246,0.5486725663716814,0.7267080745341615,5000,train_standardized_float64
LR,drop_data,42,34,ont_InteligenciaArtificial_Positivo|ont_InteligenciaArtificial_Negativo|ont_InteligenciaArtificial_Neutro|ont_AprendizajeAutomatico_Positivo|ont_AprendizajeAutomatico_Negativo|ont_AprendizajeAutomatico_Neutro|ont_Tecnologia_Positivo|ont_Tecnologia_Negativo|ont_Tecnologia_Neutro|ont_Futuro_Positivo|ont_Futuro_Negativo|ont_Futuro_Neutro|ont_Algoritmo_Positivo|ont_Algoritmo_Negativo|ont_Algoritmo_Neutro|ont_Robot_Positivo|ont_Robot_Negativo|ont_Robot_Neutro|ont_Automatizacion_Positivo|ont_Automatizacion_Negativo|ont_Automatizacion_Neutro|ont_Etica_Positivo|ont_Etica_Negativo|ont_Etica_Neutro|ont_Innovacion_Positivo|ont_Innovacion_Negativo|ont_Innovacion_Neutro|ont_has_ontology_elements|ont_count_domain_concepts|ont_total_positivo_mentions|ont_total_negativo_mentions|ont_total_neutro_mentions|ont_domain_score|ont_domain_density,0.5738858252523277,0.628482972136223,48,119,156,0.0849,0.42105263157894735,0.5676855895196506,0.7329192546583851,5000,train_standardized_float64
LR,drop_algorithm,42,34,ont_InteligenciaArtificial_Positivo|ont_InteligenciaArtificial_Negativo|ont_InteligenciaArtificial_Neutro|ont_AprendizajeAutomatico_Positivo|ont_AprendizajeAutomatico_Negativo|ont_AprendizajeAutomatico_Neutro|ont_Tecnologia_Positivo|ont_Tecnologia_Negativo|ont_Tecnologia_Neutro|ont_Futuro_Positivo|ont_Futuro_Negativo|ont_Futuro_Neutro|ont_Datos_Positivo|ont_Datos_Negativo|ont_Datos_Neutro|ont_Robot_Positivo|ont_Robot_Negativo|ont_Robot_Neutro|ont_Automatizacion_Positivo|ont_Automatizacion_Negativo|ont_Automatizacion_Neutro|ont_Etica_Positivo|ont_Etica_Negativo|ont_Etica_Neutro|ont_Innovacion_Positivo|ont_Innovacion_Negativo|ont_Innovacion_Neutro|ont_has_ontology_elements|ont_count_domain_concepts|ont_total_positivo_mentions|ont_total_negativo_mentions|ont_total_neutro_mentions|ont_domain_score|ont_domain_density,0.571065950000056,0.6253869969040248,48,119,156,0.0882,0.41237113402061853,0.5689655172413793,0.7318611987381703,5000,train_standardized_float64
LR,drop_robot,42,34,ont_InteligenciaArtificial_Positivo|ont_InteligenciaArtificial_Negativo|ont_InteligenciaArtificial_Neutro|ont_AprendizajeAutomatico_Positivo|ont_AprendizajeAutomatico_Negativo|ont_AprendizajeAutomatico_Neutro|ont_Tecnologia_Positivo|ont_Tecnologia_Negativo|ont_Tecnologia_Neutro|ont_Futuro_Positivo|ont_Futuro_Negativo|ont_Futuro_Neutro|ont_Datos_Positivo|ont_Datos_Negativo|ont_Datos_Neutro|ont_Algoritmo_Positivo|ont_Algoritmo_Negativo|ont_Algoritmo_Neutro|ont_Automatizacion_Positivo|ont_Automatizacion_Negativo|ont_Automatizacion_Neutro|ont_Etica_Positivo|ont_Etica_Negativo|ont_Etica_Neutro|ont_Innovacion_Positivo|ont_Innovacion_Negativo|ont_Innovacion_Neutro|ont_has_ontology_elements|ont_count_domain_concepts|ont_total_positivo_mentions|ont_total_negativo_mentions|ont_total_neutro_mentions|ont_domain_score|ont_domain_density,0.5526866408445356,0.6130030959752322,48,119,156,0.082,0.37894736842105264,0.5541125541125541,0.725,5000,train_standardized_float64
LR,drop_automation,42,34,ont_InteligenciaArtificial_Positivo|ont_InteligenciaArtificial_Negativo|ont_InteligenciaArtificial_Neutro|ont_AprendizajeAutomatico_Positivo|ont_AprendizajeAutomatico_Negativo|ont_AprendizajeAutomatico_Neutro|ont_Tecnologia_Positivo|ont_Tecnologia_Negativo|ont_Tecnologia_Neutro|ont_Futuro_Positivo|ont_Futuro_Negativo|ont_Futuro_Neutro|ont_Datos_Positivo|ont_Datos_Negativo|ont_Datos_Neutro|ont_Algoritmo_Positivo|ont_Algoritmo_Negativo|ont_Algoritmo_Neutro|ont_Robot_Positivo|ont_Robot_Negativo|ont_Robot_Neutro|ont_Etica_Positivo|ont_Etica_Negativo|ont_Etica_Neutro|ont_Innovacion_Positivo|ont_Innovacion_Negativo|ont_Innovacion_Neutro|ont_has_ontology_elements|ont_count_domain_concepts|ont_total_positivo_mentions|ont_total_negativo_mentions|ont_total_neutro_mentions|ont_domain_score|ont_domain_density,0.5700544165338317,0.6222910216718266,48,119,156,0.0831,0.42857142857142855,0.5486725663716814,0.7329192546583851,5000,train_standardized_float64
LR,drop_ethics,42,34,ont_InteligenciaArtificial_Positivo|ont_InteligenciaArtificial_Negativo|ont_InteligenciaArtificial_Neutro|ont_AprendizajeAutomatico_Positivo|ont_AprendizajeAutomatico_Negativo|ont_AprendizajeAutomatico_Neutro|ont_Tecnologia_Positivo|ont_Tecnologia_Negativo|ont_Tecnologia_Neutro|ont_Futuro_Positivo|ont_Futuro_Negativo|ont_Futuro_Neutro|ont_Datos_Positivo|ont_Datos_Negativo|ont_Datos_Neutro|ont_Algoritmo_Positivo|ont_Algoritmo_Negativo|ont_Algoritmo_Neutro|ont_Robot_Positivo|ont_Robot_Negativo|ont_Robot_Neutro|ont_Automatizacion_Positivo|ont_Automatizacion_Negativo|ont_Automatizacion_Neutro|ont_Innovacion_Positivo|ont_Innovacion_Negativo|ont_Innovacion_Neutro|ont_has_ontology_elements|ont_count_domain_concepts|ont_total_positivo_mentions|ont_total_negativo_mentions|ont_total_neutro_mentions|ont_domain_score|ont_domain_density,0.5653326148454405,0.6222910216718266,48,119,156,0.0883,0.40425531914893614,0.5627705627705628,0.7289719626168224,5000,train_standardized_float64
LR,drop_innovation,42,34,ont_InteligenciaArtificial_Positivo|ont_InteligenciaArtificial_Negativo|ont_InteligenciaArtificial_Neutro|ont_AprendizajeAutomatico_Positivo|ont_AprendizajeAutomatico_Negativo|ont_AprendizajeAutomatico_Neutro|ont_Tecnologia_Positivo|ont_Tecnologia_Negativo|ont_Tecnologia_Neutro|ont_Futuro_Positivo|ont_Futuro_Negativo|ont_Futuro_Neutro|ont_Datos_Positivo|ont_Datos_Negativo|ont_Datos_Neutro|ont_Algoritmo_Positivo|ont_Algoritmo_Negativo|ont_Algoritmo_Neutro|ont_Robot_Positivo|ont_Robot_Negativo|ont_Robot_Neutro|ont_Automatizacion_Positivo|ont_Automatizacion_Negativo|ont_Automatizacion_Neutro|ont_Etica_Positivo|ont_Etica_Negativo|ont_Etica_Neutro|ont_has_ontology_elements|ont_count_domain_concepts|ont_total_positivo_mentions|ont_total_negativo_mentions|ont_total_neutro_mentions|ont_domain_score|ont_domain_density,0.5681968647829971,0.6222910216718266,48,119,156,0.0785,0.4166666666666667,0.5589519650655022,0.7289719626168224,5000,train_standardized_float64
LR,drop_global_counts,42,30,ont_InteligenciaArtificial_Positivo|ont_InteligenciaArtificial_Negativo|ont_InteligenciaArtificial_Neutro|ont_AprendizajeAutomatico_Positivo|ont_AprendizajeAutomatico_Negativo|ont_AprendizajeAutomatico_Neutro|ont_Tecnologia_Positivo|ont_Tecnologia_Negativo|ont_Tecnologia_Neutro|ont_Futuro_Positivo|ont_Futuro_Negativo|ont_Futuro_Neutro|ont_Datos_Positivo|ont_Datos_Negativo|ont_Datos_Neutro|ont_Algoritmo_Positivo|ont_Algoritmo_Negativo|ont_Algoritmo_Neutro|ont_Robot_Positivo|ont_Robot_Negativo|ont_Robot_Neutro|ont_Automatizacion_Positivo|ont_Automatizacion_Negativo|ont_Automatizacion_Neutro|ont_Etica_Positivo|ont_Etica_Negativo|ont_Etica_Neutro|ont_Innovacion_Positivo|ont_Innovacion_Negativo|ont_Innovacion_Neutro,0.5715819939957871,0.6222910216718266,48,119,156,0.0723,0.42424242424242425,0.5603448275862069,0.7301587301587301,5000,train_standardized_float64
LR,BSL,123,0,,0.5772827871778397,0.631578947368421,48,119,156,0.0216,0.43478260869565216,0.5517241379310345,0.7453416149068323,5000,text_only
LR,ENR_full_37,123,37,ont_InteligenciaArtificial_Positivo|ont_InteligenciaArtificial_Negativo|ont_InteligenciaArtificial_Neutro|ont_AprendizajeAutomatico_Positivo|ont_AprendizajeAutomatico_Negativo|ont_AprendizajeAutomatico_Neutro|ont_Tecnologia_Positivo|ont_Tecnologia_Negativo|ont_Tecnologia_Neutro|ont_Futuro_Positivo|ont_Futuro_Negativo|ont_Futuro_Neutro|ont_Datos_Positivo|ont_Datos_Negativo|ont_Datos_Neutro|ont_Algoritmo_Positivo|ont_Algoritmo_Negativo|ont_Algoritmo_Neutro|ont_Robot_Positivo|ont_Robot_Negativo|ont_Robot_Neutro|ont_Automatizacion_Positivo|ont_Automatizacion_Negativo|ont_Automatizacion_Neutro|ont_Etica_Positivo|ont_Etica_Negativo|ont_Etica_Neutro|ont_Innovacion_Positivo|ont_Innovacion_Negativo|ont_Innovacion_Neutro|ont_has_ontology_elements|ont_count_domain_concepts|ont_total_positivo_mentions|ont_total_negativo_mentions|ont_total_neutro_mentions|ont_domain_score|ont_domain_density,0.5674609669201941,0.6222910216718266,48,119,156,0.0905,0.4166666666666667,0.5550660792951542,0.7306501547987616,5000,train_standardized_float64
LR,ENR_selected,123,6,ont_domain_density|ont_total_negativo_mentions|ont_InteligenciaArtificial_Negativo|ont_Innovacion_Neutro|ont_Etica_Negativo|ont_Tecnologia_Neutro,0.5863106205086561,0.6408668730650154,48,119,156,0.0526,0.44680851063829785,0.5575221238938053,0.754601226993865,5000,train_standardized_float64
LR,drop_ai,123,34,ont_AprendizajeAutomatico_Positivo|ont_AprendizajeAutomatico_Negativo|ont_AprendizajeAutomatico_Neutro|ont_Tecnologia_Positivo|ont_Tecnologia_Negativo|ont_Tecnologia_Neutro|ont_Futuro_Positivo|ont_Futuro_Negativo|ont_Futuro_Neutro|ont_Datos_Positivo|ont_Datos_Negativo|ont_Datos_Neutro|ont_Algoritmo_Positivo|ont_Algoritmo_Negativo|ont_Algoritmo_Neutro|ont_Robot_Positivo|ont_Robot_Negativo|ont_Robot_Neutro|ont_Automatizacion_Positivo|ont_Automatizacion_Negativo|ont_Automatizacion_Neutro|ont_Etica_Positivo|ont_Etica_Negativo|ont_Etica_Neutro|ont_Innovacion_Positivo|ont_Innovacion_Negativo|ont_Innovacion_Neutro|ont_has_ontology_elements|ont_count_domain_concepts|ont_total_positivo_mentions|ont_total_negativo_mentions|ont_total_neutro_mentions|ont_domain_score|ont_domain_density,0.5738858252523277,0.628482972136223,48,119,156,0.0829,0.42105263157894735,0.5676855895196506,0.7329192546583851,5000,train_standardized_float64
LR,drop_ml,123,34,ont_InteligenciaArtificial_Positivo|ont_InteligenciaArtificial_Negativo|ont_InteligenciaArtificial_Neutro|ont_Tecnologia_Positivo|ont_Tecnologia_Negativo|ont_Tecnologia_Neutro|ont_Futuro_Positivo|ont_Futuro_Negativo|ont_Futuro_Neutro|ont_Datos_Positivo|ont_Datos_Negativo|ont_Datos_Neutro|ont_Algoritmo_Positivo|ont_Algoritmo_Negativo|ont_Algoritmo_Neutro|ont_Robot_Positivo|ont_Robot_Negativo|ont_Robot_Neutro|ont_Automatizacion_Positivo|ont_Automatizacion_Negativo|ont_Automatizacion_Neutro|ont_Etica_Positivo|ont_Etica_Negativo|ont_Etica_Neutro|ont_Innovacion_Positivo|ont_Innovacion_Negativo|ont_Innovacion_Neutro|ont_has_ontology_elements|ont_count_domain_concepts|ont_total_positivo_mentions|ont_total_negativo_mentions|ont_total_neutro_mentions|ont_domain_score|ont_domain_density,0.5611300478460127,0.6160990712074303,48,119,156,0.0829,0.40860215053763443,0.5565217391304348,0.718266253869969,5000,train_standardized_float64
LR,drop_technology,123,34,ont_InteligenciaArtificial_Positivo|ont_InteligenciaArtificial_Negativo|ont_InteligenciaArtificial_Neutro|ont_AprendizajeAutomatico_Positivo|ont_AprendizajeAutomatico_Negativo|ont_AprendizajeAutomatico_Neutro|ont_Futuro_Positivo|ont_Futuro_Negativo|ont_Futuro_Neutro|ont_Datos_Positivo|ont_Datos_Negativo|ont_Datos_Neutro|ont_Algoritmo_Positivo|ont_Algoritmo_Negativo|ont_Algoritmo_Neutro|ont_Robot_Positivo|ont_Robot_Negativo|ont_Robot_Neutro|ont_Automatizacion_Positivo|ont_Automatizacion_Negativo|ont_Automatizacion_Neutro|ont_Etica_Positivo|ont_Etica_Negativo|ont_Etica_Neutro|ont_Innovacion_Positivo|ont_Innovacion_Negativo|ont_Innovacion_Neutro|ont_has_ontology_elements|ont_count_domain_concepts|ont_total_positivo_mentions|ont_total_negativo_mentions|ont_total_neutro_mentions|ont_domain_score|ont_domain_density,0.5772181524257801,0.628482972136223,48,119,156,0.093,0.4375,0.5589519650655022,0.735202492211838,5000,train_standardized_float64
LR,drop_future,123,34,ont_InteligenciaArtificial_Positivo|ont_InteligenciaArtificial_Negativo|ont_InteligenciaArtificial_Neutro|ont_AprendizajeAutomatico_Positivo|ont_AprendizajeAutomatico_Negativo|ont_AprendizajeAutomatico_Neutro|ont_Tecnologia_Positivo|ont_Tecnologia_Negativo|ont_Tecnologia_Neutro|ont_Datos_Positivo|ont_Datos_Negativo|ont_Datos_Neutro|ont_Algoritmo_Positivo|ont_Algoritmo_Negativo|ont_Algoritmo_Neutro|ont_Robot_Positivo|ont_Robot_Negativo|ont_Robot_Neutro|ont_Automatizacion_Positivo|ont_Automatizacion_Negativo|ont_Automatizacion_Neutro|ont_Etica_Positivo|ont_Etica_Negativo|ont_Etica_Neutro|ont_Innovacion_Positivo|ont_Innovacion_Negativo|ont_Innovacion_Neutro|ont_has_ontology_elements|ont_count_domain_concepts|ont_total_positivo_mentions|ont_total_negativo_mentions|ont_total_neutro_mentions|ont_domain_score|ont_domain_density,0.5611813020706551,0.6160990712074303,48,119,156,0.0877,0.40816326530612246,0.5486725663716814,0.7267080745341615,5000,train_standardized_float64
LR,drop_data,123,34,ont_InteligenciaArtificial_Positivo|ont_InteligenciaArtificial_Negativo|ont_InteligenciaArtificial_Neutro|ont_AprendizajeAutomatico_Positivo|ont_AprendizajeAutomatico_Negativo|ont_AprendizajeAutomatico_Neutro|ont_Tecnologia_Positivo|ont_Tecnologia_Negativo|ont_Tecnologia_Neutro|ont_Futuro_Positivo|ont_Futuro_Negativo|ont_Futuro_Neutro|ont_Algoritmo_Positivo|ont_Algoritmo_Negativo|ont_Algoritmo_Neutro|ont_Robot_Positivo|ont_Robot_Negativo|ont_Robot_Neutro|ont_Automatizacion_Positivo|ont_Automatizacion_Negativo|ont_Automatizacion_Neutro|ont_Etica_Positivo|ont_Etica_Negativo|ont_Etica_Neutro|ont_Innovacion_Positivo|ont_Innovacion_Negativo|ont_Innovacion_Neutro|ont_has_ontology_elements|ont_count_domain_concepts|ont_total_positivo_mentions|ont_total_negativo_mentions|ont_total_neutro_mentions|ont_domain_score|ont_domain_density,0.5738858252523277,0.628482972136223,48,119,156,0.0842,0.42105263157894735,0.5676855895196506,0.7329192546583851,5000,train_standardized_float64
LR,drop_algorithm,123,34,ont_InteligenciaArtificial_Positivo|ont_InteligenciaArtificial_Negativo|ont_InteligenciaArtificial_Neutro|ont_AprendizajeAutomatico_Positivo|ont_AprendizajeAutomatico_Negativo|ont_AprendizajeAutomatico_Neutro|ont_Tecnologia_Positivo|ont_Tecnologia_Negativo|ont_Tecnologia_Neutro|ont_Futuro_Positivo|ont_Futuro_Negativo|ont_Futuro_Neutro|ont_Datos_Positivo|ont_Datos_Negativo|ont_Datos_Neutro|ont_Robot_Positivo|ont_Robot_Negativo|ont_Robot_Neutro|ont_Automatizacion_Positivo|ont_Automatizacion_Negativo|ont_Automatizacion_Neutro|ont_Etica_Positivo|ont_Etica_Negativo|ont_Etica_Neutro|ont_Innovacion_Positivo|ont_Innovacion_Negativo|ont_Innovacion_Neutro|ont_has_ontology_elements|ont_count_domain_concepts|ont_total_positivo_mentions|ont_total_negativo_mentions|ont_total_neutro_mentions|ont_domain_score|ont_domain_density,0.571065950000056,0.6253869969040248,48,119,156,0.0876,0.41237113402061853,0.5689655172413793,0.7318611987381703,5000,train_standardized_float64
LR,drop_robot,123,34,ont_InteligenciaArtificial_Positivo|ont_InteligenciaArtificial_Negativo|ont_InteligenciaArtificial_Neutro|ont_AprendizajeAutomatico_Positivo|ont_AprendizajeAutomatico_Negativo|ont_AprendizajeAutomatico_Neutro|ont_Tecnologia_Positivo|ont_Tecnologia_Negativo|ont_Tecnologia_Neutro|ont_Futuro_Positivo|ont_Futuro_Negativo|ont_Futuro_Neutro|ont_Datos_Positivo|ont_Datos_Negativo|ont_Datos_Neutro|ont_Algoritmo_Positivo|ont_Algoritmo_Negativo|ont_Algoritmo_Neutro|ont_Automatizacion_Positivo|ont_Automatizacion_Negativo|ont_Automatizacion_Neutro|ont_Etica_Positivo|ont_Etica_Negativo|ont_Etica_Neutro|ont_Innovacion_Positivo|ont_Innovacion_Negativo|ont_Innovacion_Neutro|ont_has_ontology_elements|ont_count_domain_concepts|ont_total_positivo_mentions|ont_total_negativo_mentions|ont_total_neutro_mentions|ont_domain_score|ont_domain_density,0.5526866408445356,0.6130030959752322,48,119,156,0.0836,0.37894736842105264,0.5541125541125541,0.725,5000,train_standardized_float64
LR,drop_automation,123,34,ont_InteligenciaArtificial_Positivo|ont_InteligenciaArtificial_Negativo|ont_InteligenciaArtificial_Neutro|ont_AprendizajeAutomatico_Positivo|ont_AprendizajeAutomatico_Negativo|ont_AprendizajeAutomatico_Neutro|ont_Tecnologia_Positivo|ont_Tecnologia_Negativo|ont_Tecnologia_Neutro|ont_Futuro_Positivo|ont_Futuro_Negativo|ont_Futuro_Neutro|ont_Datos_Positivo|ont_Datos_Negativo|ont_Datos_Neutro|ont_Algoritmo_Positivo|ont_Algoritmo_Negativo|ont_Algoritmo_Neutro|ont_Robot_Positivo|ont_Robot_Negativo|ont_Robot_Neutro|ont_Etica_Positivo|ont_Etica_Negativo|ont_Etica_Neutro|ont_Innovacion_Positivo|ont_Innovacion_Negativo|ont_Innovacion_Neutro|ont_has_ontology_elements|ont_count_domain_concepts|ont_total_positivo_mentions|ont_total_negativo_mentions|ont_total_neutro_mentions|ont_domain_score|ont_domain_density,0.5700544165338317,0.6222910216718266,48,119,156,0.0841,0.42857142857142855,0.5486725663716814,0.7329192546583851,5000,train_standardized_float64
LR,drop_ethics,123,34,ont_InteligenciaArtificial_Positivo|ont_InteligenciaArtificial_Negativo|ont_InteligenciaArtificial_Neutro|ont_AprendizajeAutomatico_Positivo|ont_AprendizajeAutomatico_Negativo|ont_AprendizajeAutomatico_Neutro|ont_Tecnologia_Positivo|ont_Tecnologia_Negativo|ont_Tecnologia_Neutro|ont_Futuro_Positivo|ont_Futuro_Negativo|ont_Futuro_Neutro|ont_Datos_Positivo|ont_Datos_Negativo|ont_Datos_Neutro|ont_Algoritmo_Positivo|ont_Algoritmo_Negativo|ont_Algoritmo_Neutro|ont_Robot_Positivo|ont_Robot_Negativo|ont_Robot_Neutro|ont_Automatizacion_Positivo|ont_Automatizacion_Negativo|ont_Automatizacion_Neutro|ont_Innovacion_Positivo|ont_Innovacion_Negativo|ont_Innovacion_Neutro|ont_has_ontology_elements|ont_count_domain_concepts|ont_total_positivo_mentions|ont_total_negativo_mentions|ont_total_neutro_mentions|ont_domain_score|ont_domain_density,0.5653326148454405,0.6222910216718266,48,119,156,0.0882,0.40425531914893614,0.5627705627705628,0.7289719626168224,5000,train_standardized_float64
LR,drop_innovation,123,34,ont_InteligenciaArtificial_Positivo|ont_InteligenciaArtificial_Negativo|ont_InteligenciaArtificial_Neutro|ont_AprendizajeAutomatico_Positivo|ont_AprendizajeAutomatico_Negativo|ont_AprendizajeAutomatico_Neutro|ont_Tecnologia_Positivo|ont_Tecnologia_Negativo|ont_Tecnologia_Neutro|ont_Futuro_Positivo|ont_Futuro_Negativo|ont_Futuro_Neutro|ont_Datos_Positivo|ont_Datos_Negativo|ont_Datos_Neutro|ont_Algoritmo_Positivo|ont_Algoritmo_Negativo|ont_Algoritmo_Neutro|ont_Robot_Positivo|ont_Robot_Negativo|ont_Robot_Neutro|ont_Automatizacion_Positivo|ont_Automatizacion_Negativo|ont_Automatizacion_Neutro|ont_Etica_Positivo|ont_Etica_Negativo|ont_Etica_Neutro|ont_has_ontology_elements|ont_count_domain_concepts|ont_total_positivo_mentions|ont_total_negativo_mentions|ont_total_neutro_mentions|ont_domain_score|ont_domain_density,0.5681968647829971,0.6222910216718266,48,119,156,0.079,0.4166666666666667,0.5589519650655022,0.7289719626168224,5000,train_standardized_float64
LR,drop_global_counts,123,30,ont_InteligenciaArtificial_Positivo|ont_InteligenciaArtificial_Negativo|ont_InteligenciaArtificial_Neutro|ont_AprendizajeAutomatico_Positivo|ont_AprendizajeAutomatico_Negativo|ont_AprendizajeAutomatico_Neutro|ont_Tecnologia_Positivo|ont_Tecnologia_Negativo|ont_Tecnologia_Neutro|ont_Futuro_Positivo|ont_Futuro_Negativo|ont_Futuro_Neutro|ont_Datos_Positivo|ont_Datos_Negativo|ont_Datos_Neutro|ont_Algoritmo_Positivo|ont_Algoritmo_Negativo|ont_Algoritmo_Neutro|ont_Robot_Positivo|ont_Robot_Negativo|ont_Robot_Neutro|ont_Automatizacion_Positivo|ont_Automatizacion_Negativo|ont_Automatizacion_Neutro|ont_Etica_Positivo|ont_Etica_Negativo|ont_Etica_Neutro|ont_Innovacion_Positivo|ont_Innovacion_Negativo|ont_Innovacion_Neutro,0.5715819939957871,0.6222910216718266,48,119,156,0.0698,0.42424242424242425,0.5603448275862069,0.7301587301587301,5000,train_standardized_float64
LR,BSL,2024,0,,0.5772827871778397,0.631578947368421,48,119,156,0.0225,0.43478260869565216,0.5517241379310345,0.7453416149068323,5000,text_only
LR,ENR_full_37,2024,37,ont_InteligenciaArtificial_Positivo|ont_InteligenciaArtificial_Negativo|ont_InteligenciaArtificial_Neutro|ont_AprendizajeAutomatico_Positivo|ont_AprendizajeAutomatico_Negativo|ont_AprendizajeAutomatico_Neutro|ont_Tecnologia_Positivo|ont_Tecnologia_Negativo|ont_Tecnologia_Neutro|ont_Futuro_Positivo|ont_Futuro_Negativo|ont_Futuro_Neutro|ont_Datos_Positivo|ont_Datos_Negativo|ont_Datos_Neutro|ont_Algoritmo_Positivo|ont_Algoritmo_Negativo|ont_Algoritmo_Neutro|ont_Robot_Positivo|ont_Robot_Negativo|ont_Robot_Neutro|ont_Automatizacion_Positivo|ont_Automatizacion_Negativo|ont_Automatizacion_Neutro|ont_Etica_Positivo|ont_Etica_Negativo|ont_Etica_Neutro|ont_Innovacion_Positivo|ont_Innovacion_Negativo|ont_Innovacion_Neutro|ont_has_ontology_elements|ont_count_domain_concepts|ont_total_positivo_mentions|ont_total_negativo_mentions|ont_total_neutro_mentions|ont_domain_score|ont_domain_density,0.5674609669201941,0.6222910216718266,48,119,156,0.0913,0.4166666666666667,0.5550660792951542,0.7306501547987616,5000,train_standardized_float64
LR,ENR_selected,2024,6,ont_domain_density|ont_total_negativo_mentions|ont_InteligenciaArtificial_Negativo|ont_Innovacion_Neutro|ont_Etica_Negativo|ont_Tecnologia_Neutro,0.5863106205086561,0.6408668730650154,48,119,156,0.0521,0.44680851063829785,0.5575221238938053,0.754601226993865,5000,train_standardized_float64
LR,drop_ai,2024,34,ont_AprendizajeAutomatico_Positivo|ont_AprendizajeAutomatico_Negativo|ont_AprendizajeAutomatico_Neutro|ont_Tecnologia_Positivo|ont_Tecnologia_Negativo|ont_Tecnologia_Neutro|ont_Futuro_Positivo|ont_Futuro_Negativo|ont_Futuro_Neutro|ont_Datos_Positivo|ont_Datos_Negativo|ont_Datos_Neutro|ont_Algoritmo_Positivo|ont_Algoritmo_Negativo|ont_Algoritmo_Neutro|ont_Robot_Positivo|ont_Robot_Negativo|ont_Robot_Neutro|ont_Automatizacion_Positivo|ont_Automatizacion_Negativo|ont_Automatizacion_Neutro|ont_Etica_Positivo|ont_Etica_Negativo|ont_Etica_Neutro|ont_Innovacion_Positivo|ont_Innovacion_Negativo|ont_Innovacion_Neutro|ont_has_ontology_elements|ont_count_domain_concepts|ont_total_positivo_mentions|ont_total_negativo_mentions|ont_total_neutro_mentions|ont_domain_score|ont_domain_density,0.5738858252523277,0.628482972136223,48,119,156,0.0834,0.42105263157894735,0.5676855895196506,0.7329192546583851,5000,train_standardized_float64
LR,drop_ml,2024,34,ont_InteligenciaArtificial_Positivo|ont_InteligenciaArtificial_Negativo|ont_InteligenciaArtificial_Neutro|ont_Tecnologia_Positivo|ont_Tecnologia_Negativo|ont_Tecnologia_Neutro|ont_Futuro_Positivo|ont_Futuro_Negativo|ont_Futuro_Neutro|ont_Datos_Positivo|ont_Datos_Negativo|ont_Datos_Neutro|ont_Algoritmo_Positivo|ont_Algoritmo_Negativo|ont_Algoritmo_Neutro|ont_Robot_Positivo|ont_Robot_Negativo|ont_Robot_Neutro|ont_Automatizacion_Positivo|ont_Automatizacion_Negativo|ont_Automatizacion_Neutro|ont_Etica_Positivo|ont_Etica_Negativo|ont_Etica_Neutro|ont_Innovacion_Positivo|ont_Innovacion_Negativo|ont_Innovacion_Neutro|ont_has_ontology_elements|ont_count_domain_concepts|ont_total_positivo_mentions|ont_total_negativo_mentions|ont_total_neutro_mentions|ont_domain_score|ont_domain_density,0.5611300478460127,0.6160990712074303,48,119,156,0.0812,0.40860215053763443,0.5565217391304348,0.718266253869969,5000,train_standardized_float64
LR,drop_technology,2024,34,ont_InteligenciaArtificial_Positivo|ont_InteligenciaArtificial_Negativo|ont_InteligenciaArtificial_Neutro|ont_AprendizajeAutomatico_Positivo|ont_AprendizajeAutomatico_Negativo|ont_AprendizajeAutomatico_Neutro|ont_Futuro_Positivo|ont_Futuro_Negativo|ont_Futuro_Neutro|ont_Datos_Positivo|ont_Datos_Negativo|ont_Datos_Neutro|ont_Algoritmo_Positivo|ont_Algoritmo_Negativo|ont_Algoritmo_Neutro|ont_Robot_Positivo|ont_Robot_Negativo|ont_Robot_Neutro|ont_Automatizacion_Positivo|ont_Automatizacion_Negativo|ont_Automatizacion_Neutro|ont_Etica_Positivo|ont_Etica_Negativo|ont_Etica_Neutro|ont_Innovacion_Positivo|ont_Innovacion_Negativo|ont_Innovacion_Neutro|ont_has_ontology_elements|ont_count_domain_concepts|ont_total_positivo_mentions|ont_total_negativo_mentions|ont_total_neutro_mentions|ont_domain_score|ont_domain_density,0.5772181524257801,0.628482972136223,48,119,156,0.0949,0.4375,0.5589519650655022,0.735202492211838,5000,train_standardized_float64
LR,drop_future,2024,34,ont_InteligenciaArtificial_Positivo|ont_InteligenciaArtificial_Negativo|ont_InteligenciaArtificial_Neutro|ont_AprendizajeAutomatico_Positivo|ont_AprendizajeAutomatico_Negativo|ont_AprendizajeAutomatico_Neutro|ont_Tecnologia_Positivo|ont_Tecnologia_Negativo|ont_Tecnologia_Neutro|ont_Datos_Positivo|ont_Datos_Negativo|ont_Datos_Neutro|ont_Algoritmo_Positivo|ont_Algoritmo_Negativo|ont_Algoritmo_Neutro|ont_Robot_Positivo|ont_Robot_Negativo|ont_Robot_Neutro|ont_Automatizacion_Positivo|ont_Automatizacion_Negativo|ont_Automatizacion_Neutro|ont_Etica_Positivo|ont_Etica_Negativo|ont_Etica_Neutro|ont_Innovacion_Positivo|ont_Innovacion_Negativo|ont_Innovacion_Neutro|ont_has_ontology_elements|ont_count_domain_concepts|ont_total_positivo_mentions|ont_total_negativo_mentions|ont_total_neutro_mentions|ont_domain_score|ont_domain_density,0.5611813020706551,0.6160990712074303,48,119,156,0.0859,0.40816326530612246,0.5486725663716814,0.7267080745341615,5000,train_standardized_float64
LR,drop_data,2024,34,ont_InteligenciaArtificial_Positivo|ont_InteligenciaArtificial_Negativo|ont_InteligenciaArtificial_Neutro|ont_AprendizajeAutomatico_Positivo|ont_AprendizajeAutomatico_Negativo|ont_AprendizajeAutomatico_Neutro|ont_Tecnologia_Positivo|ont_Tecnologia_Negativo|ont_Tecnologia_Neutro|ont_Futuro_Positivo|ont_Futuro_Negativo|ont_Futuro_Neutro|ont_Algoritmo_Positivo|ont_Algoritmo_Negativo|ont_Algoritmo_Neutro|ont_Robot_Positivo|ont_Robot_Negativo|ont_Robot_Neutro|ont_Automatizacion_Positivo|ont_Automatizacion_Negativo|ont_Automatizacion_Neutro|ont_Etica_Positivo|ont_Etica_Negativo|ont_Etica_Neutro|ont_Innovacion_Positivo|ont_Innovacion_Negativo|ont_Innovacion_Neutro|ont_has_ontology_elements|ont_count_domain_concepts|ont_total_positivo_mentions|ont_total_negativo_mentions|ont_total_neutro_mentions|ont_domain_score|ont_domain_density,0.5738858252523277,0.628482972136223,48,119,156,0.0835,0.42105263157894735,0.5676855895196506,0.7329192546583851,5000,train_standardized_float64
LR,drop_algorithm,2024,34,ont_InteligenciaArtificial_Positivo|ont_InteligenciaArtificial_Negativo|ont_InteligenciaArtificial_Neutro|ont_AprendizajeAutomatico_Positivo|ont_AprendizajeAutomatico_Negativo|ont_AprendizajeAutomatico_Neutro|ont_Tecnologia_Positivo|ont_Tecnologia_Negativo|ont_Tecnologia_Neutro|ont_Futuro_Positivo|ont_Futuro_Negativo|ont_Futuro_Neutro|ont_Datos_Positivo|ont_Datos_Negativo|ont_Datos_Neutro|ont_Robot_Positivo|ont_Robot_Negativo|ont_Robot_Neutro|ont_Automatizacion_Positivo|ont_Automatizacion_Negativo|ont_Automatizacion_Neutro|ont_Etica_Positivo|ont_Etica_Negativo|ont_Etica_Neutro|ont_Innovacion_Positivo|ont_Innovacion_Negativo|ont_Innovacion_Neutro|ont_has_ontology_elements|ont_count_domain_concepts|ont_total_positivo_mentions|ont_total_negativo_mentions|ont_total_neutro_mentions|ont_domain_score|ont_domain_density,0.571065950000056,0.6253869969040248,48,119,156,0.0864,0.41237113402061853,0.5689655172413793,0.7318611987381703,5000,train_standardized_float64
LR,drop_robot,2024,34,ont_InteligenciaArtificial_Positivo|ont_InteligenciaArtificial_Negativo|ont_InteligenciaArtificial_Neutro|ont_AprendizajeAutomatico_Positivo|ont_AprendizajeAutomatico_Negativo|ont_AprendizajeAutomatico_Neutro|ont_Tecnologia_Positivo|ont_Tecnologia_Negativo|ont_Tecnologia_Neutro|ont_Futuro_Positivo|ont_Futuro_Negativo|ont_Futuro_Neutro|ont_Datos_Positivo|ont_Datos_Negativo|ont_Datos_Neutro|ont_Algoritmo_Positivo|ont_Algoritmo_Negativo|ont_Algoritmo_Neutro|ont_Automatizacion_Positivo|ont_Automatizacion_Negativo|ont_Automatizacion_Neutro|ont_Etica_Positivo|ont_Etica_Negativo|ont_Etica_Neutro|ont_Innovacion_Positivo|ont_Innovacion_Negativo|ont_Innovacion_Neutro|ont_has_ontology_elements|ont_count_domain_concepts|ont_total_positivo_mentions|ont_total_negativo_mentions|ont_total_neutro_mentions|ont_domain_score|ont_domain_density,0.5526866408445356,0.6130030959752322,48,119,156,0.0813,0.37894736842105264,0.5541125541125541,0.725,5000,train_standardized_float64
LR,drop_automation,2024,34,ont_InteligenciaArtificial_Positivo|ont_InteligenciaArtificial_Negativo|ont_InteligenciaArtificial_Neutro|ont_AprendizajeAutomatico_Positivo|ont_AprendizajeAutomatico_Negativo|ont_AprendizajeAutomatico_Neutro|ont_Tecnologia_Positivo|ont_Tecnologia_Negativo|ont_Tecnologia_Neutro|ont_Futuro_Positivo|ont_Futuro_Negativo|ont_Futuro_Neutro|ont_Datos_Positivo|ont_Datos_Negativo|ont_Datos_Neutro|ont_Algoritmo_Positivo|ont_Algoritmo_Negativo|ont_Algoritmo_Neutro|ont_Robot_Positivo|ont_Robot_Negativo|ont_Robot_Neutro|ont_Etica_Positivo|ont_Etica_Negativo|ont_Etica_Neutro|ont_Innovacion_Positivo|ont_Innovacion_Negativo|ont_Innovacion_Neutro|ont_has_ontology_elements|ont_count_domain_concepts|ont_total_positivo_mentions|ont_total_negativo_mentions|ont_total_neutro_mentions|ont_domain_score|ont_domain_density,0.5700544165338317,0.6222910216718266,48,119,156,0.0821,0.42857142857142855,0.5486725663716814,0.7329192546583851,5000,train_standardized_float64
LR,drop_ethics,2024,34,ont_InteligenciaArtificial_Positivo|ont_InteligenciaArtificial_Negativo|ont_InteligenciaArtificial_Neutro|ont_AprendizajeAutomatico_Positivo|ont_AprendizajeAutomatico_Negativo|ont_AprendizajeAutomatico_Neutro|ont_Tecnologia_Positivo|ont_Tecnologia_Negativo|ont_Tecnologia_Neutro|ont_Futuro_Positivo|ont_Futuro_Negativo|ont_Futuro_Neutro|ont_Datos_Positivo|ont_Datos_Negativo|ont_Datos_Neutro|ont_Algoritmo_Positivo|ont_Algoritmo_Negativo|ont_Algoritmo_Neutro|ont_Robot_Positivo|ont_Robot_Negativo|ont_Robot_Neutro|ont_Automatizacion_Positivo|ont_Automatizacion_Negativo|ont_Automatizacion_Neutro|ont_Innovacion_Positivo|ont_Innovacion_Negativo|ont_Innovacion_Neutro|ont_has_ontology_elements|ont_count_domain_concepts|ont_total_positivo_mentions|ont_total_negativo_mentions|ont_total_neutro_mentions|ont_domain_score|ont_domain_density,0.5653326148454405,0.6222910216718266,48,119,156,0.0885,0.40425531914893614,0.5627705627705628,0.7289719626168224,5000,train_standardized_float64
LR,drop_innovation,2024,34,ont_InteligenciaArtificial_Positivo|ont_InteligenciaArtificial_Negativo|ont_InteligenciaArtificial_Neutro|ont_AprendizajeAutomatico_Positivo|ont_AprendizajeAutomatico_Negativo|ont_AprendizajeAutomatico_Neutro|ont_Tecnologia_Positivo|ont_Tecnologia_Negativo|ont_Tecnologia_Neutro|ont_Futuro_Positivo|ont_Futuro_Negativo|ont_Futuro_Neutro|ont_Datos_Positivo|ont_Datos_Negativo|ont_Datos_Neutro|ont_Algoritmo_Positivo|ont_Algoritmo_Negativo|ont_Algoritmo_Neutro|ont_Robot_Positivo|ont_Robot_Negativo|ont_Robot_Neutro|ont_Automatizacion_Positivo|ont_Automatizacion_Negativo|ont_Automatizacion_Neutro|ont_Etica_Positivo|ont_Etica_Negativo|ont_Etica_Neutro|ont_has_ontology_elements|ont_count_domain_concepts|ont_total_positivo_mentions|ont_total_negativo_mentions|ont_total_neutro_mentions|ont_domain_score|ont_domain_density,0.5681968647829971,0.6222910216718266,48,119,156,0.0834,0.4166666666666667,0.5589519650655022,0.7289719626168224,5000,train_standardized_float64
LR,drop_global_counts,2024,30,ont_InteligenciaArtificial_Positivo|ont_InteligenciaArtificial_Negativo|ont_InteligenciaArtificial_Neutro|ont_AprendizajeAutomatico_Positivo|ont_AprendizajeAutomatico_Negativo|ont_AprendizajeAutomatico_Neutro|ont_Tecnologia_Positivo|ont_Tecnologia_Negativo|ont_Tecnologia_Neutro|ont_Futuro_Positivo|ont_Futuro_Negativo|ont_Futuro_Neutro|ont_Datos_Positivo|ont_Datos_Negativo|ont_Datos_Neutro|ont_Algoritmo_Positivo|ont_Algoritmo_Negativo|ont_Algoritmo_Neutro|ont_Robot_Positivo|ont_Robot_Negativo|ont_Robot_Neutro|ont_Automatizacion_Positivo|ont_Automatizacion_Negativo|ont_Automatizacion_Neutro|ont_Etica_Positivo|ont_Etica_Negativo|ont_Etica_Neutro|ont_Innovacion_Positivo|ont_Innovacion_Negativo|ont_Innovacion_Neutro,0.5715819939957871,0.6222910216718266,48,119,156,0.0722,0.42424242424242425,0.5603448275862069,0.7301587301587301,5000,train_standardized_float64
RF,BSL,42,0,,0.602751500899649,0.6470588235294118,48,119,156,0.2782,0.4772727272727273,0.6008230452674898,0.7301587301587301,10000,text_only
RF,ENR_full_37,42,37,ont_InteligenciaArtificial_Positivo|ont_InteligenciaArtificial_Negativo|ont_InteligenciaArtificial_Neutro|ont_AprendizajeAutomatico_Positivo|ont_AprendizajeAutomatico_Negativo|ont_AprendizajeAutomatico_Neutro|ont_Tecnologia_Positivo|ont_Tecnologia_Negativo|ont_Tecnologia_Neutro|ont_Futuro_Positivo|ont_Futuro_Negativo|ont_Futuro_Neutro|ont_Datos_Positivo|ont_Datos_Negativo|ont_Datos_Neutro|ont_Algoritmo_Positivo|ont_Algoritmo_Negativo|ont_Algoritmo_Neutro|ont_Robot_Positivo|ont_Robot_Negativo|ont_Robot_Neutro|ont_Automatizacion_Positivo|ont_Automatizacion_Negativo|ont_Automatizacion_Neutro|ont_Etica_Positivo|ont_Etica_Negativo|ont_Etica_Neutro|ont_Innovacion_Positivo|ont_Innovacion_Negativo|ont_Innovacion_Neutro|ont_has_ontology_elements|ont_count_domain_concepts|ont_total_positivo_mentions|ont_total_negativo_mentions|ont_total_neutro_mentions|ont_domain_score|ont_domain_density,0.5846075781969862,0.6099071207430341,48,119,156,0.2859,0.5227272727272727,0.5560165975103735,0.6750788643533123,10000,raw_float64
RF,ENR_selected,42,6,ont_domain_density|ont_total_negativo_mentions|ont_InteligenciaArtificial_Negativo|ont_Innovacion_Neutro|ont_Etica_Negativo|ont_Tecnologia_Neutro,0.5973798000201117,0.6346749226006192,48,119,156,0.2823,0.5,0.5774058577405857,0.7147335423197492,10000,raw_float64
RF,drop_ai,42,34,ont_AprendizajeAutomatico_Positivo|ont_AprendizajeAutomatico_Negativo|ont_AprendizajeAutomatico_Neutro|ont_Tecnologia_Positivo|ont_Tecnologia_Negativo|ont_Tecnologia_Neutro|ont_Futuro_Positivo|ont_Futuro_Negativo|ont_Futuro_Neutro|ont_Datos_Positivo|ont_Datos_Negativo|ont_Datos_Neutro|ont_Algoritmo_Positivo|ont_Algoritmo_Negativo|ont_Algoritmo_Neutro|ont_Robot_Positivo|ont_Robot_Negativo|ont_Robot_Neutro|ont_Automatizacion_Positivo|ont_Automatizacion_Negativo|ont_Automatizacion_Neutro|ont_Etica_Positivo|ont_Etica_Negativo|ont_Etica_Neutro|ont_Innovacion_Positivo|ont_Innovacion_Negativo|ont_Innovacion_Neutro|ont_has_ontology_elements|ont_count_domain_concepts|ont_total_positivo_mentions|ont_total_negativo_mentions|ont_total_neutro_mentions|ont_domain_score|ont_domain_density,0.596119133248647,0.6377708978328174,48,119,156,0.2907,0.4819277108433735,0.5934959349593496,0.7129337539432177,10000,raw_float64
RF,drop_ml,42,34,ont_InteligenciaArtificial_Positivo|ont_InteligenciaArtificial_Negativo|ont_InteligenciaArtificial_Neutro|ont_Tecnologia_Positivo|ont_Tecnologia_Negativo|ont_Tecnologia_Neutro|ont_Futuro_Positivo|ont_Futuro_Negativo|ont_Futuro_Neutro|ont_Datos_Positivo|ont_Datos_Negativo|ont_Datos_Neutro|ont_Algoritmo_Positivo|ont_Algoritmo_Negativo|ont_Algoritmo_Neutro|ont_Robot_Positivo|ont_Robot_Negativo|ont_Robot_Neutro|ont_Automatizacion_Positivo|ont_Automatizacion_Negativo|ont_Automatizacion_Neutro|ont_Etica_Positivo|ont_Etica_Negativo|ont_Etica_Neutro|ont_Innovacion_Positivo|ont_Innovacion_Negativo|ont_Innovacion_Neutro|ont_has_ontology_elements|ont_count_domain_concepts|ont_total_positivo_mentions|ont_total_negativo_mentions|ont_total_neutro_mentions|ont_domain_score|ont_domain_density,0.5911366197552218,0.6253869969040248,48,119,156,0.2942,0.5063291139240507,0.5714285714285714,0.6956521739130435,10000,raw_float64
RF,drop_technology,42,34,ont_InteligenciaArtificial_Positivo|ont_InteligenciaArtificial_Negativo|ont_InteligenciaArtificial_Neutro|ont_AprendizajeAutomatico_Positivo|ont_AprendizajeAutomatico_Negativo|ont_AprendizajeAutomatico_Neutro|ont_Futuro_Positivo|ont_Futuro_Negativo|ont_Futuro_Neutro|ont_Datos_Positivo|ont_Datos_Negativo|ont_Datos_Neutro|ont_Algoritmo_Positivo|ont_Algoritmo_Negativo|ont_Algoritmo_Neutro|ont_Robot_Positivo|ont_Robot_Negativo|ont_Robot_Neutro|ont_Automatizacion_Positivo|ont_Automatizacion_Negativo|ont_Automatizacion_Neutro|ont_Etica_Positivo|ont_Etica_Negativo|ont_Etica_Neutro|ont_Innovacion_Positivo|ont_Innovacion_Negativo|ont_Innovacion_Neutro|ont_has_ontology_elements|ont_count_domain_concepts|ont_total_positivo_mentions|ont_total_negativo_mentions|ont_total_neutro_mentions|ont_domain_score|ont_domain_density,0.6028557839186176,0.6408668730650154,48,119,156,0.2893,0.5063291139240507,0.5901639344262295,0.7120743034055728,10000,raw_float64
RF,drop_future,42,34,ont_InteligenciaArtificial_Positivo|ont_InteligenciaArtificial_Negativo|ont_InteligenciaArtificial_Neutro|ont_AprendizajeAutomatico_Positivo|ont_AprendizajeAutomatico_Negativo|ont_AprendizajeAutomatico_Neutro|ont_Tecnologia_Positivo|ont_Tecnologia_Negativo|ont_Tecnologia_Neutro|ont_Datos_Positivo|ont_Datos_Negativo|ont_Datos_Neutro|ont_Algoritmo_Positivo|ont_Algoritmo_Negativo|ont_Algoritmo_Neutro|ont_Robot_Positivo|ont_Robot_Negativo|ont_Robot_Neutro|ont_Automatizacion_Positivo|ont_Automatizacion_Negativo|ont_Automatizacion_Neutro|ont_Etica_Positivo|ont_Etica_Negativo|ont_Etica_Neutro|ont_Innovacion_Positivo|ont_Innovacion_Negativo|ont_Innovacion_Neutro|ont_has_ontology_elements|ont_count_domain_concepts|ont_total_positivo_mentions|ont_total_negativo_mentions|ont_total_neutro_mentions|ont_domain_score|ont_domain_density,0.5857400818757917,0.6222910216718266,48,119,156,0.2913,0.49382716049382713,0.5655737704918032,0.6978193146417445,10000,raw_float64
RF,drop_data,42,34,ont_InteligenciaArtificial_Positivo|ont_InteligenciaArtificial_Negativo|ont_InteligenciaArtificial_Neutro|ont_AprendizajeAutomatico_Positivo|ont_AprendizajeAutomatico_Negativo|ont_AprendizajeAutomatico_Neutro|ont_Tecnologia_Positivo|ont_Tecnologia_Negativo|ont_Tecnologia_Neutro|ont_Futuro_Positivo|ont_Futuro_Negativo|ont_Futuro_Neutro|ont_Algoritmo_Positivo|ont_Algoritmo_Negativo|ont_Algoritmo_Neutro|ont_Robot_Positivo|ont_Robot_Negativo|ont_Robot_Neutro|ont_Automatizacion_Positivo|ont_Automatizacion_Negativo|ont_Automatizacion_Neutro|ont_Etica_Positivo|ont_Etica_Negativo|ont_Etica_Neutro|ont_Innovacion_Positivo|ont_Innovacion_Negativo|ont_Innovacion_Neutro|ont_has_ontology_elements|ont_count_domain_concepts|ont_total_positivo_mentions|ont_total_negativo_mentions|ont_total_neutro_mentions|ont_domain_score|ont_domain_density,0.5931026944307809,0.6253869969040248,48,119,156,0.2923,0.5128205128205128,0.5748987854251012,0.6915887850467289,10000,raw_float64
RF,drop_algorithm,42,34,ont_InteligenciaArtificial_Positivo|ont_InteligenciaArtificial_Negativo|ont_InteligenciaArtificial_Neutro|ont_AprendizajeAutomatico_Positivo|ont_AprendizajeAutomatico_Negativo|ont_AprendizajeAutomatico_Neutro|ont_Tecnologia_Positivo|ont_Tecnologia_Negativo|ont_Tecnologia_Neutro|ont_Futuro_Positivo|ont_Futuro_Negativo|ont_Futuro_Neutro|ont_Datos_Positivo|ont_Datos_Negativo|ont_Datos_Neutro|ont_Robot_Positivo|ont_Robot_Negativo|ont_Robot_Neutro|ont_Automatizacion_Positivo|ont_Automatizacion_Negativo|ont_Automatizacion_Neutro|ont_Etica_Positivo|ont_Etica_Negativo|ont_Etica_Neutro|ont_Innovacion_Positivo|ont_Innovacion_Negativo|ont_Innovacion_Neutro|ont_has_ontology_elements|ont_count_domain_concepts|ont_total_positivo_mentions|ont_total_negativo_mentions|ont_total_neutro_mentions|ont_domain_score|ont_domain_density,0.5886964271082996,0.628482972136223,48,119,156,0.2926,0.4819277108433735,0.5819672131147541,0.7021943573667712,10000,raw_float64
RF,drop_robot,42,34,ont_InteligenciaArtificial_Positivo|ont_InteligenciaArtificial_Negativo|ont_InteligenciaArtificial_Neutro|ont_AprendizajeAutomatico_Positivo|ont_AprendizajeAutomatico_Negativo|ont_AprendizajeAutomatico_Neutro|ont_Tecnologia_Positivo|ont_Tecnologia_Negativo|ont_Tecnologia_Neutro|ont_Futuro_Positivo|ont_Futuro_Negativo|ont_Futuro_Neutro|ont_Datos_Positivo|ont_Datos_Negativo|ont_Datos_Neutro|ont_Algoritmo_Positivo|ont_Algoritmo_Negativo|ont_Algoritmo_Neutro|ont_Automatizacion_Positivo|ont_Automatizacion_Negativo|ont_Automatizacion_Neutro|ont_Etica_Positivo|ont_Etica_Negativo|ont_Etica_Neutro|ont_Innovacion_Positivo|ont_Innovacion_Negativo|ont_Innovacion_Neutro|ont_has_ontology_elements|ont_count_domain_concepts|ont_total_positivo_mentions|ont_total_negativo_mentions|ont_total_neutro_mentions|ont_domain_score|ont_domain_density,0.5917997643415444,0.631578947368421,48,119,156,0.2925,0.4819277108433735,0.5887096774193549,0.7047619047619048,10000,raw_float64
RF,drop_automation,42,34,ont_InteligenciaArtificial_Positivo|ont_InteligenciaArtificial_Negativo|ont_InteligenciaArtificial_Neutro|ont_AprendizajeAutomatico_Positivo|ont_AprendizajeAutomatico_Negativo|ont_AprendizajeAutomatico_Neutro|ont_Tecnologia_Positivo|ont_Tecnologia_Negativo|ont_Tecnologia_Neutro|ont_Futuro_Positivo|ont_Futuro_Negativo|ont_Futuro_Neutro|ont_Datos_Positivo|ont_Datos_Negativo|ont_Datos_Neutro|ont_Algoritmo_Positivo|ont_Algoritmo_Negativo|ont_Algoritmo_Neutro|ont_Robot_Positivo|ont_Robot_Negativo|ont_Robot_Neutro|ont_Etica_Positivo|ont_Etica_Negativo|ont_Etica_Neutro|ont_Innovacion_Positivo|ont_Innovacion_Negativo|ont_Innovacion_Neutro|ont_has_ontology_elements|ont_count_domain_concepts|ont_total_positivo_mentions|ont_total_negativo_mentions|ont_total_neutro_mentions|ont_domain_score|ont_domain_density,0.5948327982737415,0.628482972136223,48,119,156,0.2939,0.5063291139240507,0.5863453815261044,0.6918238993710691,10000,raw_float64
RF,drop_ethics,42,34,ont_InteligenciaArtificial_Positivo|ont_InteligenciaArtificial_Negativo|ont_InteligenciaArtificial_Neutro|ont_AprendizajeAutomatico_Positivo|ont_AprendizajeAutomatico_Negativo|ont_AprendizajeAutomatico_Neutro|ont_Tecnologia_Positivo|ont_Tecnologia_Negativo|ont_Tecnologia_Neutro|ont_Futuro_Positivo|ont_Futuro_Negativo|ont_Futuro_Neutro|ont_Datos_Positivo|ont_Datos_Negativo|ont_Datos_Neutro|ont_Algoritmo_Positivo|ont_Algoritmo_Negativo|ont_Algoritmo_Neutro|ont_Robot_Positivo|ont_Robot_Negativo|ont_Robot_Neutro|ont_Automatizacion_Positivo|ont_Automatizacion_Negativo|ont_Automatizacion_Neutro|ont_Innovacion_Positivo|ont_Innovacion_Negativo|ont_Innovacion_Neutro|ont_has_ontology_elements|ont_count_domain_concepts|ont_total_positivo_mentions|ont_total_negativo_mentions|ont_total_neutro_mentions|ont_domain_score|ont_domain_density,0.5985956817654791,0.6377708978328174,48,119,156,0.2865,0.49382716049382713,0.5934959349593496,0.7084639498432602,10000,raw_float64
RF,drop_innovation,42,34,ont_InteligenciaArtificial_Positivo|ont_InteligenciaArtificial_Negativo|ont_InteligenciaArtificial_Neutro|ont_AprendizajeAutomatico_Positivo|ont_AprendizajeAutomatico_Negativo|ont_AprendizajeAutomatico_Neutro|ont_Tecnologia_Positivo|ont_Tecnologia_Negativo|ont_Tecnologia_Neutro|ont_Futuro_Positivo|ont_Futuro_Negativo|ont_Futuro_Neutro|ont_Datos_Positivo|ont_Datos_Negativo|ont_Datos_Neutro|ont_Algoritmo_Positivo|ont_Algoritmo_Negativo|ont_Algoritmo_Neutro|ont_Robot_Positivo|ont_Robot_Negativo|ont_Robot_Neutro|ont_Automatizacion_Positivo|ont_Automatizacion_Negativo|ont_Automatizacion_Neutro|ont_Etica_Positivo|ont_Etica_Negativo|ont_Etica_Neutro|ont_has_ontology_elements|ont_count_domain_concepts|ont_total_positivo_mentions|ont_total_negativo_mentions|ont_total_neutro_mentions|ont_domain_score|ont_domain_density,0.5810828252676439,0.6191950464396285,48,119,156,0.2873,0.4810126582278481,0.5725806451612904,0.6896551724137931,10000,raw_float64
RF,drop_global_counts,42,30,ont_InteligenciaArtificial_Positivo|ont_InteligenciaArtificial_Negativo|ont_InteligenciaArtificial_Neutro|ont_AprendizajeAutomatico_Positivo|ont_AprendizajeAutomatico_Negativo|ont_AprendizajeAutomatico_Neutro|ont_Tecnologia_Positivo|ont_Tecnologia_Negativo|ont_Tecnologia_Neutro|ont_Futuro_Positivo|ont_Futuro_Negativo|ont_Futuro_Neutro|ont_Datos_Positivo|ont_Datos_Negativo|ont_Datos_Neutro|ont_Algoritmo_Positivo|ont_Algoritmo_Negativo|ont_Algoritmo_Neutro|ont_Robot_Positivo|ont_Robot_Negativo|ont_Robot_Neutro|ont_Automatizacion_Positivo|ont_Automatizacion_Negativo|ont_Automatizacion_Neutro|ont_Etica_Positivo|ont_Etica_Negativo|ont_Etica_Neutro|ont_Innovacion_Positivo|ont_Innovacion_Negativo|ont_Innovacion_Neutro,0.589203007305053,0.628482972136223,48,119,156,0.283,0.4819277108433735,0.5853658536585366,0.7003154574132492,10000,raw_float64
RF,BSL,123,0,,0.5894296827902549,0.6377708978328174,48,119,156,0.2892,0.449438202247191,0.5950413223140496,0.7238095238095238,10000,text_only
RF,ENR_full_37,123,37,ont_InteligenciaArtificial_Positivo|ont_InteligenciaArtificial_Negativo|ont_InteligenciaArtificial_Neutro|ont_AprendizajeAutomatico_Positivo|ont_AprendizajeAutomatico_Negativo|ont_AprendizajeAutomatico_Neutro|ont_Tecnologia_Positivo|ont_Tecnologia_Negativo|ont_Tecnologia_Neutro|ont_Futuro_Positivo|ont_Futuro_Negativo|ont_Futuro_Neutro|ont_Datos_Positivo|ont_Datos_Negativo|ont_Datos_Neutro|ont_Algoritmo_Positivo|ont_Algoritmo_Negativo|ont_Algoritmo_Neutro|ont_Robot_Positivo|ont_Robot_Negativo|ont_Robot_Neutro|ont_Automatizacion_Positivo|ont_Automatizacion_Negativo|ont_Automatizacion_Neutro|ont_Etica_Positivo|ont_Etica_Negativo|ont_Etica_Neutro|ont_Innovacion_Positivo|ont_Innovacion_Negativo|ont_Innovacion_Neutro|ont_has_ontology_elements|ont_count_domain_concepts|ont_total_positivo_mentions|ont_total_negativo_mentions|ont_total_neutro_mentions|ont_domain_score|ont_domain_density,0.5510574625927324,0.6006191950464397,48,119,156,0.2972,0.4266666666666667,0.5477178423236515,0.6787878787878788,10000,raw_float64
RF,ENR_selected,123,6,ont_domain_density|ont_total_negativo_mentions|ont_InteligenciaArtificial_Negativo|ont_Innovacion_Neutro|ont_Etica_Negativo|ont_Tecnologia_Neutro,0.5966199137883001,0.6408668730650154,48,119,156,0.2786,0.47058823529411764,0.6040816326530613,0.7151898734177216,10000,raw_float64
RF,drop_ai,123,34,ont_AprendizajeAutomatico_Positivo|ont_AprendizajeAutomatico_Negativo|ont_AprendizajeAutomatico_Neutro|ont_Tecnologia_Positivo|ont_Tecnologia_Negativo|ont_Tecnologia_Neutro|ont_Futuro_Positivo|ont_Futuro_Negativo|ont_Futuro_Neutro|ont_Datos_Positivo|ont_Datos_Negativo|ont_Datos_Neutro|ont_Algoritmo_Positivo|ont_Algoritmo_Negativo|ont_Algoritmo_Neutro|ont_Robot_Positivo|ont_Robot_Negativo|ont_Robot_Neutro|ont_Automatizacion_Positivo|ont_Automatizacion_Negativo|ont_Automatizacion_Neutro|ont_Etica_Positivo|ont_Etica_Negativo|ont_Etica_Neutro|ont_Innovacion_Positivo|ont_Innovacion_Negativo|ont_Innovacion_Neutro|ont_has_ontology_elements|ont_count_domain_concepts|ont_total_positivo_mentions|ont_total_negativo_mentions|ont_total_neutro_mentions|ont_domain_score|ont_domain_density,0.600131515804259,0.6408668730650154,48,119,156,0.2884,0.4883720930232558,0.5950413223140496,0.7169811320754716,10000,raw_float64
RF,drop_ml,123,34,ont_InteligenciaArtificial_Positivo|ont_InteligenciaArtificial_Negativo|ont_InteligenciaArtificial_Neutro|ont_Tecnologia_Positivo|ont_Tecnologia_Negativo|ont_Tecnologia_Neutro|ont_Futuro_Positivo|ont_Futuro_Negativo|ont_Futuro_Neutro|ont_Datos_Positivo|ont_Datos_Negativo|ont_Datos_Neutro|ont_Algoritmo_Positivo|ont_Algoritmo_Negativo|ont_Algoritmo_Neutro|ont_Robot_Positivo|ont_Robot_Negativo|ont_Robot_Neutro|ont_Automatizacion_Positivo|ont_Automatizacion_Negativo|ont_Automatizacion_Neutro|ont_Etica_Positivo|ont_Etica_Negativo|ont_Etica_Neutro|ont_Innovacion_Positivo|ont_Innovacion_Negativo|ont_Innovacion_Neutro|ont_has_ontology_elements|ont_count_domain_concepts|ont_total_positivo_mentions|ont_total_negativo_mentions|ont_total_neutro_mentions|ont_domain_score|ont_domain_density,0.5854236322841334,0.6253869969040248,48,119,156,0.2921,0.47619047619047616,0.5819672131147541,0.6981132075471698,10000,raw_float64
RF,drop_technology,123,34,ont_InteligenciaArtificial_Positivo|ont_InteligenciaArtificial_Negativo|ont_InteligenciaArtificial_Neutro|ont_AprendizajeAutomatico_Positivo|ont_AprendizajeAutomatico_Negativo|ont_AprendizajeAutomatico_Neutro|ont_Futuro_Positivo|ont_Futuro_Negativo|ont_Futuro_Neutro|ont_Datos_Positivo|ont_Datos_Negativo|ont_Datos_Neutro|ont_Algoritmo_Positivo|ont_Algoritmo_Negativo|ont_Algoritmo_Neutro|ont_Robot_Positivo|ont_Robot_Negativo|ont_Robot_Neutro|ont_Automatizacion_Positivo|ont_Automatizacion_Negativo|ont_Automatizacion_Neutro|ont_Etica_Positivo|ont_Etica_Negativo|ont_Etica_Neutro|ont_Innovacion_Positivo|ont_Innovacion_Negativo|ont_Innovacion_Neutro|ont_has_ontology_elements|ont_count_domain_concepts|ont_total_positivo_mentions|ont_total_negativo_mentions|ont_total_neutro_mentions|ont_domain_score|ont_domain_density,0.5790504644345355,0.6253869969040248,48,119,156,0.2987,0.45569620253164556,0.5795918367346938,0.7018633540372671,10000,raw_float64
RF,drop_future,123,34,ont_InteligenciaArtificial_Positivo|ont_InteligenciaArtificial_Negativo|ont_InteligenciaArtificial_Neutro|ont_AprendizajeAutomatico_Positivo|ont_AprendizajeAutomatico_Negativo|ont_AprendizajeAutomatico_Neutro|ont_Tecnologia_Positivo|ont_Tecnologia_Negativo|ont_Tecnologia_Neutro|ont_Datos_Positivo|ont_Datos_Negativo|ont_Datos_Neutro|ont_Algoritmo_Positivo|ont_Algoritmo_Negativo|ont_Algoritmo_Neutro|ont_Robot_Positivo|ont_Robot_Negativo|ont_Robot_Neutro|ont_Automatizacion_Positivo|ont_Automatizacion_Negativo|ont_Automatizacion_Neutro|ont_Etica_Positivo|ont_Etica_Negativo|ont_Etica_Neutro|ont_Innovacion_Positivo|ont_Innovacion_Negativo|ont_Innovacion_Neutro|ont_has_ontology_elements|ont_count_domain_concepts|ont_total_positivo_mentions|ont_total_negativo_mentions|ont_total_neutro_mentions|ont_domain_score|ont_domain_density,0.5652706152002916,0.6160990712074303,48,119,156,0.2966,0.43037974683544306,0.5679012345679012,0.6975308641975309,10000,raw_float64
RF,drop_data,123,34,ont_InteligenciaArtificial_Positivo|ont_InteligenciaArtificial_Negativo|ont_InteligenciaArtificial_Neutro|ont_AprendizajeAutomatico_Positivo|ont_AprendizajeAutomatico_Negativo|ont_AprendizajeAutomatico_Neutro|ont_Tecnologia_Positivo|ont_Tecnologia_Negativo|ont_Tecnologia_Neutro|ont_Futuro_Positivo|ont_Futuro_Negativo|ont_Futuro_Neutro|ont_Algoritmo_Positivo|ont_Algoritmo_Negativo|ont_Algoritmo_Neutro|ont_Robot_Positivo|ont_Robot_Negativo|ont_Robot_Neutro|ont_Automatizacion_Positivo|ont_Automatizacion_Negativo|ont_Automatizacion_Neutro|ont_Etica_Positivo|ont_Etica_Negativo|ont_Etica_Neutro|ont_Innovacion_Positivo|ont_Innovacion_Negativo|ont_Innovacion_Neutro|ont_has_ontology_elements|ont_count_domain_concepts|ont_total_positivo_mentions|ont_total_negativo_mentions|ont_total_neutro_mentions|ont_domain_score|ont_domain_density,0.5873231495520129,0.6253869969040248,48,119,156,0.2924,0.4878048780487805,0.5785123966942148,0.6956521739130435,10000,raw_float64
RF,drop_algorithm,123,34,ont_InteligenciaArtificial_Positivo|ont_InteligenciaArtificial_Negativo|ont_InteligenciaArtificial_Neutro|ont_AprendizajeAutomatico_Positivo|ont_AprendizajeAutomatico_Negativo|ont_AprendizajeAutomatico_Neutro|ont_Tecnologia_Positivo|ont_Tecnologia_Negativo|ont_Tecnologia_Neutro|ont_Futuro_Positivo|ont_Futuro_Negativo|ont_Futuro_Neutro|ont_Datos_Positivo|ont_Datos_Negativo|ont_Datos_Neutro|ont_Robot_Positivo|ont_Robot_Negativo|ont_Robot_Neutro|ont_Automatizacion_Positivo|ont_Automatizacion_Negativo|ont_Automatizacion_Neutro|ont_Etica_Positivo|ont_Etica_Negativo|ont_Etica_Neutro|ont_Innovacion_Positivo|ont_Innovacion_Negativo|ont_Innovacion_Neutro|ont_has_ontology_elements|ont_count_domain_concepts|ont_total_positivo_mentions|ont_total_negativo_mentions|ont_total_neutro_mentions|ont_domain_score|ont_domain_density,0.5971359558316081,0.6346749226006192,48,119,156,0.2908,0.5,0.5833333333333334,0.7080745341614907,10000,raw_float64
RF,drop_robot,123,34,ont_InteligenciaArtificial_Positivo|ont_InteligenciaArtificial_Negativo|ont_InteligenciaArtificial_Neutro|ont_AprendizajeAutomatico_Positivo|ont_AprendizajeAutomatico_Negativo|ont_AprendizajeAutomatico_Neutro|ont_Tecnologia_Positivo|ont_Tecnologia_Negativo|ont_Tecnologia_Neutro|ont_Futuro_Positivo|ont_Futuro_Negativo|ont_Futuro_Neutro|ont_Datos_Positivo|ont_Datos_Negativo|ont_Datos_Neutro|ont_Algoritmo_Positivo|ont_Algoritmo_Negativo|ont_Algoritmo_Neutro|ont_Automatizacion_Positivo|ont_Automatizacion_Negativo|ont_Automatizacion_Neutro|ont_Etica_Positivo|ont_Etica_Negativo|ont_Etica_Neutro|ont_Innovacion_Positivo|ont_Innovacion_Negativo|ont_Innovacion_Neutro|ont_has_ontology_elements|ont_count_domain_concepts|ont_total_positivo_mentions|ont_total_negativo_mentions|ont_total_neutro_mentions|ont_domain_score|ont_domain_density,0.5730686405744869,0.6222910216718266,48,119,156,0.2916,0.43902439024390244,0.5761316872427984,0.7040498442367601,10000,raw_float64
RF,drop_automation,123,34,ont_InteligenciaArtificial_Positivo|ont_InteligenciaArtificial_Negativo|ont_InteligenciaArtificial_Neutro|ont_AprendizajeAutomatico_Positivo|ont_AprendizajeAutomatico_Negativo|ont_AprendizajeAutomatico_Neutro|ont_Tecnologia_Positivo|ont_Tecnologia_Negativo|ont_Tecnologia_Neutro|ont_Futuro_Positivo|ont_Futuro_Negativo|ont_Futuro_Neutro|ont_Datos_Positivo|ont_Datos_Negativo|ont_Datos_Neutro|ont_Algoritmo_Positivo|ont_Algoritmo_Negativo|ont_Algoritmo_Neutro|ont_Robot_Positivo|ont_Robot_Negativo|ont_Robot_Neutro|ont_Etica_Positivo|ont_Etica_Negativo|ont_Etica_Neutro|ont_Innovacion_Positivo|ont_Innovacion_Negativo|ont_Innovacion_Neutro|ont_has_ontology_elements|ont_count_domain_concepts|ont_total_positivo_mentions|ont_total_negativo_mentions|ont_total_neutro_mentions|ont_domain_score|ont_domain_density,0.5811987218753,0.6253869969040248,48,119,156,0.288,0.4634146341463415,0.5761316872427984,0.7040498442367601,10000,raw_float64
RF,drop_ethics,123,34,ont_InteligenciaArtificial_Positivo|ont_InteligenciaArtificial_Negativo|ont_InteligenciaArtificial_Neutro|ont_AprendizajeAutomatico_Positivo|ont_AprendizajeAutomatico_Negativo|ont_AprendizajeAutomatico_Neutro|ont_Tecnologia_Positivo|ont_Tecnologia_Negativo|ont_Tecnologia_Neutro|ont_Futuro_Positivo|ont_Futuro_Negativo|ont_Futuro_Neutro|ont_Datos_Positivo|ont_Datos_Negativo|ont_Datos_Neutro|ont_Algoritmo_Positivo|ont_Algoritmo_Negativo|ont_Algoritmo_Neutro|ont_Robot_Positivo|ont_Robot_Negativo|ont_Robot_Neutro|ont_Automatizacion_Positivo|ont_Automatizacion_Negativo|ont_Automatizacion_Neutro|ont_Innovacion_Positivo|ont_Innovacion_Negativo|ont_Innovacion_Neutro|ont_has_ontology_elements|ont_count_domain_concepts|ont_total_positivo_mentions|ont_total_negativo_mentions|ont_total_neutro_mentions|ont_domain_score|ont_domain_density,0.5790617086498734,0.6222910216718266,48,119,156,0.286,0.4634146341463415,0.5737704918032787,0.7,10000,raw_float64
RF,drop_innovation,123,34,ont_InteligenciaArtificial_Positivo|ont_InteligenciaArtificial_Negativo|ont_InteligenciaArtificial_Neutro|ont_AprendizajeAutomatico_Positivo|ont_AprendizajeAutomatico_Negativo|ont_AprendizajeAutomatico_Neutro|ont_Tecnologia_Positivo|ont_Tecnologia_Negativo|ont_Tecnologia_Neutro|ont_Futuro_Positivo|ont_Futuro_Negativo|ont_Futuro_Neutro|ont_Datos_Positivo|ont_Datos_Negativo|ont_Datos_Neutro|ont_Algoritmo_Positivo|ont_Algoritmo_Negativo|ont_Algoritmo_Neutro|ont_Robot_Positivo|ont_Robot_Negativo|ont_Robot_Neutro|ont_Automatizacion_Positivo|ont_Automatizacion_Negativo|ont_Automatizacion_Neutro|ont_Etica_Positivo|ont_Etica_Negativo|ont_Etica_Neutro|ont_has_ontology_elements|ont_count_domain_concepts|ont_total_positivo_mentions|ont_total_negativo_mentions|ont_total_neutro_mentions|ont_domain_score|ont_domain_density,0.5827605340145036,0.6222910216718266,48,119,156,0.2845,0.4810126582278481,0.5737704918032787,0.6934984520123839,10000,raw_float64
RF,drop_global_counts,123,30,ont_InteligenciaArtificial_Positivo|ont_InteligenciaArtificial_Negativo|ont_InteligenciaArtificial_Neutro|ont_AprendizajeAutomatico_Positivo|ont_AprendizajeAutomatico_Negativo|ont_AprendizajeAutomatico_Neutro|ont_Tecnologia_Positivo|ont_Tecnologia_Negativo|ont_Tecnologia_Neutro|ont_Futuro_Positivo|ont_Futuro_Negativo|ont_Futuro_Neutro|ont_Datos_Positivo|ont_Datos_Negativo|ont_Datos_Neutro|ont_Algoritmo_Positivo|ont_Algoritmo_Negativo|ont_Algoritmo_Neutro|ont_Robot_Positivo|ont_Robot_Negativo|ont_Robot_Neutro|ont_Automatizacion_Positivo|ont_Automatizacion_Negativo|ont_Automatizacion_Neutro|ont_Etica_Positivo|ont_Etica_Negativo|ont_Etica_Neutro|ont_Innovacion_Positivo|ont_Innovacion_Negativo|ont_Innovacion_Neutro,0.595355648081019,0.6346749226006192,48,119,156,0.2827,0.4819277108433735,0.6031746031746031,0.7009646302250804,10000,raw_float64
RF,BSL,2024,0,,0.5919379320949593,0.6346749226006192,48,119,156,0.2739,0.47058823529411764,0.6008230452674898,0.7044025157232704,10000,text_only
RF,ENR_full_37,2024,37,ont_InteligenciaArtificial_Positivo|ont_InteligenciaArtificial_Negativo|ont_InteligenciaArtificial_Neutro|ont_AprendizajeAutomatico_Positivo|ont_AprendizajeAutomatico_Negativo|ont_AprendizajeAutomatico_Neutro|ont_Tecnologia_Positivo|ont_Tecnologia_Negativo|ont_Tecnologia_Neutro|ont_Futuro_Positivo|ont_Futuro_Negativo|ont_Futuro_Neutro|ont_Datos_Positivo|ont_Datos_Negativo|ont_Datos_Neutro|ont_Algoritmo_Positivo|ont_Algoritmo_Negativo|ont_Algoritmo_Neutro|ont_Robot_Positivo|ont_Robot_Negativo|ont_Robot_Neutro|ont_Automatizacion_Positivo|ont_Automatizacion_Negativo|ont_Automatizacion_Neutro|ont_Etica_Positivo|ont_Etica_Negativo|ont_Etica_Neutro|ont_Innovacion_Positivo|ont_Innovacion_Negativo|ont_Innovacion_Neutro|ont_has_ontology_elements|ont_count_domain_concepts|ont_total_positivo_mentions|ont_total_negativo_mentions|ont_total_neutro_mentions|ont_domain_score|ont_domain_density,0.5772000432759926,0.6099071207430341,48,119,156,0.2867,0.5,0.5485232067510548,0.683076923076923,10000,raw_float64
RF,ENR_selected,2024,6,ont_domain_density|ont_total_negativo_mentions|ont_InteligenciaArtificial_Negativo|ont_Innovacion_Neutro|ont_Etica_Negativo|ont_Tecnologia_Neutro,0.6031437368335764,0.6501547987616099,48,119,156,0.273,0.47058823529411764,0.6115702479338843,0.7272727272727273,10000,raw_float64
RF,drop_ai,2024,34,ont_AprendizajeAutomatico_Positivo|ont_AprendizajeAutomatico_Negativo|ont_AprendizajeAutomatico_Neutro|ont_Tecnologia_Positivo|ont_Tecnologia_Negativo|ont_Tecnologia_Neutro|ont_Futuro_Positivo|ont_Futuro_Negativo|ont_Futuro_Neutro|ont_Datos_Positivo|ont_Datos_Negativo|ont_Datos_Neutro|ont_Algoritmo_Positivo|ont_Algoritmo_Negativo|ont_Algoritmo_Neutro|ont_Robot_Positivo|ont_Robot_Negativo|ont_Robot_Neutro|ont_Automatizacion_Positivo|ont_Automatizacion_Negativo|ont_Automatizacion_Neutro|ont_Etica_Positivo|ont_Etica_Negativo|ont_Etica_Neutro|ont_Innovacion_Positivo|ont_Innovacion_Negativo|ont_Innovacion_Neutro|ont_has_ontology_elements|ont_count_domain_concepts|ont_total_positivo_mentions|ont_total_negativo_mentions|ont_total_neutro_mentions|ont_domain_score|ont_domain_density,0.5902975020911906,0.6377708978328174,48,119,156,0.282,0.4634146341463415,0.5892116182572614,0.718266253869969,10000,raw_float64
RF,drop_ml,2024,34,ont_InteligenciaArtificial_Positivo|ont_InteligenciaArtificial_Negativo|ont_InteligenciaArtificial_Neutro|ont_Tecnologia_Positivo|ont_Tecnologia_Negativo|ont_Tecnologia_Neutro|ont_Futuro_Positivo|ont_Futuro_Negativo|ont_Futuro_Neutro|ont_Datos_Positivo|ont_Datos_Negativo|ont_Datos_Neutro|ont_Algoritmo_Positivo|ont_Algoritmo_Negativo|ont_Algoritmo_Neutro|ont_Robot_Positivo|ont_Robot_Negativo|ont_Robot_Neutro|ont_Automatizacion_Positivo|ont_Automatizacion_Negativo|ont_Automatizacion_Neutro|ont_Etica_Positivo|ont_Etica_Negativo|ont_Etica_Neutro|ont_Innovacion_Positivo|ont_Innovacion_Negativo|ont_Innovacion_Neutro|ont_has_ontology_elements|ont_count_domain_concepts|ont_total_positivo_mentions|ont_total_negativo_mentions|ont_total_neutro_mentions|ont_domain_score|ont_domain_density,0.5795755283688753,0.6191950464396285,48,119,156,0.288,0.47619047619047616,0.5690376569037657,0.6934984520123839,10000,raw_float64
RF,drop_technology,2024,34,ont_InteligenciaArtificial_Positivo|ont_InteligenciaArtificial_Negativo|ont_InteligenciaArtificial_Neutro|ont_AprendizajeAutomatico_Positivo|ont_AprendizajeAutomatico_Negativo|ont_AprendizajeAutomatico_Neutro|ont_Futuro_Positivo|ont_Futuro_Negativo|ont_Futuro_Neutro|ont_Datos_Positivo|ont_Datos_Negativo|ont_Datos_Neutro|ont_Algoritmo_Positivo|ont_Algoritmo_Negativo|ont_Algoritmo_Neutro|ont_Robot_Positivo|ont_Robot_Negativo|ont_Robot_Neutro|ont_Automatizacion_Positivo|ont_Automatizacion_Negativo|ont_Automatizacion_Neutro|ont_Etica_Positivo|ont_Etica_Negativo|ont_Etica_Neutro|ont_Innovacion_Positivo|ont_Innovacion_Negativo|ont_Innovacion_Neutro|ont_has_ontology_elements|ont_count_domain_concepts|ont_total_positivo_mentions|ont_total_negativo_mentions|ont_total_neutro_mentions|ont_domain_score|ont_domain_density,0.575945635478241,0.6191950464396285,48,119,156,0.2847,0.4634146341463415,0.5690376569037657,0.6953846153846154,10000,raw_float64
RF,drop_future,2024,34,ont_InteligenciaArtificial_Positivo|ont_InteligenciaArtificial_Negativo|ont_InteligenciaArtificial_Neutro|ont_AprendizajeAutomatico_Positivo|ont_AprendizajeAutomatico_Negativo|ont_AprendizajeAutomatico_Neutro|ont_Tecnologia_Positivo|ont_Tecnologia_Negativo|ont_Tecnologia_Neutro|ont_Datos_Positivo|ont_Datos_Negativo|ont_Datos_Neutro|ont_Algoritmo_Positivo|ont_Algoritmo_Negativo|ont_Algoritmo_Neutro|ont_Robot_Positivo|ont_Robot_Negativo|ont_Robot_Neutro|ont_Automatizacion_Positivo|ont_Automatizacion_Negativo|ont_Automatizacion_Neutro|ont_Etica_Positivo|ont_Etica_Negativo|ont_Etica_Neutro|ont_Innovacion_Positivo|ont_Innovacion_Negativo|ont_Innovacion_Neutro|ont_has_ontology_elements|ont_count_domain_concepts|ont_total_positivo_mentions|ont_total_negativo_mentions|ont_total_neutro_mentions|ont_domain_score|ont_domain_density,0.5756003181792978,0.6160990712074303,48,119,156,0.2876,0.475,0.5606694560669456,0.691131498470948,10000,raw_float64
RF,drop_data,2024,34,ont_InteligenciaArtificial_Positivo|ont_InteligenciaArtificial_Negativo|ont_InteligenciaArtificial_Neutro|ont_AprendizajeAutomatico_Positivo|ont_AprendizajeAutomatico_Negativo|ont_AprendizajeAutomatico_Neutro|ont_Tecnologia_Positivo|ont_Tecnologia_Negativo|ont_Tecnologia_Neutro|ont_Futuro_Positivo|ont_Futuro_Negativo|ont_Futuro_Neutro|ont_Algoritmo_Positivo|ont_Algoritmo_Negativo|ont_Algoritmo_Neutro|ont_Robot_Positivo|ont_Robot_Negativo|ont_Robot_Neutro|ont_Automatizacion_Positivo|ont_Automatizacion_Negativo|ont_Automatizacion_Neutro|ont_Etica_Positivo|ont_Etica_Negativo|ont_Etica_Neutro|ont_Innovacion_Positivo|ont_Innovacion_Negativo|ont_Innovacion_Neutro|ont_has_ontology_elements|ont_count_domain_concepts|ont_total_positivo_mentions|ont_total_negativo_mentions|ont_total_neutro_mentions|ont_domain_score|ont_domain_density,0.5780018286505054,0.6160990712074303,48,119,156,0.2884,0.4878048780487805,0.5531914893617021,0.6930091185410334,10000,raw_float64
RF,drop_algorithm,2024,34,ont_InteligenciaArtificial_Positivo|ont_InteligenciaArtificial_Negativo|ont_InteligenciaArtificial_Neutro|ont_AprendizajeAutomatico_Positivo|ont_AprendizajeAutomatico_Negativo|ont_AprendizajeAutomatico_Neutro|ont_Tecnologia_Positivo|ont_Tecnologia_Negativo|ont_Tecnologia_Neutro|ont_Futuro_Positivo|ont_Futuro_Negativo|ont_Futuro_Neutro|ont_Datos_Positivo|ont_Datos_Negativo|ont_Datos_Neutro|ont_Robot_Positivo|ont_Robot_Negativo|ont_Robot_Neutro|ont_Automatizacion_Positivo|ont_Automatizacion_Negativo|ont_Automatizacion_Neutro|ont_Etica_Positivo|ont_Etica_Negativo|ont_Etica_Neutro|ont_Innovacion_Positivo|ont_Innovacion_Negativo|ont_Innovacion_Neutro|ont_has_ontology_elements|ont_count_domain_concepts|ont_total_positivo_mentions|ont_total_negativo_mentions|ont_total_neutro_mentions|ont_domain_score|ont_domain_density,0.5647511241443004,0.6037151702786377,48,119,156,0.2918,0.4691358024691358,0.5462184873949579,0.6788990825688074,10000,raw_float64
RF,drop_robot,2024,34,ont_InteligenciaArtificial_Positivo|ont_InteligenciaArtificial_Negativo|ont_InteligenciaArtificial_Neutro|ont_AprendizajeAutomatico_Positivo|ont_AprendizajeAutomatico_Negativo|ont_AprendizajeAutomatico_Neutro|ont_Tecnologia_Positivo|ont_Tecnologia_Negativo|ont_Tecnologia_Neutro|ont_Futuro_Positivo|ont_Futuro_Negativo|ont_Futuro_Neutro|ont_Datos_Positivo|ont_Datos_Negativo|ont_Datos_Neutro|ont_Algoritmo_Positivo|ont_Algoritmo_Negativo|ont_Algoritmo_Neutro|ont_Automatizacion_Positivo|ont_Automatizacion_Negativo|ont_Automatizacion_Neutro|ont_Etica_Positivo|ont_Etica_Negativo|ont_Etica_Neutro|ont_Innovacion_Positivo|ont_Innovacion_Negativo|ont_Innovacion_Neutro|ont_has_ontology_elements|ont_count_domain_concepts|ont_total_positivo_mentions|ont_total_negativo_mentions|ont_total_neutro_mentions|ont_domain_score|ont_domain_density,0.5671359028323776,0.6130030959752322,48,119,156,0.2884,0.45569620253164556,0.5508474576271186,0.6948640483383686,10000,raw_float64
RF,drop_automation,2024,34,ont_InteligenciaArtificial_Positivo|ont_InteligenciaArtificial_Negativo|ont_InteligenciaArtificial_Neutro|ont_AprendizajeAutomatico_Positivo|ont_AprendizajeAutomatico_Negativo|ont_AprendizajeAutomatico_Neutro|ont_Tecnologia_Positivo|ont_Tecnologia_Negativo|ont_Tecnologia_Neutro|ont_Futuro_Positivo|ont_Futuro_Negativo|ont_Futuro_Neutro|ont_Datos_Positivo|ont_Datos_Negativo|ont_Datos_Neutro|ont_Algoritmo_Positivo|ont_Algoritmo_Negativo|ont_Algoritmo_Neutro|ont_Robot_Positivo|ont_Robot_Negativo|ont_Robot_Neutro|ont_Etica_Positivo|ont_Etica_Negativo|ont_Etica_Neutro|ont_Innovacion_Positivo|ont_Innovacion_Negativo|ont_Innovacion_Neutro|ont_has_ontology_elements|ont_count_domain_concepts|ont_total_positivo_mentions|ont_total_negativo_mentions|ont_total_neutro_mentions|ont_domain_score|ont_domain_density,0.5697946809976574,0.6130030959752322,48,119,156,0.2892,0.4634146341463415,0.5508474576271186,0.6951219512195121,10000,raw_float64
RF,drop_ethics,2024,34,ont_InteligenciaArtificial_Positivo|ont_InteligenciaArtificial_Negativo|ont_InteligenciaArtificial_Neutro|ont_AprendizajeAutomatico_Positivo|ont_AprendizajeAutomatico_Negativo|ont_AprendizajeAutomatico_Neutro|ont_Tecnologia_Positivo|ont_Tecnologia_Negativo|ont_Tecnologia_Neutro|ont_Futuro_Positivo|ont_Futuro_Negativo|ont_Futuro_Neutro|ont_Datos_Positivo|ont_Datos_Negativo|ont_Datos_Neutro|ont_Algoritmo_Positivo|ont_Algoritmo_Negativo|ont_Algoritmo_Neutro|ont_Robot_Positivo|ont_Robot_Negativo|ont_Robot_Neutro|ont_Automatizacion_Positivo|ont_Automatizacion_Negativo|ont_Automatizacion_Neutro|ont_Innovacion_Positivo|ont_Innovacion_Negativo|ont_Innovacion_Neutro|ont_has_ontology_elements|ont_count_domain_concepts|ont_total_positivo_mentions|ont_total_negativo_mentions|ont_total_neutro_mentions|ont_domain_score|ont_domain_density,0.5594169543536632,0.6099071207430341,48,119,156,0.2906,0.43037974683544306,0.5569620253164557,0.6909090909090909,10000,raw_float64
RF,drop_innovation,2024,34,ont_InteligenciaArtificial_Positivo|ont_InteligenciaArtificial_Negativo|ont_InteligenciaArtificial_Neutro|ont_AprendizajeAutomatico_Positivo|ont_AprendizajeAutomatico_Negativo|ont_AprendizajeAutomatico_Neutro|ont_Tecnologia_Positivo|ont_Tecnologia_Negativo|ont_Tecnologia_Neutro|ont_Futuro_Positivo|ont_Futuro_Negativo|ont_Futuro_Neutro|ont_Datos_Positivo|ont_Datos_Negativo|ont_Datos_Neutro|ont_Algoritmo_Positivo|ont_Algoritmo_Negativo|ont_Algoritmo_Neutro|ont_Robot_Positivo|ont_Robot_Negativo|ont_Robot_Neutro|ont_Automatizacion_Positivo|ont_Automatizacion_Negativo|ont_Automatizacion_Neutro|ont_Etica_Positivo|ont_Etica_Negativo|ont_Etica_Neutro|ont_has_ontology_elements|ont_count_domain_concepts|ont_total_positivo_mentions|ont_total_negativo_mentions|ont_total_neutro_mentions|ont_domain_score|ont_domain_density,0.5719748602802756,0.6191950464396285,48,119,156,0.2882,0.45569620253164556,0.559322033898305,0.7009063444108762,10000,raw_float64
RF,drop_global_counts,2024,30,ont_InteligenciaArtificial_Positivo|ont_InteligenciaArtificial_Negativo|ont_InteligenciaArtificial_Neutro|ont_AprendizajeAutomatico_Positivo|ont_AprendizajeAutomatico_Negativo|ont_AprendizajeAutomatico_Neutro|ont_Tecnologia_Positivo|ont_Tecnologia_Negativo|ont_Tecnologia_Neutro|ont_Futuro_Positivo|ont_Futuro_Negativo|ont_Futuro_Neutro|ont_Datos_Positivo|ont_Datos_Negativo|ont_Datos_Neutro|ont_Algoritmo_Positivo|ont_Algoritmo_Negativo|ont_Algoritmo_Neutro|ont_Robot_Positivo|ont_Robot_Negativo|ont_Robot_Neutro|ont_Automatizacion_Positivo|ont_Automatizacion_Negativo|ont_Automatizacion_Neutro|ont_Etica_Positivo|ont_Etica_Negativo|ont_Etica_Neutro|ont_Innovacion_Positivo|ont_Innovacion_Negativo|ont_Innovacion_Neutro,0.5634561403508772,0.6068111455108359,48,119,156,0.2807,0.4473684210526316,0.568,0.675,10000,raw_float64
XGB,BSL,42,0,,0.5423917429133932,0.628482972136223,48,119,156,4.4875,0.3291139240506329,0.5545454545454546,0.7435158501440923,10000,text_only
XGB,ENR_full_37,42,37,ont_InteligenciaArtificial_Positivo|ont_InteligenciaArtificial_Negativo|ont_InteligenciaArtificial_Neutro|ont_AprendizajeAutomatico_Positivo|ont_AprendizajeAutomatico_Negativo|ont_AprendizajeAutomatico_Neutro|ont_Tecnologia_Positivo|ont_Tecnologia_Negativo|ont_Tecnologia_Neutro|ont_Futuro_Positivo|ont_Futuro_Negativo|ont_Futuro_Neutro|ont_Datos_Positivo|ont_Datos_Negativo|ont_Datos_Neutro|ont_Algoritmo_Positivo|ont_Algoritmo_Negativo|ont_Algoritmo_Neutro|ont_Robot_Positivo|ont_Robot_Negativo|ont_Robot_Neutro|ont_Automatizacion_Positivo|ont_Automatizacion_Negativo|ont_Automatizacion_Neutro|ont_Etica_Positivo|ont_Etica_Negativo|ont_Etica_Neutro|ont_Innovacion_Positivo|ont_Innovacion_Negativo|ont_Innovacion_Neutro|ont_has_ontology_elements|ont_count_domain_concepts|ont_total_positivo_mentions|ont_total_negativo_mentions|ont_total_neutro_mentions|ont_domain_score|ont_domain_density,0.5676260700059327,0.6563467492260062,48,119,156,4.6541,0.34210526315789475,0.5955555555555555,0.7652173913043478,10000,raw_float64
XGB,ENR_selected,42,6,ont_domain_density|ont_total_negativo_mentions|ont_InteligenciaArtificial_Negativo|ont_Innovacion_Neutro|ont_Etica_Negativo|ont_Tecnologia_Neutro,0.5535572158290211,0.6408668730650154,48,119,156,4.6171,0.33766233766233766,0.5701357466063348,0.7528735632183908,10000,raw_float64
XGB,drop_ai,42,34,ont_AprendizajeAutomatico_Positivo|ont_AprendizajeAutomatico_Negativo|ont_AprendizajeAutomatico_Neutro|ont_Tecnologia_Positivo|ont_Tecnologia_Negativo|ont_Tecnologia_Neutro|ont_Futuro_Positivo|ont_Futuro_Negativo|ont_Futuro_Neutro|ont_Datos_Positivo|ont_Datos_Negativo|ont_Datos_Neutro|ont_Algoritmo_Positivo|ont_Algoritmo_Negativo|ont_Algoritmo_Neutro|ont_Robot_Positivo|ont_Robot_Negativo|ont_Robot_Neutro|ont_Automatizacion_Positivo|ont_Automatizacion_Negativo|ont_Automatizacion_Neutro|ont_Etica_Positivo|ont_Etica_Negativo|ont_Etica_Neutro|ont_Innovacion_Positivo|ont_Innovacion_Negativo|ont_Innovacion_Neutro|ont_has_ontology_elements|ont_count_domain_concepts|ont_total_positivo_mentions|ont_total_negativo_mentions|ont_total_neutro_mentions|ont_domain_score|ont_domain_density,0.5403436677637733,0.631578947368421,48,119,156,4.6276,0.3291139240506329,0.5327102803738317,0.7592067988668555,10000,raw_float64
XGB,drop_ml,42,34,ont_InteligenciaArtificial_Positivo|ont_InteligenciaArtificial_Negativo|ont_InteligenciaArtificial_Neutro|ont_Tecnologia_Positivo|ont_Tecnologia_Negativo|ont_Tecnologia_Neutro|ont_Futuro_Positivo|ont_Futuro_Negativo|ont_Futuro_Neutro|ont_Datos_Positivo|ont_Datos_Negativo|ont_Datos_Neutro|ont_Algoritmo_Positivo|ont_Algoritmo_Negativo|ont_Algoritmo_Neutro|ont_Robot_Positivo|ont_Robot_Negativo|ont_Robot_Neutro|ont_Automatizacion_Positivo|ont_Automatizacion_Negativo|ont_Automatizacion_Neutro|ont_Etica_Positivo|ont_Etica_Negativo|ont_Etica_Neutro|ont_Innovacion_Positivo|ont_Innovacion_Negativo|ont_Innovacion_Neutro|ont_has_ontology_elements|ont_count_domain_concepts|ont_total_positivo_mentions|ont_total_negativo_mentions|ont_total_neutro_mentions|ont_domain_score|ont_domain_density,0.5582982794515333,0.6439628482972136,48,119,156,4.6751,0.345679012345679,0.5662100456621004,0.7630057803468208,10000,raw_float64
XGB,drop_technology,42,34,ont_InteligenciaArtificial_Positivo|ont_InteligenciaArtificial_Negativo|ont_InteligenciaArtificial_Neutro|ont_AprendizajeAutomatico_Positivo|ont_AprendizajeAutomatico_Negativo|ont_AprendizajeAutomatico_Neutro|ont_Futuro_Positivo|ont_Futuro_Negativo|ont_Futuro_Neutro|ont_Datos_Positivo|ont_Datos_Negativo|ont_Datos_Neutro|ont_Algoritmo_Positivo|ont_Algoritmo_Negativo|ont_Algoritmo_Neutro|ont_Robot_Positivo|ont_Robot_Negativo|ont_Robot_Neutro|ont_Automatizacion_Positivo|ont_Automatizacion_Negativo|ont_Automatizacion_Neutro|ont_Etica_Positivo|ont_Etica_Negativo|ont_Etica_Neutro|ont_Innovacion_Positivo|ont_Innovacion_Negativo|ont_Innovacion_Neutro|ont_has_ontology_elements|ont_count_domain_concepts|ont_total_positivo_mentions|ont_total_negativo_mentions|ont_total_neutro_mentions|ont_domain_score|ont_domain_density,0.5598208637500126,0.6470588235294118,48,119,156,4.6323,0.34146341463414637,0.5714285714285714,0.7665706051873199,10000,raw_float64
XGB,drop_future,42,34,ont_InteligenciaArtificial_Positivo|ont_InteligenciaArtificial_Negativo|ont_InteligenciaArtificial_Neutro|ont_AprendizajeAutomatico_Positivo|ont_AprendizajeAutomatico_Negativo|ont_AprendizajeAutomatico_Neutro|ont_Tecnologia_Positivo|ont_Tecnologia_Negativo|ont_Tecnologia_Neutro|ont_Datos_Positivo|ont_Datos_Negativo|ont_Datos_Neutro|ont_Algoritmo_Positivo|ont_Algoritmo_Negativo|ont_Algoritmo_Neutro|ont_Robot_Positivo|ont_Robot_Negativo|ont_Robot_Neutro|ont_Automatizacion_Positivo|ont_Automatizacion_Negativo|ont_Automatizacion_Neutro|ont_Etica_Positivo|ont_Etica_Negativo|ont_Etica_Neutro|ont_Innovacion_Positivo|ont_Innovacion_Negativo|ont_Innovacion_Neutro|ont_has_ontology_elements|ont_count_domain_concepts|ont_total_positivo_mentions|ont_total_negativo_mentions|ont_total_neutro_mentions|ont_domain_score|ont_domain_density,0.5538298615991467,0.6408668730650154,48,119,156,4.6264,0.345679012345679,0.5566037735849056,0.7592067988668555,10000,raw_float64
XGB,drop_data,42,34,ont_InteligenciaArtificial_Positivo|ont_InteligenciaArtificial_Negativo|ont_InteligenciaArtificial_Neutro|ont_AprendizajeAutomatico_Positivo|ont_AprendizajeAutomatico_Negativo|ont_AprendizajeAutomatico_Neutro|ont_Tecnologia_Positivo|ont_Tecnologia_Negativo|ont_Tecnologia_Neutro|ont_Futuro_Positivo|ont_Futuro_Negativo|ont_Futuro_Neutro|ont_Algoritmo_Positivo|ont_Algoritmo_Negativo|ont_Algoritmo_Neutro|ont_Robot_Positivo|ont_Robot_Negativo|ont_Robot_Neutro|ont_Automatizacion_Positivo|ont_Automatizacion_Negativo|ont_Automatizacion_Neutro|ont_Etica_Positivo|ont_Etica_Negativo|ont_Etica_Neutro|ont_Innovacion_Positivo|ont_Innovacion_Negativo|ont_Innovacion_Neutro|ont_has_ontology_elements|ont_count_domain_concepts|ont_total_positivo_mentions|ont_total_negativo_mentions|ont_total_neutro_mentions|ont_domain_score|ont_domain_density,0.5652543313019266,0.6408668730650154,48,119,156,4.6184,0.3855421686746988,0.5529953917050692,0.7572254335260116,10000,raw_float64
XGB,drop_algorithm,42,34,ont_InteligenciaArtificial_Positivo|ont_InteligenciaArtificial_Negativo|ont_InteligenciaArtificial_Neutro|ont_AprendizajeAutomatico_Positivo|ont_AprendizajeAutomatico_Negativo|ont_AprendizajeAutomatico_Neutro|ont_Tecnologia_Positivo|ont_Tecnologia_Negativo|ont_Tecnologia_Neutro|ont_Futuro_Positivo|ont_Futuro_Negativo|ont_Futuro_Neutro|ont_Datos_Positivo|ont_Datos_Negativo|ont_Datos_Neutro|ont_Robot_Positivo|ont_Robot_Negativo|ont_Robot_Neutro|ont_Automatizacion_Positivo|ont_Automatizacion_Negativo|ont_Automatizacion_Neutro|ont_Etica_Positivo|ont_Etica_Negativo|ont_Etica_Neutro|ont_Innovacion_Positivo|ont_Innovacion_Negativo|ont_Innovacion_Neutro|ont_has_ontology_elements|ont_count_domain_concepts|ont_total_positivo_mentions|ont_total_negativo_mentions|ont_total_neutro_mentions|ont_domain_score|ont_domain_density,0.5572269675559774,0.6408668730650154,48,119,156,4.675,0.35,0.5688073394495413,0.7528735632183908,10000,raw_float64
XGB,drop_robot,42,34,ont_InteligenciaArtificial_Positivo|ont_InteligenciaArtificial_Negativo|ont_InteligenciaArtificial_Neutro|ont_AprendizajeAutomatico_Positivo|ont_AprendizajeAutomatico_Negativo|ont_AprendizajeAutomatico_Neutro|ont_Tecnologia_Positivo|ont_Tecnologia_Negativo|ont_Tecnologia_Neutro|ont_Futuro_Positivo|ont_Futuro_Negativo|ont_Futuro_Neutro|ont_Datos_Positivo|ont_Datos_Negativo|ont_Datos_Neutro|ont_Algoritmo_Positivo|ont_Algoritmo_Negativo|ont_Algoritmo_Neutro|ont_Automatizacion_Positivo|ont_Automatizacion_Negativo|ont_Automatizacion_Neutro|ont_Etica_Positivo|ont_Etica_Negativo|ont_Etica_Neutro|ont_Innovacion_Positivo|ont_Innovacion_Negativo|ont_Innovacion_Neutro|ont_has_ontology_elements|ont_count_domain_concepts|ont_total_positivo_mentions|ont_total_negativo_mentions|ont_total_neutro_mentions|ont_domain_score|ont_domain_density,0.5643865595124162,0.6501547987616099,48,119,156,4.6552,0.345679012345679,0.5844748858447488,0.7630057803468208,10000,raw_float64
XGB,drop_automation,42,34,ont_InteligenciaArtificial_Positivo|ont_InteligenciaArtificial_Negativo|ont_InteligenciaArtificial_Neutro|ont_AprendizajeAutomatico_Positivo|ont_AprendizajeAutomatico_Negativo|ont_AprendizajeAutomatico_Neutro|ont_Tecnologia_Positivo|ont_Tecnologia_Negativo|ont_Tecnologia_Neutro|ont_Futuro_Positivo|ont_Futuro_Negativo|ont_Futuro_Neutro|ont_Datos_Positivo|ont_Datos_Negativo|ont_Datos_Neutro|ont_Algoritmo_Positivo|ont_Algoritmo_Negativo|ont_Algoritmo_Neutro|ont_Robot_Positivo|ont_Robot_Negativo|ont_Robot_Neutro|ont_Etica_Positivo|ont_Etica_Negativo|ont_Etica_Neutro|ont_Innovacion_Positivo|ont_Innovacion_Negativo|ont_Innovacion_Neutro|ont_has_ontology_elements|ont_count_domain_concepts|ont_total_positivo_mentions|ont_total_negativo_mentions|ont_total_neutro_mentions|ont_domain_score|ont_domain_density,0.5481902356902357,0.6377708978328174,48,119,156,4.6973,0.3333333333333333,0.5555555555555556,0.7556818181818182,10000,raw_float64
XGB,drop_ethics,42,34,ont_InteligenciaArtificial_Positivo|ont_InteligenciaArtificial_Negativo|ont_InteligenciaArtificial_Neutro|ont_AprendizajeAutomatico_Positivo|ont_AprendizajeAutomatico_Negativo|ont_AprendizajeAutomatico_Neutro|ont_Tecnologia_Positivo|ont_Tecnologia_Negativo|ont_Tecnologia_Neutro|ont_Futuro_Positivo|ont_Futuro_Negativo|ont_Futuro_Neutro|ont_Datos_Positivo|ont_Datos_Negativo|ont_Datos_Neutro|ont_Algoritmo_Positivo|ont_Algoritmo_Negativo|ont_Algoritmo_Neutro|ont_Robot_Positivo|ont_Robot_Negativo|ont_Robot_Neutro|ont_Automatizacion_Positivo|ont_Automatizacion_Negativo|ont_Automatizacion_Neutro|ont_Innovacion_Positivo|ont_Innovacion_Negativo|ont_Innovacion_Neutro|ont_has_ontology_elements|ont_count_domain_concepts|ont_total_positivo_mentions|ont_total_negativo_mentions|ont_total_neutro_mentions|ont_domain_score|ont_domain_density,0.5481902356902357,0.6377708978328174,48,119,156,4.6971,0.3333333333333333,0.5555555555555556,0.7556818181818182,10000,raw_float64
XGB,drop_innovation,42,34,ont_InteligenciaArtificial_Positivo|ont_InteligenciaArtificial_Negativo|ont_InteligenciaArtificial_Neutro|ont_AprendizajeAutomatico_Positivo|ont_AprendizajeAutomatico_Negativo|ont_AprendizajeAutomatico_Neutro|ont_Tecnologia_Positivo|ont_Tecnologia_Negativo|ont_Tecnologia_Neutro|ont_Futuro_Positivo|ont_Futuro_Negativo|ont_Futuro_Neutro|ont_Datos_Positivo|ont_Datos_Negativo|ont_Datos_Neutro|ont_Algoritmo_Positivo|ont_Algoritmo_Negativo|ont_Algoritmo_Neutro|ont_Robot_Positivo|ont_Robot_Negativo|ont_Robot_Neutro|ont_Automatizacion_Positivo|ont_Automatizacion_Negativo|ont_Automatizacion_Neutro|ont_Etica_Positivo|ont_Etica_Negativo|ont_Etica_Neutro|ont_has_ontology_elements|ont_count_domain_concepts|ont_total_positivo_mentions|ont_total_negativo_mentions|ont_total_neutro_mentions|ont_domain_score|ont_domain_density,0.5739319163356559,0.6563467492260062,48,119,156,4.6563,0.36585365853658536,0.5871559633027523,0.7687861271676301,10000,raw_float64
XGB,drop_global_counts,42,30,ont_InteligenciaArtificial_Positivo|ont_InteligenciaArtificial_Negativo|ont_InteligenciaArtificial_Neutro|ont_AprendizajeAutomatico_Positivo|ont_AprendizajeAutomatico_Negativo|ont_AprendizajeAutomatico_Neutro|ont_Tecnologia_Positivo|ont_Tecnologia_Negativo|ont_Tecnologia_Neutro|ont_Futuro_Positivo|ont_Futuro_Negativo|ont_Futuro_Neutro|ont_Datos_Positivo|ont_Datos_Negativo|ont_Datos_Neutro|ont_Algoritmo_Positivo|ont_Algoritmo_Negativo|ont_Algoritmo_Neutro|ont_Robot_Positivo|ont_Robot_Negativo|ont_Robot_Neutro|ont_Automatizacion_Positivo|ont_Automatizacion_Negativo|ont_Automatizacion_Neutro|ont_Etica_Positivo|ont_Etica_Negativo|ont_Etica_Neutro|ont_Innovacion_Positivo|ont_Innovacion_Negativo|ont_Innovacion_Neutro,0.5353912752945278,0.6253869969040248,48,119,156,4.5086,0.3170731707317073,0.5296803652968036,0.7594202898550725,10000,raw_float64
XGB,BSL,123,0,,0.5194562033904232,0.6191950464396285,48,119,156,4.4907,0.29333333333333333,0.5164319248826291,0.7486033519553073,10000,text_only
XGB,ENR_full_37,123,37,ont_InteligenciaArtificial_Positivo|ont_InteligenciaArtificial_Negativo|ont_InteligenciaArtificial_Neutro|ont_AprendizajeAutomatico_Positivo|ont_AprendizajeAutomatico_Negativo|ont_AprendizajeAutomatico_Neutro|ont_Tecnologia_Positivo|ont_Tecnologia_Negativo|ont_Tecnologia_Neutro|ont_Futuro_Positivo|ont_Futuro_Negativo|ont_Futuro_Neutro|ont_Datos_Positivo|ont_Datos_Negativo|ont_Datos_Neutro|ont_Algoritmo_Positivo|ont_Algoritmo_Negativo|ont_Algoritmo_Neutro|ont_Robot_Positivo|ont_Robot_Negativo|ont_Robot_Neutro|ont_Automatizacion_Positivo|ont_Automatizacion_Negativo|ont_Automatizacion_Neutro|ont_Etica_Positivo|ont_Etica_Negativo|ont_Etica_Neutro|ont_Innovacion_Positivo|ont_Innovacion_Negativo|ont_Innovacion_Neutro|ont_has_ontology_elements|ont_count_domain_concepts|ont_total_positivo_mentions|ont_total_negativo_mentions|ont_total_neutro_mentions|ont_domain_score|ont_domain_density,0.5398317114071806,0.628482972136223,48,119,156,4.6387,0.325,0.543778801843318,0.7507163323782235,10000,raw_float64
XGB,ENR_selected,123,6,ont_domain_density|ont_total_negativo_mentions|ont_InteligenciaArtificial_Negativo|ont_Innovacion_Neutro|ont_Etica_Negativo|ont_Tecnologia_Neutro,0.5707129708297932,0.653250773993808,48,119,156,4.6064,0.375,0.5700934579439252,0.7670454545454546,10000,raw_float64
XGB,drop_ai,123,34,ont_AprendizajeAutomatico_Positivo|ont_AprendizajeAutomatico_Negativo|ont_AprendizajeAutomatico_Neutro|ont_Tecnologia_Positivo|ont_Tecnologia_Negativo|ont_Tecnologia_Neutro|ont_Futuro_Positivo|ont_Futuro_Negativo|ont_Futuro_Neutro|ont_Datos_Positivo|ont_Datos_Negativo|ont_Datos_Neutro|ont_Algoritmo_Positivo|ont_Algoritmo_Negativo|ont_Algoritmo_Neutro|ont_Robot_Positivo|ont_Robot_Negativo|ont_Robot_Neutro|ont_Automatizacion_Positivo|ont_Automatizacion_Negativo|ont_Automatizacion_Neutro|ont_Etica_Positivo|ont_Etica_Negativo|ont_Etica_Neutro|ont_Innovacion_Positivo|ont_Innovacion_Negativo|ont_Innovacion_Neutro|ont_has_ontology_elements|ont_count_domain_concepts|ont_total_positivo_mentions|ont_total_negativo_mentions|ont_total_neutro_mentions|ont_domain_score|ont_domain_density,0.5372057444263748,0.6346749226006192,48,119,156,4.6183,0.29333333333333333,0.5675675675675675,0.7507163323782235,10000,raw_float64
XGB,drop_ml,123,34,ont_InteligenciaArtificial_Positivo|ont_InteligenciaArtificial_Negativo|ont_InteligenciaArtificial_Neutro|ont_Tecnologia_Positivo|ont_Tecnologia_Negativo|ont_Tecnologia_Neutro|ont_Futuro_Positivo|ont_Futuro_Negativo|ont_Futuro_Neutro|ont_Datos_Positivo|ont_Datos_Negativo|ont_Datos_Neutro|ont_Algoritmo_Positivo|ont_Algoritmo_Negativo|ont_Algoritmo_Neutro|ont_Robot_Positivo|ont_Robot_Negativo|ont_Robot_Neutro|ont_Automatizacion_Positivo|ont_Automatizacion_Negativo|ont_Automatizacion_Neutro|ont_Etica_Positivo|ont_Etica_Negativo|ont_Etica_Neutro|ont_Innovacion_Positivo|ont_Innovacion_Negativo|ont_Innovacion_Neutro|ont_has_ontology_elements|ont_count_domain_concepts|ont_total_positivo_mentions|ont_total_negativo_mentions|ont_total_neutro_mentions|ont_domain_score|ont_domain_density,0.5699626600789391,0.653250773993808,48,119,156,4.6167,0.358974358974359,0.5892857142857143,0.7616279069767442,10000,raw_float64
XGB,drop_technology,123,34,ont_InteligenciaArtificial_Positivo|ont_InteligenciaArtificial_Negativo|ont_InteligenciaArtificial_Neutro|ont_AprendizajeAutomatico_Positivo|ont_AprendizajeAutomatico_Negativo|ont_AprendizajeAutomatico_Neutro|ont_Futuro_Positivo|ont_Futuro_Negativo|ont_Futuro_Neutro|ont_Datos_Positivo|ont_Datos_Negativo|ont_Datos_Neutro|ont_Algoritmo_Positivo|ont_Algoritmo_Negativo|ont_Algoritmo_Neutro|ont_Robot_Positivo|ont_Robot_Negativo|ont_Robot_Neutro|ont_Automatizacion_Positivo|ont_Automatizacion_Negativo|ont_Automatizacion_Neutro|ont_Etica_Positivo|ont_Etica_Negativo|ont_Etica_Neutro|ont_Innovacion_Positivo|ont_Innovacion_Negativo|ont_Innovacion_Neutro|ont_has_ontology_elements|ont_count_domain_concepts|ont_total_positivo_mentions|ont_total_negativo_mentions|ont_total_neutro_mentions|ont_domain_score|ont_domain_density,0.5799331870564747,0.6594427244582043,48,119,156,4.5723,0.38961038961038963,0.5844748858447488,0.7657142857142857,10000,raw_float64
XGB,drop_future,123,34,ont_InteligenciaArtificial_Positivo|ont_InteligenciaArtificial_Negativo|ont_InteligenciaArtificial_Neutro|ont_AprendizajeAutomatico_Positivo|ont_AprendizajeAutomatico_Negativo|ont_AprendizajeAutomatico_Neutro|ont_Tecnologia_Positivo|ont_Tecnologia_Negativo|ont_Tecnologia_Neutro|ont_Datos_Positivo|ont_Datos_Negativo|ont_Datos_Neutro|ont_Algoritmo_Positivo|ont_Algoritmo_Negativo|ont_Algoritmo_Neutro|ont_Robot_Positivo|ont_Robot_Negativo|ont_Robot_Neutro|ont_Automatizacion_Positivo|ont_Automatizacion_Negativo|ont_Automatizacion_Neutro|ont_Etica_Positivo|ont_Etica_Negativo|ont_Etica_Neutro|ont_Innovacion_Positivo|ont_Innovacion_Negativo|ont_Innovacion_Neutro|ont_has_ontology_elements|ont_count_domain_concepts|ont_total_positivo_mentions|ont_total_negativo_mentions|ont_total_neutro_mentions|ont_domain_score|ont_domain_density,0.5678175618073317,0.653250773993808,48,119,156,4.593,0.35,0.5882352941176471,0.7652173913043478,10000,raw_float64
XGB,drop_data,123,34,ont_InteligenciaArtificial_Positivo|ont_InteligenciaArtificial_Negativo|ont_InteligenciaArtificial_Neutro|ont_AprendizajeAutomatico_Positivo|ont_AprendizajeAutomatico_Negativo|ont_AprendizajeAutomatico_Neutro|ont_Tecnologia_Positivo|ont_Tecnologia_Negativo|ont_Tecnologia_Neutro|ont_Futuro_Positivo|ont_Futuro_Negativo|ont_Futuro_Neutro|ont_Algoritmo_Positivo|ont_Algoritmo_Negativo|ont_Algoritmo_Neutro|ont_Robot_Positivo|ont_Robot_Negativo|ont_Robot_Neutro|ont_Automatizacion_Positivo|ont_Automatizacion_Negativo|ont_Automatizacion_Neutro|ont_Etica_Positivo|ont_Etica_Negativo|ont_Etica_Neutro|ont_Innovacion_Positivo|ont_Innovacion_Negativo|ont_Innovacion_Neutro|ont_has_ontology_elements|ont_count_domain_concepts|ont_total_positivo_mentions|ont_total_negativo_mentions|ont_total_neutro_mentions|ont_domain_score|ont_domain_density,0.5664787517291645,0.6501547987616099,48,119,156,4.6279,0.35443037974683544,0.5855855855855856,0.7594202898550725,10000,raw_float64
XGB,drop_algorithm,123,34,ont_InteligenciaArtificial_Positivo|ont_InteligenciaArtificial_Negativo|ont_InteligenciaArtificial_Neutro|ont_AprendizajeAutomatico_Positivo|ont_AprendizajeAutomatico_Negativo|ont_AprendizajeAutomatico_Neutro|ont_Tecnologia_Positivo|ont_Tecnologia_Negativo|ont_Tecnologia_Neutro|ont_Futuro_Positivo|ont_Futuro_Negativo|ont_Futuro_Neutro|ont_Datos_Positivo|ont_Datos_Negativo|ont_Datos_Neutro|ont_Robot_Positivo|ont_Robot_Negativo|ont_Robot_Neutro|ont_Automatizacion_Positivo|ont_Automatizacion_Negativo|ont_Automatizacion_Neutro|ont_Etica_Positivo|ont_Etica_Negativo|ont_Etica_Neutro|ont_Innovacion_Positivo|ont_Innovacion_Negativo|ont_Innovacion_Neutro|ont_has_ontology_elements|ont_count_domain_concepts|ont_total_positivo_mentions|ont_total_negativo_mentions|ont_total_neutro_mentions|ont_domain_score|ont_domain_density,0.5647135538640714,0.6501547987616099,48,119,156,4.6184,0.35443037974683544,0.5753424657534246,0.764367816091954,10000,raw_float64
XGB,drop_robot,123,34,ont_InteligenciaArtificial_Positivo|ont_InteligenciaArtificial_Negativo|ont_InteligenciaArtificial_Neutro|ont_AprendizajeAutomatico_Positivo|ont_AprendizajeAutomatico_Negativo|ont_AprendizajeAutomatico_Neutro|ont_Tecnologia_Positivo|ont_Tecnologia_Negativo|ont_Tecnologia_Neutro|ont_Futuro_Positivo|ont_Futuro_Negativo|ont_Futuro_Neutro|ont_Datos_Positivo|ont_Datos_Negativo|ont_Datos_Neutro|ont_Algoritmo_Positivo|ont_Algoritmo_Negativo|ont_Algoritmo_Neutro|ont_Automatizacion_Positivo|ont_Automatizacion_Negativo|ont_Automatizacion_Neutro|ont_Etica_Positivo|ont_Etica_Negativo|ont_Etica_Neutro|ont_Innovacion_Positivo|ont_Innovacion_Negativo|ont_Innovacion_Neutro|ont_has_ontology_elements|ont_count_domain_concepts|ont_total_positivo_mentions|ont_total_negativo_mentions|ont_total_neutro_mentions|ont_domain_score|ont_domain_density,0.5593391642371234,0.6470588235294118,48,119,156,4.6222,0.3333333333333333,0.5866666666666667,0.7580174927113703,10000,raw_float64
XGB,drop_automation,123,34,ont_InteligenciaArtificial_Positivo|ont_InteligenciaArtificial_Negativo|ont_InteligenciaArtificial_Neutro|ont_AprendizajeAutomatico_Positivo|ont_AprendizajeAutomatico_Negativo|ont_AprendizajeAutomatico_Neutro|ont_Tecnologia_Positivo|ont_Tecnologia_Negativo|ont_Tecnologia_Neutro|ont_Futuro_Positivo|ont_Futuro_Negativo|ont_Futuro_Neutro|ont_Datos_Positivo|ont_Datos_Negativo|ont_Datos_Neutro|ont_Algoritmo_Positivo|ont_Algoritmo_Negativo|ont_Algoritmo_Neutro|ont_Robot_Positivo|ont_Robot_Negativo|ont_Robot_Neutro|ont_Etica_Positivo|ont_Etica_Negativo|ont_Etica_Neutro|ont_Innovacion_Positivo|ont_Innovacion_Negativo|ont_Innovacion_Neutro|ont_has_ontology_elements|ont_count_domain_concepts|ont_total_positivo_mentions|ont_total_negativo_mentions|ont_total_neutro_mentions|ont_domain_score|ont_domain_density,0.5588807871045519,0.6439628482972136,48,119,156,4.5861,0.35443037974683544,0.5622119815668203,0.76,10000,raw_float64
XGB,drop_ethics,123,34,ont_InteligenciaArtificial_Positivo|ont_InteligenciaArtificial_Negativo|ont_InteligenciaArtificial_Neutro|ont_AprendizajeAutomatico_Positivo|ont_AprendizajeAutomatico_Negativo|ont_AprendizajeAutomatico_Neutro|ont_Tecnologia_Positivo|ont_Tecnologia_Negativo|ont_Tecnologia_Neutro|ont_Futuro_Positivo|ont_Futuro_Negativo|ont_Futuro_Neutro|ont_Datos_Positivo|ont_Datos_Negativo|ont_Datos_Neutro|ont_Algoritmo_Positivo|ont_Algoritmo_Negativo|ont_Algoritmo_Neutro|ont_Robot_Positivo|ont_Robot_Negativo|ont_Robot_Neutro|ont_Automatizacion_Positivo|ont_Automatizacion_Negativo|ont_Automatizacion_Neutro|ont_Innovacion_Positivo|ont_Innovacion_Negativo|ont_Innovacion_Neutro|ont_has_ontology_elements|ont_count_domain_concepts|ont_total_positivo_mentions|ont_total_negativo_mentions|ont_total_neutro_mentions|ont_domain_score|ont_domain_density,0.5535252860834255,0.6408668730650154,48,119,156,4.5938,0.3333333333333333,0.5714285714285714,0.7558139534883721,10000,raw_float64
XGB,drop_innovation,123,34,ont_InteligenciaArtificial_Positivo|ont_InteligenciaArtificial_Negativo|ont_InteligenciaArtificial_Neutro|ont_AprendizajeAutomatico_Positivo|ont_AprendizajeAutomatico_Negativo|ont_AprendizajeAutomatico_Neutro|ont_Tecnologia_Positivo|ont_Tecnologia_Negativo|ont_Tecnologia_Neutro|ont_Futuro_Positivo|ont_Futuro_Negativo|ont_Futuro_Neutro|ont_Datos_Positivo|ont_Datos_Negativo|ont_Datos_Neutro|ont_Algoritmo_Positivo|ont_Algoritmo_Negativo|ont_Algoritmo_Neutro|ont_Robot_Positivo|ont_Robot_Negativo|ont_Robot_Neutro|ont_Automatizacion_Positivo|ont_Automatizacion_Negativo|ont_Automatizacion_Neutro|ont_Etica_Positivo|ont_Etica_Negativo|ont_Etica_Neutro|ont_has_ontology_elements|ont_count_domain_concepts|ont_total_positivo_mentions|ont_total_negativo_mentions|ont_total_neutro_mentions|ont_domain_score|ont_domain_density,0.5550369301607606,0.6439628482972136,48,119,156,4.6073,0.3291139240506329,0.5765765765765766,0.7594202898550725,10000,raw_float64
XGB,drop_global_counts,123,30,ont_InteligenciaArtificial_Positivo|ont_InteligenciaArtificial_Negativo|ont_InteligenciaArtificial_Neutro|ont_AprendizajeAutomatico_Positivo|ont_AprendizajeAutomatico_Negativo|ont_AprendizajeAutomatico_Neutro|ont_Tecnologia_Positivo|ont_Tecnologia_Negativo|ont_Tecnologia_Neutro|ont_Futuro_Positivo|ont_Futuro_Negativo|ont_Futuro_Neutro|ont_Datos_Positivo|ont_Datos_Negativo|ont_Datos_Neutro|ont_Algoritmo_Positivo|ont_Algoritmo_Negativo|ont_Algoritmo_Neutro|ont_Robot_Positivo|ont_Robot_Negativo|ont_Robot_Neutro|ont_Automatizacion_Positivo|ont_Automatizacion_Negativo|ont_Automatizacion_Neutro|ont_Etica_Positivo|ont_Etica_Negativo|ont_Etica_Neutro|ont_Innovacion_Positivo|ont_Innovacion_Negativo|ont_Innovacion_Neutro,0.5597609789327351,0.6377708978328174,48,119,156,4.4684,0.37037037037037035,0.5596330275229358,0.7492795389048992,10000,raw_float64
XGB,BSL,2024,0,,0.523693219710677,0.6160990712074303,48,119,156,4.4855,0.3037974683544304,0.5158371040723982,0.7514450867052023,10000,text_only
XGB,ENR_full_37,2024,37,ont_InteligenciaArtificial_Positivo|ont_InteligenciaArtificial_Negativo|ont_InteligenciaArtificial_Neutro|ont_AprendizajeAutomatico_Positivo|ont_AprendizajeAutomatico_Negativo|ont_AprendizajeAutomatico_Neutro|ont_Tecnologia_Positivo|ont_Tecnologia_Negativo|ont_Tecnologia_Neutro|ont_Futuro_Positivo|ont_Futuro_Negativo|ont_Futuro_Neutro|ont_Datos_Positivo|ont_Datos_Negativo|ont_Datos_Neutro|ont_Algoritmo_Positivo|ont_Algoritmo_Negativo|ont_Algoritmo_Neutro|ont_Robot_Positivo|ont_Robot_Negativo|ont_Robot_Neutro|ont_Automatizacion_Positivo|ont_Automatizacion_Negativo|ont_Automatizacion_Neutro|ont_Etica_Positivo|ont_Etica_Negativo|ont_Etica_Neutro|ont_Innovacion_Positivo|ont_Innovacion_Negativo|ont_Innovacion_Neutro|ont_has_ontology_elements|ont_count_domain_concepts|ont_total_positivo_mentions|ont_total_negativo_mentions|ont_total_neutro_mentions|ont_domain_score|ont_domain_density,0.6093084234677155,0.6749226006191951,48,119,156,4.6258,0.4444444444444444,0.6106194690265486,0.7728613569321534,10000,raw_float64
XGB,ENR_selected,2024,6,ont_domain_density|ont_total_negativo_mentions|ont_InteligenciaArtificial_Negativo|ont_Innovacion_Neutro|ont_Etica_Negativo|ont_Tecnologia_Neutro,0.528851564902634,0.6346749226006192,48,119,156,4.6311,0.2702702702702703,0.5570776255707762,0.7592067988668555,10000,raw_float64
XGB,drop_ai,2024,34,ont_AprendizajeAutomatico_Positivo|ont_AprendizajeAutomatico_Negativo|ont_AprendizajeAutomatico_Neutro|ont_Tecnologia_Positivo|ont_Tecnologia_Negativo|ont_Tecnologia_Neutro|ont_Futuro_Positivo|ont_Futuro_Negativo|ont_Futuro_Neutro|ont_Datos_Positivo|ont_Datos_Negativo|ont_Datos_Neutro|ont_Algoritmo_Positivo|ont_Algoritmo_Negativo|ont_Algoritmo_Neutro|ont_Robot_Positivo|ont_Robot_Negativo|ont_Robot_Neutro|ont_Automatizacion_Positivo|ont_Automatizacion_Negativo|ont_Automatizacion_Neutro|ont_Etica_Positivo|ont_Etica_Negativo|ont_Etica_Neutro|ont_Innovacion_Positivo|ont_Innovacion_Negativo|ont_Innovacion_Neutro|ont_has_ontology_elements|ont_count_domain_concepts|ont_total_positivo_mentions|ont_total_negativo_mentions|ont_total_neutro_mentions|ont_domain_score|ont_domain_density,0.5292475484264206,0.628482972136223,48,119,156,4.6502,0.27848101265822783,0.5520361990950227,0.7572254335260116,10000,raw_float64
XGB,drop_ml,2024,34,ont_InteligenciaArtificial_Positivo|ont_InteligenciaArtificial_Negativo|ont_InteligenciaArtificial_Neutro|ont_Tecnologia_Positivo|ont_Tecnologia_Negativo|ont_Tecnologia_Neutro|ont_Futuro_Positivo|ont_Futuro_Negativo|ont_Futuro_Neutro|ont_Datos_Positivo|ont_Datos_Negativo|ont_Datos_Neutro|ont_Algoritmo_Positivo|ont_Algoritmo_Negativo|ont_Algoritmo_Neutro|ont_Robot_Positivo|ont_Robot_Negativo|ont_Robot_Neutro|ont_Automatizacion_Positivo|ont_Automatizacion_Negativo|ont_Automatizacion_Neutro|ont_Etica_Positivo|ont_Etica_Negativo|ont_Etica_Neutro|ont_Innovacion_Positivo|ont_Innovacion_Negativo|ont_Innovacion_Neutro|ont_has_ontology_elements|ont_count_domain_concepts|ont_total_positivo_mentions|ont_total_negativo_mentions|ont_total_neutro_mentions|ont_domain_score|ont_domain_density,0.5706366919477488,0.6563467492260062,48,119,156,4.6178,0.35443037974683544,0.5909090909090909,0.7665706051873199,10000,raw_float64
XGB,drop_technology,2024,34,ont_InteligenciaArtificial_Positivo|ont_InteligenciaArtificial_Negativo|ont_InteligenciaArtificial_Neutro|ont_AprendizajeAutomatico_Positivo|ont_AprendizajeAutomatico_Negativo|ont_AprendizajeAutomatico_Neutro|ont_Futuro_Positivo|ont_Futuro_Negativo|ont_Futuro_Neutro|ont_Datos_Positivo|ont_Datos_Negativo|ont_Datos_Neutro|ont_Algoritmo_Positivo|ont_Algoritmo_Negativo|ont_Algoritmo_Neutro|ont_Robot_Positivo|ont_Robot_Negativo|ont_Robot_Neutro|ont_Automatizacion_Positivo|ont_Automatizacion_Negativo|ont_Automatizacion_Neutro|ont_Etica_Positivo|ont_Etica_Negativo|ont_Etica_Neutro|ont_Innovacion_Positivo|ont_Innovacion_Negativo|ont_Innovacion_Neutro|ont_has_ontology_elements|ont_count_domain_concepts|ont_total_positivo_mentions|ont_total_negativo_mentions|ont_total_neutro_mentions|ont_domain_score|ont_domain_density,0.5576385634189102,0.6470588235294118,48,119,156,4.6247,0.3333333333333333,0.5765765765765766,0.7630057803468208,10000,raw_float64
XGB,drop_future,2024,34,ont_InteligenciaArtificial_Positivo|ont_InteligenciaArtificial_Negativo|ont_InteligenciaArtificial_Neutro|ont_AprendizajeAutomatico_Positivo|ont_AprendizajeAutomatico_Negativo|ont_AprendizajeAutomatico_Neutro|ont_Tecnologia_Positivo|ont_Tecnologia_Negativo|ont_Tecnologia_Neutro|ont_Datos_Positivo|ont_Datos_Negativo|ont_Datos_Neutro|ont_Algoritmo_Positivo|ont_Algoritmo_Negativo|ont_Algoritmo_Neutro|ont_Robot_Positivo|ont_Robot_Negativo|ont_Robot_Neutro|ont_Automatizacion_Positivo|ont_Automatizacion_Negativo|ont_Automatizacion_Neutro|ont_Etica_Positivo|ont_Etica_Negativo|ont_Etica_Neutro|ont_Innovacion_Positivo|ont_Innovacion_Negativo|ont_Innovacion_Neutro|ont_has_ontology_elements|ont_count_domain_concepts|ont_total_positivo_mentions|ont_total_negativo_mentions|ont_total_neutro_mentions|ont_domain_score|ont_domain_density,0.5756723206962046,0.6501547987616099,48,119,156,4.6416,0.4,0.5662100456621004,0.760806916426513,10000,raw_float64
XGB,drop_data,2024,34,ont_InteligenciaArtificial_Positivo|ont_InteligenciaArtificial_Negativo|ont_InteligenciaArtificial_Neutro|ont_AprendizajeAutomatico_Positivo|ont_AprendizajeAutomatico_Negativo|ont_AprendizajeAutomatico_Neutro|ont_Tecnologia_Positivo|ont_Tecnologia_Negativo|ont_Tecnologia_Neutro|ont_Futuro_Positivo|ont_Futuro_Negativo|ont_Futuro_Neutro|ont_Algoritmo_Positivo|ont_Algoritmo_Negativo|ont_Algoritmo_Neutro|ont_Robot_Positivo|ont_Robot_Negativo|ont_Robot_Neutro|ont_Automatizacion_Positivo|ont_Automatizacion_Negativo|ont_Automatizacion_Neutro|ont_Etica_Positivo|ont_Etica_Negativo|ont_Etica_Neutro|ont_Innovacion_Positivo|ont_Innovacion_Negativo|ont_Innovacion_Neutro|ont_has_ontology_elements|ont_count_domain_concepts|ont_total_positivo_mentions|ont_total_negativo_mentions|ont_total_neutro_mentions|ont_domain_score|ont_domain_density,0.5513148864559686,0.6408668730650154,48,119,156,4.593,0.3291139240506329,0.5662100456621004,0.7586206896551724,10000,raw_float64
XGB,drop_algorithm,2024,34,ont_InteligenciaArtificial_Positivo|ont_InteligenciaArtificial_Negativo|ont_InteligenciaArtificial_Neutro|ont_AprendizajeAutomatico_Positivo|ont_AprendizajeAutomatico_Negativo|ont_AprendizajeAutomatico_Neutro|ont_Tecnologia_Positivo|ont_Tecnologia_Negativo|ont_Tecnologia_Neutro|ont_Futuro_Positivo|ont_Futuro_Negativo|ont_Futuro_Neutro|ont_Datos_Positivo|ont_Datos_Negativo|ont_Datos_Neutro|ont_Robot_Positivo|ont_Robot_Negativo|ont_Robot_Neutro|ont_Automatizacion_Positivo|ont_Automatizacion_Negativo|ont_Automatizacion_Neutro|ont_Etica_Positivo|ont_Etica_Negativo|ont_Etica_Neutro|ont_Innovacion_Positivo|ont_Innovacion_Negativo|ont_Innovacion_Neutro|ont_has_ontology_elements|ont_count_domain_concepts|ont_total_positivo_mentions|ont_total_negativo_mentions|ont_total_neutro_mentions|ont_domain_score|ont_domain_density,0.5661421422483692,0.6439628482972136,48,119,156,4.6292,0.379746835443038,0.5636363636363636,0.7550432276657061,10000,raw_float64
XGB,drop_robot,2024,34,ont_InteligenciaArtificial_Positivo|ont_InteligenciaArtificial_Negativo|ont_InteligenciaArtificial_Neutro|ont_AprendizajeAutomatico_Positivo|ont_AprendizajeAutomatico_Negativo|ont_AprendizajeAutomatico_Neutro|ont_Tecnologia_Positivo|ont_Tecnologia_Negativo|ont_Tecnologia_Neutro|ont_Futuro_Positivo|ont_Futuro_Negativo|ont_Futuro_Neutro|ont_Datos_Positivo|ont_Datos_Negativo|ont_Datos_Neutro|ont_Algoritmo_Positivo|ont_Algoritmo_Negativo|ont_Algoritmo_Neutro|ont_Automatizacion_Positivo|ont_Automatizacion_Negativo|ont_Automatizacion_Neutro|ont_Etica_Positivo|ont_Etica_Negativo|ont_Etica_Neutro|ont_Innovacion_Positivo|ont_Innovacion_Negativo|ont_Innovacion_Neutro|ont_has_ontology_elements|ont_count_domain_concepts|ont_total_positivo_mentions|ont_total_negativo_mentions|ont_total_neutro_mentions|ont_domain_score|ont_domain_density,0.5266915787161136,0.6222910216718266,48,119,156,4.6156,0.2894736842105263,0.547085201793722,0.7435158501440923,10000,raw_float64
XGB,drop_automation,2024,34,ont_InteligenciaArtificial_Positivo|ont_InteligenciaArtificial_Negativo|ont_InteligenciaArtificial_Neutro|ont_AprendizajeAutomatico_Positivo|ont_AprendizajeAutomatico_Negativo|ont_AprendizajeAutomatico_Neutro|ont_Tecnologia_Positivo|ont_Tecnologia_Negativo|ont_Tecnologia_Neutro|ont_Futuro_Positivo|ont_Futuro_Negativo|ont_Futuro_Neutro|ont_Datos_Positivo|ont_Datos_Negativo|ont_Datos_Neutro|ont_Algoritmo_Positivo|ont_Algoritmo_Negativo|ont_Algoritmo_Neutro|ont_Robot_Positivo|ont_Robot_Negativo|ont_Robot_Neutro|ont_Etica_Positivo|ont_Etica_Negativo|ont_Etica_Neutro|ont_Innovacion_Positivo|ont_Innovacion_Negativo|ont_Innovacion_Neutro|ont_has_ontology_elements|ont_count_domain_concepts|ont_total_positivo_mentions|ont_total_negativo_mentions|ont_total_neutro_mentions|ont_domain_score|ont_domain_density,0.5579846838582001,0.6408668730650154,48,119,156,4.6388,0.35443037974683544,0.5688073394495413,0.7507163323782235,10000,raw_float64
XGB,drop_ethics,2024,34,ont_InteligenciaArtificial_Positivo|ont_InteligenciaArtificial_Negativo|ont_InteligenciaArtificial_Neutro|ont_AprendizajeAutomatico_Positivo|ont_AprendizajeAutomatico_Negativo|ont_AprendizajeAutomatico_Neutro|ont_Tecnologia_Positivo|ont_Tecnologia_Negativo|ont_Tecnologia_Neutro|ont_Futuro_Positivo|ont_Futuro_Negativo|ont_Futuro_Neutro|ont_Datos_Positivo|ont_Datos_Negativo|ont_Datos_Neutro|ont_Algoritmo_Positivo|ont_Algoritmo_Negativo|ont_Algoritmo_Neutro|ont_Robot_Positivo|ont_Robot_Negativo|ont_Robot_Neutro|ont_Automatizacion_Positivo|ont_Automatizacion_Negativo|ont_Automatizacion_Neutro|ont_Innovacion_Positivo|ont_Innovacion_Negativo|ont_Innovacion_Neutro|ont_has_ontology_elements|ont_count_domain_concepts|ont_total_positivo_mentions|ont_total_negativo_mentions|ont_total_neutro_mentions|ont_domain_score|ont_domain_density,0.5471536852078481,0.628482972136223,48,119,156,4.6378,0.35,0.547945205479452,0.7435158501440923,10000,raw_float64
XGB,drop_innovation,2024,34,ont_InteligenciaArtificial_Positivo|ont_InteligenciaArtificial_Negativo|ont_InteligenciaArtificial_Neutro|ont_AprendizajeAutomatico_Positivo|ont_AprendizajeAutomatico_Negativo|ont_AprendizajeAutomatico_Neutro|ont_Tecnologia_Positivo|ont_Tecnologia_Negativo|ont_Tecnologia_Neutro|ont_Futuro_Positivo|ont_Futuro_Negativo|ont_Futuro_Neutro|ont_Datos_Positivo|ont_Datos_Negativo|ont_Datos_Neutro|ont_Algoritmo_Positivo|ont_Algoritmo_Negativo|ont_Algoritmo_Neutro|ont_Robot_Positivo|ont_Robot_Negativo|ont_Robot_Neutro|ont_Automatizacion_Positivo|ont_Automatizacion_Negativo|ont_Automatizacion_Neutro|ont_Etica_Positivo|ont_Etica_Negativo|ont_Etica_Neutro|ont_has_ontology_elements|ont_count_domain_concepts|ont_total_positivo_mentions|ont_total_negativo_mentions|ont_total_neutro_mentions|ont_domain_score|ont_domain_density,0.5501015600079991,0.6377708978328174,48,119,156,4.6306,0.3291139240506329,0.5675675675675675,0.7536231884057971,10000,raw_float64
XGB,drop_global_counts,2024,30,ont_InteligenciaArtificial_Positivo|ont_InteligenciaArtificial_Negativo|ont_InteligenciaArtificial_Neutro|ont_AprendizajeAutomatico_Positivo|ont_AprendizajeAutomatico_Negativo|ont_AprendizajeAutomatico_Neutro|ont_Tecnologia_Positivo|ont_Tecnologia_Negativo|ont_Tecnologia_Neutro|ont_Futuro_Positivo|ont_Futuro_Negativo|ont_Futuro_Neutro|ont_Datos_Positivo|ont_Datos_Negativo|ont_Datos_Neutro|ont_Algoritmo_Positivo|ont_Algoritmo_Negativo|ont_Algoritmo_Neutro|ont_Robot_Positivo|ont_Robot_Negativo|ont_Robot_Neutro|ont_Automatizacion_Positivo|ont_Automatizacion_Negativo|ont_Automatizacion_Neutro|ont_Etica_Positivo|ont_Etica_Negativo|ont_Etica_Neutro|ont_Innovacion_Positivo|ont_Innovacion_Negativo|ont_Innovacion_Neutro,0.5494719189324199,0.6377708978328174,48,119,156,4.5174,0.3333333333333333,0.5462962962962963,0.7687861271676301,10000,raw_float64
